-- phpMyAdmin SQL Dump
-- version 4.5.4.1deb2ubuntu2
-- http://www.phpmyadmin.net
--
-- Host: localhost
-- Generation Time: Aug 30, 2017 at 03:32 PM
-- Server version: 5.7.19-0ubuntu0.16.04.1
-- PHP Version: 7.0.22-0ubuntu0.16.04.1

SET SQL_MODE = "NO_AUTO_VALUE_ON_ZERO";
SET time_zone = "+00:00";


/*!40101 SET @OLD_CHARACTER_SET_CLIENT=@@CHARACTER_SET_CLIENT */;
/*!40101 SET @OLD_CHARACTER_SET_RESULTS=@@CHARACTER_SET_RESULTS */;
/*!40101 SET @OLD_COLLATION_CONNECTION=@@COLLATION_CONNECTION */;
/*!40101 SET NAMES utf8mb4 */;

--
-- Database: `chandigarhmc`
--

-- --------------------------------------------------------

--
-- Table structure for table `anganwadis`
--

CREATE TABLE `anganwadis` (
  `id` int(11) NOT NULL,
  `name` varchar(255) DEFAULT NULL,
  `dtcode` varchar(50) DEFAULT NULL,
  `pjcode` varchar(50) DEFAULT NULL,
  `awc_code` varchar(50) DEFAULT NULL,
  `awc_type` varchar(50) DEFAULT NULL,
  `block_id` int(11) DEFAULT NULL,
  `circle_id` int(11) DEFAULT NULL,
  `rbsk_team_id` int(11) DEFAULT NULL,
  `city` varchar(90) DEFAULT NULL,
  `address` text,
  `landmark` varchar(90) DEFAULT NULL,
  `pin_code` varchar(50) DEFAULT NULL,
  `delete_status` int(11) NOT NULL DEFAULT '0',
  `created` timestamp NOT NULL DEFAULT CURRENT_TIMESTAMP
) ENGINE=InnoDB DEFAULT CHARSET=latin1;

--
-- Dumping data for table `anganwadis`
--

INSERT INTO `anganwadis` (`id`, `name`, `dtcode`, `pjcode`, `awc_code`, `awc_type`, `block_id`, `circle_id`, `rbsk_team_id`, `city`, `address`, `landmark`, `pin_code`, `delete_status`, `created`) VALUES
(1, 'FATEHPUR', '69', '606903', '6069030101', 'AWC', 4, 8, 1, NULL, NULL, NULL, NULL, 0, '2017-06-01 06:46:59'),
(2, 'MAJRI-1', '69', '606903', '6069030102', 'AWC', 4, 8, 1, NULL, NULL, NULL, NULL, 0, '2017-06-01 06:46:59'),
(3, 'MAJRI-2', '69', '606903', '6069030103', 'AWC', 4, 8, 1, NULL, NULL, NULL, NULL, 0, '2017-06-01 06:46:59'),
(4, 'DEVINAGAR-1', '69', '606903', '6069030104', 'AWC', 4, 8, 1, NULL, NULL, NULL, NULL, 0, '2017-06-01 06:46:59'),
(5, 'DEVINAGAR-2', '69', '606903', '6069030105', 'AWC', 4, 8, 1, NULL, NULL, NULL, NULL, 0, '2017-06-01 06:46:59'),
(6, 'MAHESHPUR-1', '69', '606903', '6069030106', 'AWC', 4, 8, 1, NULL, NULL, NULL, NULL, 0, '2017-06-01 06:46:59'),
(7, 'MADRASI COLONY', '69', '606903', '6069030107', 'AWC', 4, 8, 1, NULL, NULL, NULL, NULL, 0, '2017-06-01 06:46:59'),
(8, 'ABEHPUR-1', '69', '606903', '6069030108', 'AWC', 4, 8, 1, NULL, NULL, NULL, NULL, 0, '2017-06-01 06:46:59'),
(9, 'ABEHPUR-2', '69', '606903', '6069030109', 'AWC', 4, 8, 1, NULL, NULL, NULL, NULL, 0, '2017-06-01 06:46:59'),
(10, 'ABEHPUR-3', '69', '606903', '6069030110', 'AWC', 4, 8, 1, NULL, NULL, NULL, NULL, 0, '2017-06-01 06:46:59'),
(11, 'BUDDENPUR-1', '69', '606903', '6069030111', 'AWC', 4, 8, 1, NULL, NULL, NULL, NULL, 0, '2017-06-01 06:46:59'),
(12, 'BUDDENPUR-2', '69', '606903', '6069030112', 'AWC', 4, 8, 1, NULL, NULL, NULL, NULL, 0, '2017-06-01 06:46:59'),
(13, 'BUDDENPUR-3', '69', '606903', '6069030113', 'AWC', 4, 8, 1, NULL, NULL, NULL, NULL, 0, '2017-06-01 06:46:59'),
(14, 'HARIPUR-1', '69', '606903', '6069030114', 'AWC', 4, 8, 1, NULL, NULL, NULL, NULL, 0, '2017-06-01 06:46:59'),
(15, 'HARIPUR-2', '69', '606903', '6069030115', 'AWC', 4, 8, 1, NULL, NULL, NULL, NULL, 0, '2017-06-01 06:46:59'),
(16, 'HARIPUR-3', '69', '606903', '6069030116', 'AWC', 4, 8, 1, NULL, NULL, NULL, NULL, 0, '2017-06-01 06:46:59'),
(17, 'BHAINSA TIBBA', '69', '606903', '6069030117', 'AWC', 4, 8, 1, NULL, NULL, NULL, NULL, 0, '2017-06-01 06:46:59'),
(18, 'SAKETRI-1', '69', '606903', '6069030118', 'AWC', 4, 8, 1, NULL, NULL, NULL, NULL, 0, '2017-06-01 06:46:59'),
(19, 'SAKETRI-2', '69', '606903', '6069030119', 'AWC', 4, 8, 1, NULL, NULL, NULL, NULL, 0, '2017-06-01 06:46:59'),
(20, 'RALLY', '69', '606903', '6069030120', 'AWC', 4, 8, 1, NULL, NULL, NULL, NULL, 0, '2017-06-01 06:46:59'),
(21, 'RELLA', '69', '606903', '6069030126', 'AWC', 4, 8, 1, NULL, NULL, NULL, NULL, 0, '2017-06-01 06:46:59'),
(22, 'MAHADEVPURA', '69', '606903', '6069030127', 'AWC', 4, 8, 1, NULL, NULL, NULL, NULL, 0, '2017-06-01 06:46:59'),
(23, 'INDRA COLONY-1', '69', '606903', '6069030302', 'AWC', 4, 10, 1, NULL, NULL, NULL, NULL, 0, '2017-06-01 06:46:59'),
(24, 'INDRA COLONY-2', '69', '606903', '6069030303', 'AWC', 4, 10, 1, NULL, NULL, NULL, NULL, 0, '2017-06-01 06:47:00'),
(25, 'INDRA COLONY-3', '69', '606903', '6069030304', 'AWC', 4, 10, 1, NULL, NULL, NULL, NULL, 0, '2017-06-01 06:47:00'),
(26, 'INDRA COLONY-4', '69', '606903', '6069030305', 'AWC', 4, 10, 1, NULL, NULL, NULL, NULL, 0, '2017-06-01 06:47:00'),
(27, 'INDRA COLONY-5', '69', '606903', '6069030306', 'AWC', 4, 10, 1, NULL, NULL, NULL, NULL, 0, '2017-06-01 06:47:00'),
(28, 'INDRA COLONY-6', '69', '606903', '6069030307', 'AWC', 4, 10, 1, NULL, NULL, NULL, NULL, 0, '2017-06-01 06:47:00'),
(29, 'INDRA COLONY-7', '69', '606903', '6069030308', 'AWC', 4, 10, 1, NULL, NULL, NULL, NULL, 0, '2017-06-01 06:47:00'),
(30, 'INDRA COLONY-8', '69', '606903', '6069030309', 'Mini AWC', 4, 10, 1, NULL, NULL, NULL, NULL, 0, '2017-06-01 06:47:00'),
(31, 'INDRA COLONY-9', '69', '606903', '6069030310', 'AWC', 4, 10, 1, NULL, NULL, NULL, NULL, 0, '2017-06-01 06:47:00'),
(32, 'INDRA COLONY-10', '69', '606903', '6069030311', 'AWC', 4, 10, 1, NULL, NULL, NULL, NULL, 0, '2017-06-01 06:47:00'),
(33, 'RAJIV COLONY-1', '69', '606903', '6069030312', 'AWC', 4, 10, 1, NULL, NULL, NULL, NULL, 0, '2017-06-01 06:47:00'),
(34, 'RAJIV COLONY-2', '69', '606903', '6069030313', 'AWC', 4, 10, 1, NULL, NULL, NULL, NULL, 0, '2017-06-01 06:47:00'),
(35, 'RAJIV COLONY-3', '69', '606903', '6069030314', 'AWC', 4, 10, 1, NULL, NULL, NULL, NULL, 0, '2017-06-01 06:47:00'),
(36, 'RAJIV COLONY-4', '69', '606903', '6069030315', 'AWC', 4, 10, 1, NULL, NULL, NULL, NULL, 0, '2017-06-01 06:47:00'),
(37, 'RAJIV COLONY-5', '69', '606903', '6069030316', 'AWC', 4, 10, 1, NULL, NULL, NULL, NULL, 0, '2017-06-01 06:47:00'),
(38, 'RAJIV COLONY-6', '69', '606903', '6069030317', 'AWC', 4, 10, 1, NULL, NULL, NULL, NULL, 0, '2017-06-01 06:47:00'),
(39, 'RAJIV COLONY-7', '69', '606903', '6069030318', 'AWC', 4, 10, 1, NULL, NULL, NULL, NULL, 0, '2017-06-01 06:47:00'),
(40, 'RAJIV COLONY-8', '69', '606903', '6069030319', 'AWC', 4, 10, 1, NULL, NULL, NULL, NULL, 0, '2017-06-01 06:47:00'),
(41, 'RAJIV COLONY-9', '69', '606903', '6069030320', 'AWC', 4, 10, 1, NULL, NULL, NULL, NULL, 0, '2017-06-01 06:47:00'),
(42, 'RAJIV COLONY-10', '69', '606903', '6069030321', 'AWC', 4, 10, 1, NULL, NULL, NULL, NULL, 0, '2017-06-01 06:47:00'),
(43, 'RAJIV COLONY-11', '69', '606903', '6069030322', 'AWC', 4, 10, 1, NULL, NULL, NULL, NULL, 0, '2017-06-01 06:47:00'),
(44, 'RAJIV COLONY-12', '69', '606903', '6069030323', 'AWC', 4, 10, 1, NULL, NULL, NULL, NULL, 0, '2017-06-01 06:47:00'),
(45, 'RAJIV COLONY-13', '69', '606903', '6069030324', 'AWC', 4, 10, 1, NULL, NULL, NULL, NULL, 0, '2017-06-01 06:47:00'),
(46, 'RAJIV COLONY-14', '69', '606903', '6069030325', 'AWC', 4, 10, 1, NULL, NULL, NULL, NULL, 0, '2017-06-01 06:47:00'),
(47, 'RAJIV COLONY-15', '69', '606903', '6069030326', 'AWC', 4, 10, 1, NULL, NULL, NULL, NULL, 0, '2017-06-01 06:47:00'),
(48, 'RAJIV COLONY-16', '69', '606903', '6069030327', 'Mini AWC', 4, 10, 1, NULL, NULL, NULL, NULL, 0, '2017-06-01 06:47:00'),
(49, 'RAJIV COLONY-17', '69', '606903', '6069030328', 'AWC', 4, 10, 1, NULL, NULL, NULL, NULL, 0, '2017-06-01 06:47:00'),
(50, 'NADA-1', '69', '606903', '6069030329', 'AWC', 4, 10, 1, NULL, NULL, NULL, NULL, 0, '2017-06-01 06:47:00'),
(51, 'NADA-2', '69', '606903', '6069030330', 'AWC', 4, 10, 1, NULL, NULL, NULL, NULL, 0, '2017-06-01 06:47:00'),
(52, 'NADA-3', '69', '606903', '6069030331', 'AWC', 4, 10, 1, NULL, NULL, NULL, NULL, 0, '2017-06-01 06:47:00'),
(53, 'NADA-4', '69', '606903', '6069030332', 'AWC', 4, 10, 1, NULL, NULL, NULL, NULL, 0, '2017-06-01 06:47:00'),
(54, 'CHOWKY-1', '69', '606903', '6069030333', 'AWC', 4, 10, 1, NULL, NULL, NULL, NULL, 0, '2017-06-01 06:47:00'),
(55, 'CHOWKY-2', '69', '606903', '6069030334', 'Mini AWC', 4, 10, 1, NULL, NULL, NULL, NULL, 0, '2017-06-01 06:47:00'),
(56, 'AZAD COLONY-1', '69', '606903', '6069030402', 'AWC', 4, 11, 1, NULL, NULL, NULL, NULL, 0, '2017-06-01 06:47:00'),
(57, 'AZAD COLONY-2', '69', '606903', '6069030403', 'AWC', 4, 11, 1, NULL, NULL, NULL, NULL, 0, '2017-06-01 06:47:00'),
(58, 'AZAD COLONY-3', '69', '606903', '6069030404', 'AWC', 4, 11, 1, NULL, NULL, NULL, NULL, 0, '2017-06-01 06:47:00'),
(59, 'AZAD COLONY-4', '69', '606903', '6069030405', 'AWC', 4, 11, 1, NULL, NULL, NULL, NULL, 0, '2017-06-01 06:47:00'),
(60, 'AZAD COLONY-5', '69', '606903', '6069030406', 'AWC', 4, 11, 1, NULL, NULL, NULL, NULL, 0, '2017-06-01 06:47:00'),
(61, 'AZAD COLONY-6', '69', '606903', '6069030407', 'AWC', 4, 11, 1, NULL, NULL, NULL, NULL, 0, '2017-06-01 06:47:00'),
(62, 'AZAD COLONY-7', '69', '606903', '6069030408', 'AWC', 4, 11, 1, NULL, NULL, NULL, NULL, 0, '2017-06-01 06:47:00'),
(63, 'AZAD COLONY-8', '69', '606903', '6069030409', 'Mini AWC', 4, 11, 1, NULL, NULL, NULL, NULL, 0, '2017-06-01 06:47:00'),
(64, 'AZAD COLONY-9', '69', '606903', '6069030410', 'AWC', 4, 11, 1, NULL, NULL, NULL, NULL, 0, '2017-06-01 06:47:00'),
(65, 'KHARAG MANGOLI', '69', '606903', '6069030421', 'AWC', 4, 11, 1, NULL, NULL, NULL, NULL, 0, '2017-06-01 06:47:01'),
(66, 'KHARAG MANGOLI', '69', '606903', '6069030422', 'AWC', 4, 11, 1, NULL, NULL, NULL, NULL, 0, '2017-06-01 06:47:01'),
(67, 'KHARAG MANGOLI', '69', '606903', '6069030423', 'AWC', 4, 11, 1, NULL, NULL, NULL, NULL, 0, '2017-06-01 06:47:01'),
(68, 'KHARAG MANGOLI', '69', '606903', '6069030424', 'AWC', 4, 11, 1, NULL, NULL, NULL, NULL, 0, '2017-06-01 06:47:01'),
(69, 'KUNDI', '69', '606903', '6069030425', 'AWC', 4, 11, 1, NULL, NULL, NULL, NULL, 0, '2017-06-01 06:47:01'),
(70, 'BARWALA-1', '69', '606901', '6069010101', 'AWC', 1, 1, 2, NULL, NULL, NULL, NULL, 0, '2017-06-01 06:47:01'),
(71, 'BARWALA-2', '69', '606901', '6069010102', 'AWC', 1, 1, 2, NULL, NULL, NULL, NULL, 0, '2017-06-01 06:47:01'),
(72, 'BARWALA-3', '69', '606901', '6069010103', 'AWC', 1, 1, 2, NULL, NULL, NULL, NULL, 0, '2017-06-01 06:47:01'),
(73, 'BARWALA-4', '69', '606901', '6069010104', 'AWC', 1, 1, 2, NULL, NULL, NULL, NULL, 0, '2017-06-01 06:47:01'),
(74, 'BARWALA-5', '69', '606901', '6069010105', 'AWC', 1, 1, 2, NULL, NULL, NULL, NULL, 0, '2017-06-01 06:47:01'),
(75, 'BARWALA-9', '69', '606901', '6069010106', 'AWC', 1, 1, 2, NULL, NULL, NULL, NULL, 0, '2017-06-01 06:47:01'),
(76, 'BARWALA-10', '69', '606901', '6069010107', 'AWC', 1, 1, 2, NULL, NULL, NULL, NULL, 0, '2017-06-01 06:47:01'),
(77, 'BARWALA-11', '69', '606901', '6069010108', 'AWC', 1, 1, 2, NULL, NULL, NULL, NULL, 0, '2017-06-01 06:47:01'),
(78, 'BARWALA-12', '69', '606901', '6069010109', 'AWC', 1, 1, 2, NULL, NULL, NULL, NULL, 0, '2017-06-01 06:47:01'),
(79, 'BHAGWANPUR-1', '69', '606901', '6069010110', 'AWC', 1, 1, 2, NULL, NULL, NULL, NULL, 0, '2017-06-01 06:47:01'),
(80, 'BHAGWANPUR-2', '69', '606901', '6069010111', 'Mini AWC', 1, 1, 2, NULL, NULL, NULL, NULL, 0, '2017-06-01 06:47:01'),
(81, 'BHARELI-1', '69', '606901', '6069010112', 'AWC', 1, 1, 2, NULL, NULL, NULL, NULL, 0, '2017-06-01 06:47:01'),
(82, 'BHARELI-2', '69', '606901', '6069010113', 'AWC', 1, 1, 2, NULL, NULL, NULL, NULL, 0, '2017-06-01 06:47:01'),
(83, 'BHARELI-3', '69', '606901', '6069010114', 'AWC', 1, 1, 2, NULL, NULL, NULL, NULL, 0, '2017-06-01 06:47:01'),
(84, 'BHARELI-TOWN', '69', '606901', '6069010115', 'AWC', 1, 1, 2, NULL, NULL, NULL, NULL, 0, '2017-06-01 06:47:01'),
(85, 'SULTAN PUR', '69', '606901', '6069010116', 'AWC', 1, 1, 2, NULL, NULL, NULL, NULL, 0, '2017-06-01 06:47:01'),
(86, 'NAGGAL-1', '69', '606901', '6069010117', 'AWC', 1, 1, 2, NULL, NULL, NULL, NULL, 0, '2017-06-01 06:47:01'),
(87, 'JALLAULI-1', '69', '606901', '6069010118', 'AWC', 1, 1, 2, NULL, NULL, NULL, NULL, 0, '2017-06-01 06:47:01'),
(88, 'ALIPUR', '69', '606901', '6069010119', 'AWC', 1, 1, 2, NULL, NULL, NULL, NULL, 0, '2017-06-01 06:47:01'),
(89, 'TOKA-1', '69', '606901', '6069010120', 'AWC', 1, 1, 2, NULL, NULL, NULL, NULL, 0, '2017-06-01 06:47:01'),
(90, 'TOKA-2', '69', '606901', '6069010121', 'AWC', 1, 1, 2, NULL, NULL, NULL, NULL, 0, '2017-06-01 06:47:01'),
(91, 'KHANGERSA-1', '69', '606901', '6069010122', 'AWC', 1, 1, 2, NULL, NULL, NULL, NULL, 0, '2017-06-01 06:47:01'),
(92, 'KHANGESRA-2', '69', '606901', '6069010123', 'Mini AWC', 1, 1, 2, NULL, NULL, NULL, NULL, 0, '2017-06-01 06:47:01'),
(93, 'SANGRANA', '69', '606901', '6069010124', 'AWC', 1, 1, 2, NULL, NULL, NULL, NULL, 0, '2017-06-01 06:47:01'),
(94, 'KAMI', '69', '606901', '6069010125', 'AWC', 1, 1, 2, NULL, NULL, NULL, NULL, 0, '2017-06-01 06:47:01'),
(95, 'SUNDERPUR', '69', '606901', '6069010126', 'AWC', 1, 1, 2, NULL, NULL, NULL, NULL, 0, '2017-06-01 06:47:01'),
(96, 'KISHANGARH', '69', '606901', '6069010130', 'AWC', 1, 1, 2, NULL, NULL, NULL, NULL, 0, '2017-06-01 06:47:01'),
(97, 'BARWALA-7', '69', '606901', '6069010131', 'Mini AWC', 1, 1, 2, NULL, NULL, NULL, NULL, 0, '2017-06-01 06:47:01'),
(98, 'BARWALA-6', '69', '606901', '6069010132', 'Mini AWC', 1, 1, 2, NULL, NULL, NULL, NULL, 0, '2017-06-01 06:47:01'),
(99, 'JALOULI-2', '69', '606901', '6069010133', 'Mini AWC', 1, 1, 2, NULL, NULL, NULL, NULL, 0, '2017-06-01 06:47:01'),
(100, 'BIRBABBARPUR', '69', '606901', '6069010134', 'Mini AWC', 1, 1, 2, NULL, NULL, NULL, NULL, 0, '2017-06-01 06:47:01'),
(101, 'NAGAL-2', '69', '606901', '6069010135', 'Mini AWC', 1, 1, 2, NULL, NULL, NULL, NULL, 0, '2017-06-01 06:47:01'),
(102, 'BARWALA-8', '69', '606901', '6069010136', 'Mini AWC', 1, 1, 2, NULL, NULL, NULL, NULL, 0, '2017-06-01 06:47:01'),
(103, 'ALIPUR-TOWN', '69', '606901', '6069010137', 'Mini AWC', 1, 1, 2, NULL, NULL, NULL, NULL, 0, '2017-06-01 06:47:01'),
(104, 'MATTANWALA', '69', '606901', '6069010140', 'AWC', 1, 2, 2, NULL, NULL, NULL, NULL, 0, '2017-06-01 06:47:01'),
(105, 'SHAMTOO-1', '69', '606901', '6069010201', 'AWC', 1, 2, 2, NULL, NULL, NULL, NULL, 0, '2017-06-01 06:47:01'),
(106, 'SHAMTOO-3', '69', '606901', '6069010202', 'AWC', 1, 2, 2, NULL, NULL, NULL, NULL, 0, '2017-06-01 06:47:01'),
(107, 'RAMGARH-1', '69', '606901', '6069010203', 'AWC', 1, 2, 2, NULL, NULL, NULL, NULL, 0, '2017-06-01 06:47:01'),
(108, 'RAMGARH-2', '69', '606901', '6069010204', 'AWC', 1, 2, 2, NULL, NULL, NULL, NULL, 0, '2017-06-01 06:47:01'),
(109, 'RAMGARH-3', '69', '606901', '6069010205', 'AWC', 1, 2, 2, NULL, NULL, NULL, NULL, 0, '2017-06-01 06:47:01'),
(110, 'RAMGARH-4', '69', '606901', '6069010206', 'AWC', 1, 2, 2, NULL, NULL, NULL, NULL, 0, '2017-06-01 06:47:02'),
(111, 'RAMGARH-5', '69', '606901', '6069010208', 'AWC', 1, 2, 2, NULL, NULL, NULL, NULL, 0, '2017-06-01 06:47:02'),
(112, 'BILLA-1', '69', '606901', '6069010209', 'AWC', 1, 2, 2, NULL, NULL, NULL, NULL, 0, '2017-06-01 06:47:02'),
(113, 'BILLA-2', '69', '606901', '6069010210', 'AWC', 1, 2, 2, NULL, NULL, NULL, NULL, 0, '2017-06-01 06:47:02'),
(114, 'BILLA-4', '69', '606901', '6069010211', 'AWC', 1, 2, 2, NULL, NULL, NULL, NULL, 0, '2017-06-01 06:47:02'),
(115, 'MOGINAND', '69', '606901', '6069010212', 'AWC', 1, 2, 2, NULL, NULL, NULL, NULL, 0, '2017-06-01 06:47:02'),
(116, 'MANKAN-1', '69', '606901', '6069010213', 'AWC', 1, 2, 2, NULL, NULL, NULL, NULL, 0, '2017-06-01 06:47:02'),
(117, 'MANKAN-2', '69', '606901', '6069010214', 'AWC', 1, 2, 2, NULL, NULL, NULL, NULL, 0, '2017-06-01 06:47:02'),
(118, 'KOT-1', '69', '606901', '6069010216', 'AWC', 1, 2, 2, NULL, NULL, NULL, NULL, 0, '2017-06-01 06:47:02'),
(119, 'KHAIRWALI', '69', '606901', '6069010217', 'Mini AWC', 1, 3, 3, NULL, NULL, NULL, NULL, 0, '2017-06-01 06:47:02'),
(120, 'KANAULI', '69', '606901', '6069010218', 'AWC', 1, 2, 2, NULL, NULL, NULL, NULL, 0, '2017-06-01 06:47:02'),
(121, 'DABKAURI-1', '69', '606901', '6069010219', 'AWC', 1, 2, 2, NULL, NULL, NULL, NULL, 0, '2017-06-01 06:47:02'),
(122, 'DABKAURI-2', '69', '606901', '6069010220', 'Mini AWC', 1, 2, 2, NULL, NULL, NULL, NULL, 0, '2017-06-01 06:47:02'),
(123, 'JASWANTGARH', '69', '606901', '6069010221', 'AWC', 1, 2, 2, NULL, NULL, NULL, NULL, 0, '2017-06-01 06:47:02'),
(124, 'ASSREWALI', '69', '606901', '6069010222', 'AWC', 1, 2, 2, NULL, NULL, NULL, NULL, 0, '2017-06-01 06:47:02'),
(125, 'BEHAR', '69', '606901', '6069010223', 'AWC', 1, 2, 2, NULL, NULL, NULL, NULL, 0, '2017-06-01 06:47:02'),
(126, 'BELIWALI', '69', '606901', '6069010224', 'AWC', 1, 2, 2, NULL, NULL, NULL, NULL, 0, '2017-06-01 06:47:02'),
(127, 'BOONGA-1', '69', '606901', '6069010225', 'AWC', 1, 2, 2, NULL, NULL, NULL, NULL, 0, '2017-06-01 06:47:02'),
(128, 'BOONGA-2', '69', '606901', '6069010226', 'AWC', 1, 2, 2, NULL, NULL, NULL, NULL, 0, '2017-06-01 06:47:02'),
(129, 'RATTEWALI-1', '69', '606901', '6069010230', 'AWC', 1, 2, 2, NULL, NULL, NULL, NULL, 0, '2017-06-01 06:47:02'),
(130, 'RATTEWALI-2', '69', '606901', '6069010231', 'AWC', 1, 2, 2, NULL, NULL, NULL, NULL, 0, '2017-06-01 06:47:02'),
(131, 'RATTEWALI-3', '69', '606901', '6069010232', 'AWC', 1, 2, 2, NULL, NULL, NULL, NULL, 0, '2017-06-01 06:47:02'),
(132, 'RATTEWALI-4', '69', '606901', '6069010233', 'AWC', 1, 2, 2, NULL, NULL, NULL, NULL, 0, '2017-06-01 06:47:02'),
(133, 'SHAMTOO-2', '69', '606901', '6069010234', 'Mini AWC', 1, 2, 2, NULL, NULL, NULL, NULL, 0, '2017-06-01 06:47:02'),
(134, 'BHANU', '69', '606901', '6069010235', 'Mini AWC', 1, 2, 2, NULL, NULL, NULL, NULL, 0, '2017-06-01 06:47:02'),
(135, 'BILLA-3', '69', '606901', '6069010236', 'Mini AWC', 1, 2, 2, NULL, NULL, NULL, NULL, 0, '2017-06-01 06:47:02'),
(136, 'DULLOPUR', '69', '606901', '6069010238', 'Mini AWC', 1, 3, 2, NULL, NULL, NULL, NULL, 0, '2017-06-01 06:47:02'),
(137, 'BOONGA-3', '69', '606901', '6069010239', 'Mini AWC', 1, 2, 2, NULL, NULL, NULL, NULL, 0, '2017-06-01 06:47:02'),
(138, 'KOT-2', '69', '606901', '6069010240', 'AWC', 1, 2, 2, NULL, NULL, NULL, NULL, 0, '2017-06-01 06:47:02'),
(139, 'BATAUR-1', '69', '606901', '6069010301', 'AWC', 1, 3, 2, NULL, NULL, NULL, NULL, 0, '2017-06-01 06:47:02'),
(140, 'BATAUR-2', '69', '606901', '6069010302', 'AWC', 1, 3, 2, NULL, NULL, NULL, NULL, 0, '2017-06-01 06:47:02'),
(141, 'BATAUR-3', '69', '606901', '6069010303', 'AWC', 1, 3, 2, NULL, NULL, NULL, NULL, 0, '2017-06-01 06:47:02'),
(142, 'TIBBI-1', '69', '606901', '6069010326', 'AWC', 1, 3, 2, NULL, NULL, NULL, NULL, 0, '2017-06-01 06:47:02'),
(143, 'TIBBI-2', '69', '606901', '6069010327', 'Mini AWC', 1, 3, 2, NULL, NULL, NULL, NULL, 0, '2017-06-01 06:47:02'),
(144, 'BATAUR-4', '69', '606901', '6069010329', 'Mini AWC', 1, 3, 2, NULL, NULL, NULL, NULL, 0, '2017-06-01 06:47:02'),
(145, 'RAMGARH-6', '69', '606901', '6069010331', 'AWC', 1, 2, 2, NULL, NULL, NULL, NULL, 0, '2017-06-01 06:47:02'),
(146, 'MADANPUR-1', '69', '606901', '6069010332', 'AWC', 1, 2, 2, NULL, NULL, NULL, NULL, 0, '2017-06-01 06:47:02'),
(147, 'MADANPUR-2', '69', '606901', '6069010333', 'AWC', 1, 2, 2, NULL, NULL, NULL, NULL, 0, '2017-06-01 06:47:02'),
(148, 'JAISINGPURA', '69', '606901', '6069010334', 'AWC', 1, 2, 2, NULL, NULL, NULL, NULL, 0, '2017-06-01 06:47:02'),
(149, 'KHATPURALI--1', '69', '606901', '6069010341', 'AWC', 1, 3, 2, NULL, NULL, NULL, NULL, 0, '2017-06-01 06:47:02'),
(150, 'KHATPURALI--2', '69', '606901', '6069010342', 'Mini AWC', 1, 3, 2, NULL, NULL, NULL, NULL, 0, '2017-06-01 06:47:02'),
(151, 'SABILPUR', '69', '606902', '6069020108', 'AWC', 2, 4, 2, NULL, NULL, NULL, NULL, 0, '2017-06-01 06:47:02'),
(152, 'BALAUTI', '69', '606902', '6069020109', 'AWC', 2, 4, 2, NULL, NULL, NULL, NULL, 0, '2017-06-01 06:47:02'),
(153, 'KHETPPURALLI', '69', '606902', '6069020113', 'AWC', 2, 4, 2, NULL, NULL, NULL, NULL, 0, '2017-06-01 06:47:03'),
(154, 'DOODGARH', '69', '606902', '6069020114', 'AWC', 2, 4, 2, NULL, NULL, NULL, NULL, 0, '2017-06-01 06:47:03'),
(155, 'SULTANPUR', '69', '606904', '6069040142', 'AWC', 3, 6, 3, NULL, NULL, NULL, NULL, 0, '2017-06-01 06:47:03'),
(156, 'SULTANPUR', '69', '606904', '6069040143', 'AWC', 3, 6, 3, NULL, NULL, NULL, NULL, 0, '2017-06-01 06:47:03'),
(157, 'JASPUR', '69', '606904', '6069040217', 'AWC', 3, 7, 2, NULL, NULL, NULL, NULL, 0, '2017-06-01 06:47:03'),
(158, 'KAKRALI', '69', '606904', '6069040218', 'AWC', 3, 7, 2, NULL, NULL, NULL, NULL, 0, '2017-06-01 06:47:03'),
(159, 'KAKRALI', '69', '606904', '6069040219', 'AWC', 3, 7, 2, NULL, NULL, NULL, NULL, 0, '2017-06-01 06:47:03'),
(160, 'MOULI', '69', '606904', '6069040222', 'AWC', 3, 7, 2, NULL, NULL, NULL, NULL, 0, '2017-06-01 06:47:03'),
(161, 'MOULI', '69', '606904', '6069040223', 'AWC', 3, 7, 2, NULL, NULL, NULL, NULL, 0, '2017-06-01 06:47:03'),
(162, 'MOULI', '69', '606904', '6069040224', 'AWC', 3, 7, 2, NULL, NULL, NULL, NULL, 0, '2017-06-01 06:47:03'),
(163, 'MOULI', '69', '606904', '6069040225', 'AWC', 3, 7, 2, NULL, NULL, NULL, NULL, 0, '2017-06-01 06:47:03'),
(164, 'NATWAL', '69', '606904', '6069040226', 'AWC', 3, 7, 2, NULL, NULL, NULL, NULL, 0, '2017-06-01 06:47:03'),
(165, 'NATWAL', '69', '606904', '6069040227', 'AWC', 3, 7, 2, NULL, NULL, NULL, NULL, 0, '2017-06-01 06:47:03'),
(166, 'NAYAGOAN', '69', '606904', '6069040228', 'AWC', 3, 7, 2, NULL, NULL, NULL, NULL, 0, '2017-06-01 06:47:03'),
(167, 'NAYAGOAN', '69', '606904', '6069040229', 'AWC', 3, 7, 2, NULL, NULL, NULL, NULL, 0, '2017-06-01 06:47:03'),
(168, 'SARAKPUR', '69', '606904', '6069040233', 'AWC', 3, 7, 2, NULL, NULL, NULL, NULL, 0, '2017-06-01 06:47:03'),
(169, 'TABAR', '69', '606904', '6069040235', 'AWC', 3, 7, 2, NULL, NULL, NULL, NULL, 0, '2017-06-01 06:47:03'),
(170, 'TODA', '69', '606904', '6069040238', 'AWC', 3, 7, 2, NULL, NULL, NULL, NULL, 0, '2017-06-01 06:47:03'),
(171, 'TODA', '69', '606904', '6069040239', 'AWC', 3, 7, 2, NULL, NULL, NULL, NULL, 0, '2017-06-01 06:47:03'),
(172, 'TODA', '69', '606904', '6069040240', 'AWC', 3, 7, 2, NULL, NULL, NULL, NULL, 0, '2017-06-01 06:47:03'),
(173, 'SHER JABAIN', '69', '606902', '6069020102', 'AWC', 2, 4, 4, NULL, NULL, NULL, NULL, 0, '2017-06-01 06:47:03'),
(174, 'THATHER', '69', '606902', '6069020105', 'AWC', 2, 4, 4, NULL, NULL, NULL, NULL, 0, '2017-06-01 06:47:03'),
(175, 'PLASARA', '69', '606902', '6069020111', 'AWC', 2, 4, 4, NULL, NULL, NULL, NULL, 0, '2017-06-01 06:47:03'),
(176, 'AMBOA', '69', '606902', '6069020112', 'AWC', 2, 4, 4, NULL, NULL, NULL, NULL, 0, '2017-06-01 06:47:03'),
(177, 'KADIANI', '69', '606902', '6069020115', 'AWC', 2, 4, 4, NULL, NULL, NULL, NULL, 0, '2017-06-01 06:47:03'),
(178, 'BHOGPUR', '69', '606902', '6069020116', 'AWC', 2, 4, 4, NULL, NULL, NULL, NULL, 0, '2017-06-01 06:47:03'),
(179, 'MASOON', '69', '606902', '6069020117', 'AWC', 2, 4, 4, NULL, NULL, NULL, NULL, 0, '2017-06-01 06:47:03'),
(180, 'DHARWALA', '69', '606902', '6069020118', 'AWC', 2, 4, 4, NULL, NULL, NULL, NULL, 0, '2017-06-01 06:47:03'),
(181, 'TIKKAR', '69', '606902', '6069020119', 'AWC', 2, 4, 4, NULL, NULL, NULL, NULL, 0, '2017-06-01 06:47:03'),
(182, 'BARAT', '69', '606902', '6069020120', 'AWC', 2, 4, 4, NULL, NULL, NULL, NULL, 0, '2017-06-01 06:47:03'),
(183, 'BABADWALLI', '69', '606902', '6069020121', 'AWC', 2, 4, 4, NULL, NULL, NULL, NULL, 0, '2017-06-01 06:47:03'),
(184, 'DUNDAL', '69', '606902', '6069020122', 'AWC', 2, 4, 4, NULL, NULL, NULL, NULL, 0, '2017-06-01 06:47:03'),
(185, 'PT. KA BASS', '69', '606902', '6069020123', 'AWC', 2, 4, 4, NULL, NULL, NULL, NULL, 0, '2017-06-01 06:47:03'),
(186, 'CH KA BASS', '69', '606902', '6069020124', 'AWC', 2, 4, 4, NULL, NULL, NULL, NULL, 0, '2017-06-01 06:47:03'),
(187, 'THATHER BASS', '69', '606902', '6069020125', 'AWC', 2, 4, 4, NULL, NULL, NULL, NULL, 0, '2017-06-01 06:47:03'),
(188, 'SIRE KA BASS', '69', '606902', '6069020126', 'AWC', 2, 4, 4, NULL, NULL, NULL, NULL, 0, '2017-06-01 06:47:03'),
(189, 'GABLA BASS', '69', '606902', '6069020127', 'AWC', 2, 4, 4, NULL, NULL, NULL, NULL, 0, '2017-06-01 06:47:03'),
(190, 'JHANSU', '69', '606902', '6069020128', 'AWC', 2, 4, 4, NULL, NULL, NULL, NULL, 0, '2017-06-01 06:47:03'),
(191, 'THAPLI', '69', '606902', '6069020129', 'AWC', 2, 4, 4, NULL, NULL, NULL, NULL, 0, '2017-06-01 06:47:03'),
(192, 'BHUND', '69', '606902', '6069020130', 'AWC', 2, 4, 4, NULL, NULL, NULL, NULL, 0, '2017-06-01 06:47:03'),
(193, 'BALLO THAPLI', '69', '606902', '6069020131', 'AWC', 2, 4, 4, NULL, NULL, NULL, NULL, 0, '2017-06-01 06:47:04'),
(194, 'PONTA', '69', '606902', '6069020133', 'AWC', 2, 4, 4, NULL, NULL, NULL, NULL, 0, '2017-06-01 06:47:04'),
(195, 'ZIA', '69', '606902', '6069020134', 'AWC', 2, 4, 4, NULL, NULL, NULL, NULL, 0, '2017-06-01 06:47:04'),
(196, 'SHERGUJRA', '69', '606902', '6069020137', 'AWC', 2, 4, 4, NULL, NULL, NULL, NULL, 0, '2017-06-01 06:47:04'),
(197, 'MARAD', '69', '606902', '6069020138', 'AWC', 2, 4, 4, NULL, NULL, NULL, NULL, 0, '2017-06-01 06:47:04'),
(198, 'KHERI', '69', '606902', '6069020139', 'AWC', 2, 4, 4, NULL, NULL, NULL, NULL, 0, '2017-06-01 06:47:04'),
(199, 'BAROON', '69', '606902', '6069020140', 'AWC', 2, 4, 4, NULL, NULL, NULL, NULL, 0, '2017-06-01 06:47:04'),
(200, 'CHANDI', '69', '606902', '6069020141', 'AWC', 2, 4, 4, NULL, NULL, NULL, NULL, 0, '2017-06-01 06:47:04'),
(201, 'BADIYAL', '69', '606902', '6069020201', 'AWC', 2, 5, 4, NULL, NULL, NULL, NULL, 0, '2017-06-01 06:47:04'),
(202, 'BEAHLON', '69', '606902', '6069020202', 'AWC', 2, 5, 4, NULL, NULL, NULL, NULL, 0, '2017-06-01 06:47:04'),
(203, 'BHINWAR', '69', '606902', '6069020203', 'AWC', 2, 5, 4, NULL, NULL, NULL, NULL, 0, '2017-06-01 06:47:04'),
(204, 'BHUDI', '69', '606902', '6069020204', 'AWC', 2, 5, 4, NULL, NULL, NULL, NULL, 0, '2017-06-01 06:47:04'),
(205, 'CHAMALA', '69', '606902', '6069020205', 'AWC', 2, 5, 4, NULL, NULL, NULL, NULL, 0, '2017-06-01 06:47:04'),
(206, 'CHAPLANA', '69', '606902', '6069020206', 'AWC', 2, 5, 4, NULL, NULL, NULL, NULL, 0, '2017-06-01 06:47:04'),
(207, 'DAPANA', '69', '606902', '6069020207', 'AWC', 2, 5, 4, NULL, NULL, NULL, NULL, 0, '2017-06-01 06:47:04'),
(208, 'DARDA', '69', '606902', '6069020208', 'AWC', 2, 5, 4, NULL, NULL, NULL, NULL, 0, '2017-06-01 06:47:04'),
(209, 'DAYODA', '69', '606902', '6069020209', 'AWC', 2, 5, 4, NULL, NULL, NULL, NULL, 0, '2017-06-01 06:47:04'),
(210, 'DHAMAN', '69', '606902', '6069020210', 'AWC', 2, 5, 4, NULL, NULL, NULL, NULL, 0, '2017-06-01 06:47:04'),
(211, 'DHARLA', '69', '606902', '6069020211', 'AWC', 2, 5, 4, NULL, NULL, NULL, NULL, 0, '2017-06-01 06:47:04'),
(212, 'DOODLA', '69', '606902', '6069020212', 'AWC', 2, 5, 4, NULL, NULL, NULL, NULL, 0, '2017-06-01 06:47:04'),
(213, 'GAWAHI', '69', '606902', '6069020213', 'AWC', 2, 5, 4, NULL, NULL, NULL, NULL, 0, '2017-06-01 06:47:04'),
(214, 'HARSHON', '69', '606902', '6069020214', 'AWC', 2, 5, 4, NULL, NULL, NULL, NULL, 0, '2017-06-01 06:47:04'),
(215, 'HATHIA', '69', '606902', '6069020215', 'AWC', 2, 5, 4, NULL, NULL, NULL, NULL, 0, '2017-06-01 06:47:04'),
(216, 'KANDERAN', '69', '606902', '6069020216', 'AWC', 2, 5, 4, NULL, NULL, NULL, NULL, 0, '2017-06-01 06:47:04'),
(217, 'KANGER', '69', '606902', '6069020217', 'AWC', 2, 5, 4, NULL, NULL, NULL, NULL, 0, '2017-06-01 06:47:04'),
(218, 'KHAROG', '69', '606902', '6069020218', 'AWC', 2, 5, 4, NULL, NULL, NULL, NULL, 0, '2017-06-01 06:47:04'),
(219, 'KHARTA', '69', '606902', '6069020219', 'AWC', 2, 5, 4, NULL, NULL, NULL, NULL, 0, '2017-06-01 06:47:04'),
(220, 'KOHLAN', '69', '606902', '6069020220', 'AWC', 2, 5, 4, NULL, NULL, NULL, NULL, 0, '2017-06-01 06:47:04'),
(221, 'MAMALKOTI', '69', '606902', '6069020221', 'AWC', 2, 5, 4, NULL, NULL, NULL, NULL, 0, '2017-06-01 06:47:04'),
(222, 'MANJAULLI', '69', '606902', '6069020222', 'AWC', 2, 5, 4, NULL, NULL, NULL, NULL, 0, '2017-06-01 06:47:04'),
(223, 'MAROG', '69', '606902', '6069020223', 'AWC', 2, 5, 4, NULL, NULL, NULL, NULL, 0, '2017-06-01 06:47:04'),
(224, 'MORNI', '69', '606902', '6069020224', 'AWC', 2, 5, 4, NULL, NULL, NULL, NULL, 0, '2017-06-01 06:47:04'),
(225, 'PATHROTI', '69', '606902', '6069020225', 'AWC', 2, 5, 4, NULL, NULL, NULL, NULL, 0, '2017-06-01 06:47:04'),
(226, 'RAJTIKRI', '69', '606902', '6069020226', 'AWC', 2, 5, 4, NULL, NULL, NULL, NULL, 0, '2017-06-01 06:47:04'),
(227, 'RAMSER', '69', '606902', '6069020227', 'AWC', 2, 5, 4, NULL, NULL, NULL, NULL, 0, '2017-06-01 06:47:04'),
(228, 'SEAHLAON', '69', '606902', '6069020228', 'AWC', 2, 5, 4, NULL, NULL, NULL, NULL, 0, '2017-06-01 06:47:04'),
(229, 'SERLA', '69', '606902', '6069020229', 'AWC', 2, 5, 4, NULL, NULL, NULL, NULL, 0, '2017-06-01 06:47:04'),
(230, 'SHILLION', '69', '606902', '6069020230', 'AWC', 2, 5, 4, NULL, NULL, NULL, NULL, 0, '2017-06-01 06:47:04'),
(231, 'TIKRI', '69', '606902', '6069020232', 'AWC', 2, 5, 4, NULL, NULL, NULL, NULL, 0, '2017-06-01 06:47:05'),
(232, 'KANAN', '69', '606902', '6069020233', 'AWC', 2, 5, 4, NULL, NULL, NULL, NULL, 0, '2017-06-01 06:47:05'),
(233, 'KOLOAN BENI', '69', '606902', '6069020234', 'AWC', 2, 5, 4, NULL, NULL, NULL, NULL, 0, '2017-06-01 06:47:05'),
(234, 'SEHAT', '69', '606902', '6069020235', 'AWC', 2, 5, 4, NULL, NULL, NULL, NULL, 0, '2017-06-01 06:47:05'),
(235, 'SEDA REWADI', '69', '606902', '6069020236', 'AWC', 2, 5, 4, NULL, NULL, NULL, NULL, 0, '2017-06-01 06:47:05'),
(236, 'LET', '69', '606902', '6069020237', 'AWC', 2, 5, 4, NULL, NULL, NULL, NULL, 0, '2017-06-01 06:47:05'),
(237, 'CHAKON', '69', '606902', '6069020238', 'AWC', 2, 5, 4, NULL, NULL, NULL, NULL, 0, '2017-06-01 06:47:05'),
(238, 'CHADIAN BHUD', '69', '606902', '6069020239', 'AWC', 2, 5, 4, NULL, NULL, NULL, NULL, 0, '2017-06-01 06:47:05'),
(239, 'GAJAN', '69', '606902', '6069020240', 'AWC', 2, 5, 4, NULL, NULL, NULL, NULL, 0, '2017-06-01 06:47:05'),
(240, 'MANJYON', '69', '606902', '6069020241', 'AWC', 2, 5, 4, NULL, NULL, NULL, NULL, 0, '2017-06-01 06:47:05'),
(241, 'DUH', '69', '606902', '6069020242', 'AWC', 2, 5, 4, NULL, NULL, NULL, NULL, 0, '2017-06-01 06:47:05'),
(242, 'MORNI-2', '69', '606902', '6069020243', 'AWC', 2, 5, 4, NULL, NULL, NULL, NULL, 0, '2017-06-01 06:47:05'),
(243, 'BHARAT NAGAR', '69', '606903', '6069030201', 'AWC', 4, 9, 5, NULL, NULL, NULL, NULL, 0, '2017-06-01 06:47:05'),
(244, 'BANOI', '69', '606903', '6069030202', 'AWC', 4, 9, 5, NULL, NULL, NULL, NULL, 0, '2017-06-01 06:47:05'),
(245, 'BANOI SAWLIAN', '69', '606903', '6069030203', 'Mini AWC', 4, 9, 5, NULL, NULL, NULL, NULL, 0, '2017-06-01 06:47:05'),
(246, 'NAGAL RUTTAL-1', '69', '606903', '6069030204', 'AWC', 4, 9, 5, NULL, NULL, NULL, NULL, 0, '2017-06-01 06:47:05'),
(247, 'NAGAL RUTTAL-2', '69', '606903', '6069030205', 'Mini AWC', 4, 9, 5, NULL, NULL, NULL, NULL, 0, '2017-06-01 06:47:05'),
(248, 'GODAM', '69', '606903', '6069030206', 'AWC', 4, 9, 5, NULL, NULL, NULL, NULL, 0, '2017-06-01 06:47:05'),
(249, 'BAR', '69', '606903', '6069030207', 'AWC', 4, 9, 5, NULL, NULL, NULL, NULL, 0, '2017-06-01 06:47:05'),
(250, 'THANE KI SEIR', '69', '606903', '6069030208', 'Mini AWC', 4, 9, 5, NULL, NULL, NULL, NULL, 0, '2017-06-01 06:47:05'),
(251, 'LEHI', '69', '606903', '6069030209', 'AWC', 4, 9, 5, NULL, NULL, NULL, NULL, 0, '2017-06-01 06:47:05'),
(252, 'KHERAWALI-1', '69', '606903', '6069030210', 'AWC', 4, 9, 5, NULL, NULL, NULL, NULL, 0, '2017-06-01 06:47:05'),
(253, 'KHERAWALI-2', '69', '606903', '6069030211', 'Mini AWC', 4, 9, 5, NULL, NULL, NULL, NULL, 0, '2017-06-01 06:47:05'),
(254, 'PAPLOHA-1', '69', '606903', '6069030212', 'AWC', 4, 9, 5, NULL, NULL, NULL, NULL, 0, '2017-06-01 06:47:05'),
(255, 'PAPLOHA-2', '69', '606903', '6069030213', 'AWC', 4, 9, 5, NULL, NULL, NULL, NULL, 0, '2017-06-01 06:47:05'),
(256, 'PAPLOHA-3', '69', '606903', '6069030214', 'Mini AWC', 4, 9, 5, NULL, NULL, NULL, NULL, 0, '2017-06-01 06:47:05'),
(257, 'MAJRA MEHTAB-1', '69', '606903', '6069030215', 'AWC', 4, 9, 5, NULL, NULL, NULL, NULL, 0, '2017-06-01 06:47:05'),
(258, 'MAJRA MEHTAB-2', '69', '606903', '6069030216', 'AWC', 4, 9, 5, NULL, NULL, NULL, NULL, 0, '2017-06-01 06:47:05'),
(259, 'NAGAL BHAGA', '69', '606903', '6069030217', 'Mini AWC', 4, 9, 5, NULL, NULL, NULL, NULL, 0, '2017-06-01 06:47:05'),
(260, 'KANDIALA', '69', '606903', '6069030218', 'AWC', 4, 9, 5, NULL, NULL, NULL, NULL, 0, '2017-06-01 06:47:05'),
(261, 'ORIAN', '69', '606903', '6069030219', 'Mini AWC', 4, 9, 5, NULL, NULL, NULL, NULL, 0, '2017-06-01 06:47:05'),
(262, 'PARGIA', '69', '606903', '6069030220', 'Mini AWC', 4, 9, 5, NULL, NULL, NULL, NULL, 0, '2017-06-01 06:47:05'),
(263, 'TAGRA SAHU', '69', '606903', '6069030221', 'AWC', 4, 9, 5, NULL, NULL, NULL, NULL, 0, '2017-06-01 06:47:05'),
(264, 'TAGRA HAKIMPUR', '69', '606903', '6069030222', 'AWC', 4, 9, 5, NULL, NULL, NULL, NULL, 0, '2017-06-01 06:47:05'),
(265, 'TAGRA KANGAN', '69', '606903', '6069030223', 'Mini AWC', 4, 9, 5, NULL, NULL, NULL, NULL, 0, '2017-06-01 06:47:05'),
(266, 'TAGRA HARISINGH', '69', '606903', '6069030224', 'Mini AWC', 4, 9, 5, NULL, NULL, NULL, NULL, 0, '2017-06-01 06:47:05'),
(267, 'TAGRA KALIRAM-1', '69', '606903', '6069030225', 'AWC', 4, 9, 5, NULL, NULL, NULL, NULL, 0, '2017-06-01 06:47:05'),
(268, 'TAGRA KALIRAM-2', '69', '606903', '6069030226', 'AWC', 4, 9, 5, NULL, NULL, NULL, NULL, 0, '2017-06-01 06:47:05'),
(269, 'RATTPUR-1', '69', '606903', '6069030227', 'AWC', 4, 9, 5, NULL, NULL, NULL, NULL, 0, '2017-06-01 06:47:05'),
(270, 'RATTPUR-2', '69', '606903', '6069030228', 'AWC', 4, 9, 5, NULL, NULL, NULL, NULL, 0, '2017-06-01 06:47:06'),
(271, 'RATTPUR-3', '69', '606903', '6069030229', 'AWC', 4, 9, 5, NULL, NULL, NULL, NULL, 0, '2017-06-01 06:47:06'),
(272, 'ABDULLAPUR-1', '69', '606903', '6069030230', 'AWC', 4, 9, 5, NULL, NULL, NULL, NULL, 0, '2017-06-01 06:47:06'),
(273, 'ABDULLAPUR-2', '69', '606903', '6069030231', 'AWC', 4, 9, 5, NULL, NULL, NULL, NULL, 0, '2017-06-01 06:47:06'),
(274, 'BANGALA COLONY', '69', '606903', '6069030232', 'AWC', 4, 9, 5, NULL, NULL, NULL, NULL, 0, '2017-06-01 06:47:06'),
(275, 'REHORE -1', '69', '606901', '6069010138', 'AWC', 1, 1, 3, NULL, NULL, NULL, NULL, 0, '2017-06-01 06:47:06'),
(276, 'REHORE- 2', '69', '606901', '6069010139', 'Mini AWC', 1, 1, 3, NULL, NULL, NULL, NULL, 0, '2017-06-01 06:47:06'),
(277, 'KAIMBWALA', '69', '606901', '6069010215', 'Mini AWC', 1, 3, 3, NULL, NULL, NULL, NULL, 0, '2017-06-01 06:47:06'),
(278, 'NADHALA', '69', '606901', '6069010237', 'Mini AWC', 1, 2, 2, NULL, NULL, NULL, NULL, 0, '2017-06-01 06:47:06'),
(279, 'KHATAULI-1', '69', '606901', '6069010305', 'AWC', 1, 3, 3, NULL, NULL, NULL, NULL, 0, '2017-06-01 06:47:06'),
(280, 'KHATAULI-2', '69', '606901', '6069010306', 'AWC', 1, 3, 3, NULL, NULL, NULL, NULL, 0, '2017-06-01 06:47:06'),
(281, 'KHATAULI-3', '69', '606901', '6069010307', 'AWC', 1, 3, 3, NULL, NULL, NULL, NULL, 0, '2017-06-01 06:47:06'),
(282, 'KHATAULI-4', '69', '606901', '6069010308', 'AWC', 1, 3, 3, NULL, NULL, NULL, NULL, 0, '2017-06-01 06:47:06'),
(283, 'SUKHDARSHANPUR', '69', '606901', '6069010309', 'AWC', 1, 3, 3, NULL, NULL, NULL, NULL, 0, '2017-06-01 06:47:06'),
(284, 'DANDAUDU-1', '69', '606901', '6069010310', 'AWC', 1, 3, 3, NULL, NULL, NULL, NULL, 0, '2017-06-01 06:47:06'),
(285, 'DANDAUDU-2', '69', '606901', '6069010311', 'Mini AWC', 1, 3, 3, NULL, NULL, NULL, NULL, 0, '2017-06-01 06:47:06'),
(286, 'BATWAL', '69', '606901', '6069010312', 'AWC', 1, 3, 3, NULL, NULL, NULL, NULL, 0, '2017-06-01 06:47:06'),
(287, 'MANAKTABRA-1', '69', '606901', '6069010313', 'AWC', 1, 3, 3, NULL, NULL, NULL, NULL, 0, '2017-06-01 06:47:06'),
(288, 'MANAKTABRA-2', '69', '606901', '6069010314', 'AWC', 1, 3, 3, NULL, NULL, NULL, NULL, 0, '2017-06-01 06:47:06'),
(289, 'KAJAMPUR', '69', '606901', '6069010315', 'AWC', 1, 3, 3, NULL, NULL, NULL, NULL, 0, '2017-06-01 06:47:06'),
(290, 'MURADNAGAR', '69', '606901', '6069010316', 'AWC', 1, 3, 3, NULL, NULL, NULL, NULL, 0, '2017-06-01 06:47:06'),
(291, 'BHAROLI', '69', '606901', '6069010317', 'AWC', 1, 3, 3, NULL, NULL, NULL, NULL, 0, '2017-06-01 06:47:06'),
(292, 'SHAHPUR', '69', '606901', '6069010318', 'AWC', 1, 3, 3, NULL, NULL, NULL, NULL, 0, '2017-06-01 06:47:06'),
(293, 'PARWALA-1', '69', '606901', '6069010319', 'AWC', 1, 3, 3, NULL, NULL, NULL, NULL, 0, '2017-06-01 06:47:06'),
(294, 'PARWALA-2', '69', '606901', '6069010320', 'AWC', 1, 3, 3, NULL, NULL, NULL, NULL, 0, '2017-06-01 06:47:06'),
(295, 'TAPRIAN1', '69', '606901', '6069010321', 'AWC', 1, 3, 3, NULL, NULL, NULL, NULL, 0, '2017-06-01 06:47:06'),
(296, 'TAPRIAN-2', '69', '606901', '6069010322', 'Mini AWC', 1, 3, 3, NULL, NULL, NULL, NULL, 0, '2017-06-01 06:47:06'),
(297, 'TRILOKPUR', '69', '606901', '6069010323', 'AWC', 1, 3, 3, NULL, NULL, NULL, NULL, 0, '2017-06-01 06:47:06'),
(298, 'GANESHPUR', '69', '606901', '6069010324', 'AWC', 1, 3, 3, NULL, NULL, NULL, NULL, 0, '2017-06-01 06:47:06'),
(299, 'KANDIWALA', '69', '606901', '6069010325', 'AWC', 1, 3, 3, NULL, NULL, NULL, NULL, 0, '2017-06-01 06:47:06'),
(300, 'BHOOD', '69', '606901', '6069010328', 'AWC', 1, 3, 3, NULL, NULL, NULL, NULL, 0, '2017-06-01 06:47:06'),
(301, 'JAYANTIPUR', '69', '606901', '6069010335', 'Mini AWC', 1, 3, 3, NULL, NULL, NULL, NULL, 0, '2017-06-01 06:47:06'),
(302, 'AMRALA', '69', '606901', '6069010336', 'Mini AWC', 1, 3, 3, NULL, NULL, NULL, NULL, 0, '2017-06-01 06:47:06'),
(303, 'LASKARIWALA', '69', '606901', '6069010337', 'Mini AWC', 1, 3, 3, NULL, NULL, NULL, NULL, 0, '2017-06-01 06:47:06'),
(304, 'ROORKI', '69', '606901', '6069010338', 'Mini AWC', 1, 3, 3, NULL, NULL, NULL, NULL, 0, '2017-06-01 06:47:06'),
(305, 'SHAMPUR', '69', '606901', '6069010339', 'Mini AWC', 1, 3, 3, NULL, NULL, NULL, NULL, 0, '2017-06-01 06:47:06'),
(306, 'BALADWALA', '69', '606902', '6069020101', 'AWC', 2, 4, 3, NULL, NULL, NULL, NULL, 0, '2017-06-01 06:47:06'),
(307, 'TURYON', '69', '606902', '6069020103', 'AWC', 2, 4, 3, NULL, NULL, NULL, NULL, 0, '2017-06-01 06:47:06'),
(308, 'DANDYON', '69', '606902', '6069020104', 'AWC', 2, 4, 3, NULL, NULL, NULL, NULL, 0, '2017-06-01 06:47:06'),
(309, 'JOLLY', '69', '606902', '6069020106', 'AWC', 2, 4, 3, NULL, NULL, NULL, NULL, 0, '2017-06-01 06:47:06'),
(310, 'MAULLIWALLA', '69', '606902', '6069020107', 'AWC', 2, 4, 3, NULL, NULL, NULL, NULL, 0, '2017-06-01 06:47:06'),
(311, 'MAWAS', '69', '606902', '6069020110', 'AWC', 2, 4, 2, NULL, NULL, NULL, NULL, 0, '2017-06-01 06:47:07'),
(312, 'TURYON 2', '69', '606902', '6069020132', 'AWC', 2, 4, 3, NULL, NULL, NULL, NULL, 0, '2017-06-01 06:47:07'),
(313, 'RAMPUR', '69', '606902', '6069020135', 'AWC', 2, 4, 3, NULL, NULL, NULL, NULL, 0, '2017-06-01 06:47:07'),
(314, 'BHUD PATIA', '69', '606902', '6069020136', 'AWC', 2, 4, 3, NULL, NULL, NULL, NULL, 0, '2017-06-01 06:47:07'),
(315, 'SINGHWALA', '69', '606902', '6069020231', 'AWC', 2, 5, 3, NULL, NULL, NULL, NULL, 0, '2017-06-01 06:47:07'),
(316, 'BANGALA BASTI', '69', '606904', '6069040101', 'AWC', 3, 6, 3, NULL, NULL, NULL, NULL, 0, '2017-06-01 06:47:07'),
(317, 'BADHOUR', '69', '606904', '6069040102', 'AWC', 3, 6, 3, NULL, NULL, NULL, NULL, 0, '2017-06-01 06:47:07'),
(318, 'BHAGPUR', '69', '606904', '6069040103', 'AWC', 3, 6, 3, NULL, NULL, NULL, NULL, 0, '2017-06-01 06:47:07'),
(319, 'BHAWLI', '69', '606904', '6069040104', 'AWC', 3, 6, 3, NULL, NULL, NULL, NULL, 0, '2017-06-01 06:47:07'),
(320, 'BHOOD (AMBWALA)', '69', '606904', '6069040105', 'AWC', 3, 6, 3, NULL, NULL, NULL, NULL, 0, '2017-06-01 06:47:07'),
(321, 'BHOOD (DARSH II)', '69', '606904', '6069040106', 'AWC', 3, 6, 3, NULL, NULL, NULL, NULL, 0, '2017-06-01 06:47:07'),
(322, 'BHOOD (DARSH)', '69', '606904', '6069040107', 'AWC', 3, 6, 3, NULL, NULL, NULL, NULL, 0, '2017-06-01 06:47:07'),
(323, 'BHOOD MARAYAR', '69', '606904', '6069040108', 'AWC', 3, 6, 3, NULL, NULL, NULL, NULL, 0, '2017-06-01 06:47:07'),
(324, 'BHOOD FEROJRI', '69', '606904', '6069040109', 'AWC', 3, 6, 3, NULL, NULL, NULL, NULL, 0, '2017-06-01 06:47:07'),
(325, 'DAKESH', '69', '606904', '6069040110', 'AWC', 3, 6, 3, NULL, NULL, NULL, NULL, 0, '2017-06-01 06:47:07'),
(326, 'DANDROLO', '69', '606904', '6069040111', 'AWC', 3, 6, 3, NULL, NULL, NULL, NULL, 0, '2017-06-01 06:47:07'),
(327, 'DEBAR', '69', '606904', '6069040112', 'AWC', 3, 6, 3, NULL, NULL, NULL, NULL, 0, '2017-06-01 06:47:07'),
(328, 'FEROJPUR', '69', '606904', '6069040113', 'AWC', 3, 6, 3, NULL, NULL, NULL, NULL, 0, '2017-06-01 06:47:07'),
(329, 'GANAULI', '69', '606904', '6069040114', 'AWC', 3, 6, 3, NULL, NULL, NULL, NULL, 0, '2017-06-01 06:47:07'),
(330, 'GARHI KOTAHA', '69', '606904', '6069040115', 'AWC', 3, 6, 3, NULL, NULL, NULL, NULL, 0, '2017-06-01 06:47:07'),
(331, 'GARHI KOTAHA', '69', '606904', '6069040116', 'AWC', 3, 6, 3, NULL, NULL, NULL, NULL, 0, '2017-06-01 06:47:07'),
(332, 'GARHI KOTAHA', '69', '606904', '6069040117', 'AWC', 3, 6, 3, NULL, NULL, NULL, NULL, 0, '2017-06-01 06:47:07'),
(333, 'GARHI KOTAHA', '69', '606904', '6069040118', 'AWC', 3, 6, 3, NULL, NULL, NULL, NULL, 0, '2017-06-01 06:47:07'),
(334, 'GARHI KOTAHA', '69', '606904', '6069040119', 'AWC', 3, 6, 3, NULL, NULL, NULL, NULL, 0, '2017-06-01 06:47:07'),
(335, 'GOBINDPUR', '69', '606904', '6069040120', 'AWC', 3, 6, 3, NULL, NULL, NULL, NULL, 0, '2017-06-01 06:47:07'),
(336, 'MANDLAI', '69', '606904', '6069040121', 'AWC', 3, 6, 3, NULL, NULL, NULL, NULL, 0, '2017-06-01 06:47:07'),
(337, 'MANDPA', '69', '606904', '6069040122', 'AWC', 3, 6, 3, NULL, NULL, NULL, NULL, 0, '2017-06-01 06:47:07'),
(338, 'MASOOMPUR', '69', '606904', '6069040123', 'AWC', 3, 6, 3, NULL, NULL, NULL, NULL, 0, '2017-06-01 06:47:07'),
(339, 'MEERPUR', '69', '606904', '6069040124', 'AWC', 3, 6, 3, NULL, NULL, NULL, NULL, 0, '2017-06-01 06:47:07'),
(340, 'NARAINPUR', '69', '606904', '6069040125', 'AWC', 3, 6, 3, NULL, NULL, NULL, NULL, 0, '2017-06-01 06:47:07'),
(341, 'PINJA WALI', '69', '606904', '6069040126', 'AWC', 3, 6, 3, NULL, NULL, NULL, NULL, 0, '2017-06-01 06:47:07'),
(342, 'PYAREWALA', '69', '606904', '6069040127', 'AWC', 3, 6, 3, NULL, NULL, NULL, NULL, 0, '2017-06-01 06:47:07'),
(343, 'RANA BHULA', '69', '606904', '6069040128', 'AWC', 3, 6, 3, NULL, NULL, NULL, NULL, 0, '2017-06-01 06:47:07'),
(344, 'RAIPUR RANI', '69', '606904', '6069040129', 'AWC', 3, 6, 3, NULL, NULL, NULL, NULL, 0, '2017-06-01 06:47:07'),
(345, 'RAIPUR RANI C.', '69', '606904', '6069040130', 'AWC', 3, 6, 3, NULL, NULL, NULL, NULL, 0, '2017-06-01 06:47:07'),
(346, 'RAIPUR RANI C.', '69', '606904', '6069040131', 'AWC', 3, 6, 3, NULL, NULL, NULL, NULL, 0, '2017-06-01 06:47:07'),
(347, 'RAIPUR RANI C.', '69', '606904', '6069040132', 'AWC', 3, 6, 3, NULL, NULL, NULL, NULL, 0, '2017-06-01 06:47:07'),
(348, 'RAIPUR RANI', '69', '606904', '6069040133', 'AWC', 3, 6, 3, NULL, NULL, NULL, NULL, 0, '2017-06-01 06:47:07'),
(349, 'RAIPUR RANI 8', '69', '606904', '6069040134', 'AWC', 3, 6, 3, NULL, NULL, NULL, NULL, 0, '2017-06-01 06:47:07'),
(350, 'RAIPUR RANI', '69', '606904', '6069040135', 'AWC', 3, 6, 3, NULL, NULL, NULL, NULL, 0, '2017-06-01 06:47:07'),
(351, 'RAIPUR RANI C.', '69', '606904', '6069040136', 'AWC', 3, 6, 3, NULL, NULL, NULL, NULL, 0, '2017-06-01 06:47:07'),
(352, 'RAIPUR RANI 7', '69', '606904', '6069040137', 'AWC', 3, 6, 3, NULL, NULL, NULL, NULL, 0, '2017-06-01 06:47:07'),
(353, 'RAMPUR', '69', '606904', '6069040138', 'AWC', 3, 6, 3, NULL, NULL, NULL, NULL, 0, '2017-06-01 06:47:07'),
(354, 'RATTA TIBBI', '69', '606904', '6069040139', 'AWC', 3, 6, 3, NULL, NULL, NULL, NULL, 0, '2017-06-01 06:47:07'),
(355, 'REHNA', '69', '606904', '6069040140', 'AWC', 3, 6, 3, NULL, NULL, NULL, NULL, 0, '2017-06-01 06:47:08'),
(356, 'REHNA', '69', '606904', '6069040141', 'AWC', 3, 6, 3, NULL, NULL, NULL, NULL, 0, '2017-06-01 06:47:08'),
(357, 'TARKA WALA', '69', '606904', '6069040144', 'AWC', 3, 6, 3, NULL, NULL, NULL, NULL, 0, '2017-06-01 06:47:08'),
(358, 'DHADIO', '69', '606904', '6069040145', 'AWC', 3, 6, 3, NULL, NULL, NULL, NULL, 0, '2017-06-01 06:47:08'),
(359, 'BARONA KHURD', '69', '606904', '6069040201', 'AWC', 3, 7, 3, NULL, NULL, NULL, NULL, 0, '2017-06-01 06:47:08'),
(360, 'BARONA KALAN', '69', '606904', '6069040202', 'AWC', 3, 7, 3, NULL, NULL, NULL, NULL, 0, '2017-06-01 06:47:08'),
(361, 'BAGWALA', '69', '606904', '6069040203', 'AWC', 3, 7, 3, NULL, NULL, NULL, NULL, 0, '2017-06-01 06:47:08'),
(362, 'BAGWALI', '69', '606904', '6069040204', 'AWC', 3, 7, 3, NULL, NULL, NULL, NULL, 0, '2017-06-01 06:47:08'),
(363, 'BAGWALI', '69', '606904', '6069040205', 'AWC', 3, 7, 3, NULL, NULL, NULL, NULL, 0, '2017-06-01 06:47:08'),
(364, 'BAJIDPUR', '69', '606904', '6069040206', 'AWC', 3, 7, 2, NULL, NULL, NULL, NULL, 0, '2017-06-01 06:47:08'),
(365, 'BEHBALPUR', '69', '606904', '6069040207', 'AWC', 3, 7, 2, NULL, NULL, NULL, NULL, 0, '2017-06-01 06:47:08'),
(366, 'GOPURA', '69', '606904', '6069040208', 'AWC', 3, 7, 2, NULL, NULL, NULL, NULL, 0, '2017-06-01 06:47:08'),
(367, 'HANGOLI', '69', '606904', '6069040209', 'AWC', 3, 7, 3, NULL, NULL, NULL, NULL, 0, '2017-06-01 06:47:08'),
(368, 'HANGOLI', '69', '606904', '6069040210', 'AWC', 3, 7, 3, NULL, NULL, NULL, NULL, 0, '2017-06-01 06:47:08'),
(369, 'HANGOLI', '69', '606904', '6069040211', 'AWC', 3, 7, 3, NULL, NULL, NULL, NULL, 0, '2017-06-01 06:47:08'),
(370, 'HANGOLA', '69', '606904', '6069040212', 'AWC', 3, 7, 3, NULL, NULL, NULL, NULL, 0, '2017-06-01 06:47:08'),
(371, 'HANGOLA', '69', '606904', '6069040213', 'AWC', 3, 7, 3, NULL, NULL, NULL, NULL, 0, '2017-06-01 06:47:08'),
(372, 'HARIPUR', '69', '606904', '6069040214', 'AWC', 3, 7, 2, NULL, NULL, NULL, NULL, 0, '2017-06-01 06:47:08'),
(373, 'HARIPUR', '69', '606904', '6069040215', 'AWC', 3, 7, 2, NULL, NULL, NULL, NULL, 0, '2017-06-01 06:47:08'),
(374, 'HARIYOLI', '69', '606904', '6069040216', 'AWC', 3, 7, 3, NULL, NULL, NULL, NULL, 0, '2017-06-01 06:47:08'),
(375, 'KHERI', '69', '606904', '6069040220', 'AWC', 3, 7, 3, NULL, NULL, NULL, NULL, 0, '2017-06-01 06:47:08'),
(376, 'KHERI', '69', '606904', '6069040221', 'AWC', 3, 7, 3, NULL, NULL, NULL, NULL, 0, '2017-06-01 06:47:08'),
(377, 'SAMANWA MINNI', '69', '606904', '6069040230', 'AWC', 3, 7, 3, NULL, NULL, NULL, NULL, 0, '2017-06-01 06:47:08'),
(378, 'SAMLEHRUI', '69', '606904', '6069040231', 'AWC', 3, 7, 3, NULL, NULL, NULL, NULL, 0, '2017-06-01 06:47:08'),
(379, 'SAMLEHRI', '69', '606904', '6069040232', 'AWC', 3, 7, 3, NULL, NULL, NULL, NULL, 0, '2017-06-01 06:47:08'),
(380, 'SHAZANPUR', '69', '606904', '6069040234', 'AWC', 3, 7, 3, NULL, NULL, NULL, NULL, 0, '2017-06-01 06:47:08'),
(381, 'THARWA', '69', '606904', '6069040236', 'AWC', 3, 7, 3, NULL, NULL, NULL, NULL, 0, '2017-06-01 06:47:08'),
(382, 'TIBBI MAJRA', '69', '606904', '6069040237', 'AWC', 3, 7, 3, NULL, NULL, NULL, NULL, 0, '2017-06-01 06:47:08'),
(383, 'BHAGWANPUR', '69', '606903', '6069030121', 'AWC', 4, 8, 3, NULL, NULL, NULL, NULL, 0, '2017-06-01 06:47:08'),
(384, 'KHARKUA', '69', '606903', '6069030122', 'AWC', 4, 8, 3, NULL, NULL, NULL, NULL, 0, '2017-06-01 06:47:08'),
(385, 'DIWANWALA', '69', '606903', '6069030123', 'AWC', 4, 8, 3, NULL, NULL, NULL, NULL, 0, '2017-06-01 06:47:08'),
(386, 'RAIPUR', '69', '606903', '6069030124', 'AWC', 4, 8, 3, NULL, NULL, NULL, NULL, 0, '2017-06-01 06:47:08'),
(387, 'GUMTHALA', '69', '606903', '6069030125', 'Mini AWC', 4, 8, 3, NULL, NULL, NULL, NULL, 0, '2017-06-01 06:47:08'),
(388, 'GADA', '69', '606903', '6069030128', 'Mini AWC', 4, 8, 3, NULL, NULL, NULL, NULL, 0, '2017-06-01 06:47:08'),
(389, 'MANAV COLONY', '69', '606903', '6069030129', 'AWC', 4, 8, 1, NULL, NULL, NULL, NULL, 0, '2017-06-01 06:47:08'),
(390, 'JALLAH', '69', '606903', '6069030130', 'AWC', 4, 8, 3, NULL, NULL, NULL, NULL, 0, '2017-06-01 06:47:08'),
(391, 'DHALUWAL', '69', '606903', '6069030131', 'AWC', 4, 8, 3, NULL, NULL, NULL, NULL, 0, '2017-06-01 06:47:08'),
(392, 'NARAINUWALA', '69', '606903', '6069030132', 'AWC', 4, 8, 3, NULL, NULL, NULL, NULL, 0, '2017-06-01 06:47:08'),
(393, 'AMBWALA', '69', '606903', '6069030401', 'AWC', 4, 11, 3, NULL, NULL, NULL, NULL, 0, '2017-06-01 06:47:08'),
(394, 'BEERGHAGAR-1', '69', '606903', '6069030411', 'AWC', 4, 11, 3, NULL, NULL, NULL, NULL, 0, '2017-06-01 06:47:08'),
(395, 'BEERGHAGAR-2', '69', '606903', '6069030412', 'AWC', 4, 11, 3, NULL, NULL, NULL, NULL, 0, '2017-06-01 06:47:09'),
(396, 'BEERGHAGAR-3', '69', '606903', '6069030413', 'AWC', 4, 11, 3, NULL, NULL, NULL, NULL, 0, '2017-06-01 06:47:09'),
(397, 'BEERGHAGAR-4', '69', '606903', '6069030414', 'AWC', 4, 11, 3, NULL, NULL, NULL, NULL, 0, '2017-06-01 06:47:09'),
(398, 'BEERGHAGAR-5', '69', '606903', '6069030415', 'AWC', 4, 11, 3, NULL, NULL, NULL, NULL, 0, '2017-06-01 06:47:09'),
(399, 'BURJ', '69', '606903', '6069030416', 'AWC', 4, 11, 3, NULL, NULL, NULL, NULL, 0, '2017-06-01 06:47:09'),
(400, 'CHANDI KOTLA', '69', '606903', '6069030417', 'AWC', 4, 11, 3, NULL, NULL, NULL, NULL, 0, '2017-06-01 06:47:09'),
(401, 'CHANDI MANDIR-1', '69', '606903', '6069030418', 'AWC', 4, 11, 3, NULL, NULL, NULL, NULL, 0, '2017-06-01 06:47:09'),
(402, 'CHANDI MANDIR-2', '69', '606903', '6069030419', 'AWC', 4, 11, 3, NULL, NULL, NULL, NULL, 0, '2017-06-01 06:47:09'),
(403, 'CHANDI MANDIR-3', '69', '606903', '6069030420', 'AWC', 4, 11, 3, NULL, NULL, NULL, NULL, 0, '2017-06-01 06:47:09'),
(404, 'RAMPUR SIYUDI-1', '69', '606903', '6069030426', 'AWC', 4, 11, 3, NULL, NULL, NULL, NULL, 0, '2017-06-01 06:47:09'),
(405, 'RAMPUR SIYUDI-2', '69', '606903', '6069030427', 'AWC', 4, 11, 3, NULL, NULL, NULL, NULL, 0, '2017-06-01 06:47:09'),
(406, 'RAMPUR SIYUDI-3', '69', '606903', '6069030428', 'AWC', 4, 11, 3, NULL, NULL, NULL, NULL, 0, '2017-06-01 06:47:09'),
(407, 'RAMPUR SIYUDI-4', '69', '606903', '6069030429', 'AWC', 4, 11, 3, NULL, NULL, NULL, NULL, 0, '2017-06-01 06:47:09'),
(408, 'RAMPUR SIYUDI-5', '69', '606903', '6069030430', 'AWC', 4, 11, 3, NULL, NULL, NULL, NULL, 0, '2017-06-01 06:47:09'),
(409, 'RAMPUR SIYUDI-6', '69', '606903', '6069030431', 'AWC', 4, 11, 3, NULL, NULL, NULL, NULL, 0, '2017-06-01 06:47:09'),
(410, 'UPRALA BURJ', '69', '606903', '6069030432', 'Mini AWC', 4, 11, 3, NULL, NULL, NULL, NULL, 0, '2017-06-01 06:47:09'),
(411, 'JOHLUWAL', '69', '606903', '6069030501', 'AWC', 4, 12, 5, NULL, NULL, NULL, NULL, 0, '2017-06-01 06:47:09'),
(412, 'NAWA NAGAR', '69', '606903', '6069030502', 'AWC', 4, 12, 5, NULL, NULL, NULL, NULL, 0, '2017-06-01 06:47:09'),
(413, 'NAWA NAGAR TAPRIYA', '69', '606903', '6069030503', 'Mini AWC', 4, 12, 5, NULL, NULL, NULL, NULL, 0, '2017-06-01 06:47:09'),
(414, 'KHOKHARA', '69', '606903', '6069030504', 'AWC', 4, 12, 5, NULL, NULL, NULL, NULL, 0, '2017-06-01 06:47:09'),
(415, 'CHIRA (KHOKHRA)', '69', '606903', '6069030505', 'AWC', 4, 12, 5, NULL, NULL, NULL, NULL, 0, '2017-06-01 06:47:09'),
(416, 'DARAWAS (KHOKHRA)', '69', '606903', '6069030506', 'AWC', 4, 12, 5, NULL, NULL, NULL, NULL, 0, '2017-06-01 06:47:09'),
(417, 'GORAKHNATH', '69', '606903', '6069030507', 'AWC', 4, 12, 5, NULL, NULL, NULL, NULL, 0, '2017-06-01 06:47:09'),
(418, 'SITOMAJRA', '69', '606903', '6069030508', 'Mini AWC', 4, 12, 5, NULL, NULL, NULL, NULL, 0, '2017-06-01 06:47:09'),
(419, 'SHAHPUR', '69', '606903', '6069030509', 'AWC', 4, 12, 5, NULL, NULL, NULL, NULL, 0, '2017-06-01 06:47:09'),
(420, 'MARRAWALA-1', '69', '606903', '6069030510', 'AWC', 4, 12, 5, NULL, NULL, NULL, NULL, 0, '2017-06-01 06:47:09'),
(421, 'MARRAWALA-2', '69', '606903', '6069030511', 'AWC', 4, 12, 5, NULL, NULL, NULL, NULL, 0, '2017-06-01 06:47:09'),
(422, 'WAZIRMAJRA', '69', '606903', '6069030512', 'AWC', 4, 12, 5, NULL, NULL, NULL, NULL, 0, '2017-06-01 06:47:09'),
(423, 'PRITAMPURA', '69', '606903', '6069030513', 'AWC', 4, 12, 5, NULL, NULL, NULL, NULL, 0, '2017-06-01 06:47:09'),
(424, 'KONNA-1', '69', '606903', '6069030514', 'AWC', 4, 12, 5, NULL, NULL, NULL, NULL, 0, '2017-06-01 06:47:09'),
(425, 'KONNA-2', '69', '606903', '6069030515', 'AWC', 4, 12, 5, NULL, NULL, NULL, NULL, 0, '2017-06-01 06:47:09'),
(426, 'KHOLMOLA', '69', '606903', '6069030516', 'AWC', 4, 12, 5, NULL, NULL, NULL, NULL, 0, '2017-06-01 06:47:09'),
(427, 'RAMPUR JANGI', '69', '606903', '6069030517', 'AWC', 4, 12, 5, NULL, NULL, NULL, NULL, 0, '2017-06-01 06:47:09'),
(428, 'NANAKPUR', '69', '606903', '6069030518', 'AWC', 4, 12, 5, NULL, NULL, NULL, NULL, 0, '2017-06-01 06:47:09'),
(429, 'KHUWALA', '69', '606903', '6069030519', 'Mini AWC', 4, 12, 5, NULL, NULL, NULL, NULL, 0, '2017-06-01 06:47:09'),
(430, 'SONTWALA(NANAKPUR)', '69', '606903', '6069030520', 'AWC', 4, 12, 5, NULL, NULL, NULL, NULL, 0, '2017-06-01 06:47:09'),
(431, 'RATTPUR', '69', '606903', '6069030521', 'AWC', 4, 13, 5, NULL, NULL, NULL, NULL, 0, '2017-06-01 06:47:09'),
(432, 'PREMPURA', '69', '606903', '6069030522', 'AWC', 4, 13, 5, NULL, NULL, NULL, NULL, 0, '2017-06-01 06:47:09'),
(433, 'BASOLA-1', '69', '606903', '6069030523', 'AWC', 4, 13, 5, NULL, NULL, NULL, NULL, 0, '2017-06-01 06:47:09');
INSERT INTO `anganwadis` (`id`, `name`, `dtcode`, `pjcode`, `awc_code`, `awc_type`, `block_id`, `circle_id`, `rbsk_team_id`, `city`, `address`, `landmark`, `pin_code`, `delete_status`, `created`) VALUES
(434, 'BASOLA-2', '69', '606903', '6069030524', 'AWC', 4, 13, 5, NULL, NULL, NULL, NULL, 0, '2017-06-01 06:47:10'),
(435, 'JATTA MAJRI', '69', '606903', '6069030525', 'AWC', 4, 13, 5, NULL, NULL, NULL, NULL, 0, '2017-06-01 06:47:10'),
(436, 'KIRATPUR-1', '69', '606903', '6069030526', 'AWC', 4, 12, 5, NULL, NULL, NULL, NULL, 0, '2017-06-01 06:47:10'),
(437, 'KIRATPUR-2', '69', '606903', '6069030527', 'AWC', 4, 12, 5, NULL, NULL, NULL, NULL, 0, '2017-06-01 06:47:10'),
(438, 'LEHRONDI', '69', '606903', '6069030528', 'Mini AWC', 4, 12, 5, NULL, NULL, NULL, NULL, 0, '2017-06-01 06:47:10'),
(439, 'RAM NAGAR KHO', '69', '606903', '6069030529', 'AWC', 4, 12, 5, NULL, NULL, NULL, NULL, 0, '2017-06-01 06:47:10'),
(440, 'JOHLUWAL TANDA', '69', '606903', '6069030530', 'AWC', 4, 12, 5, NULL, NULL, NULL, NULL, 0, '2017-06-01 06:47:10'),
(441, 'KHERA', '69', '606903', '6069030531', 'AWC', 4, 13, 5, NULL, NULL, NULL, NULL, 0, '2017-06-01 06:47:10'),
(442, 'PATTAN', '69', '606903', '6069030601', 'AWC', 4, 14, 5, NULL, NULL, NULL, NULL, 0, '2017-06-01 06:47:10'),
(443, 'BHOGPUR', '69', '606903', '6069030602', 'AWC', 4, 14, 5, NULL, NULL, NULL, NULL, 0, '2017-06-01 06:47:10'),
(444, 'CHICKEN-1', '69', '606903', '6069030603', 'AWC', 4, 14, 3, NULL, NULL, NULL, NULL, 0, '2017-06-01 06:47:10'),
(445, 'CHICKEN-2', '69', '606903', '6069030604', 'AWC', 4, 14, 3, NULL, NULL, NULL, NULL, 0, '2017-06-01 06:47:10'),
(446, 'ISHAR NAGAR', '69', '606903', '6069030605', 'AWC', 4, 14, 5, NULL, NULL, NULL, NULL, 0, '2017-06-01 06:47:10'),
(447, 'NANDPUR', '69', '606903', '6069030606', 'AWC', 4, 14, 5, NULL, NULL, NULL, NULL, 0, '2017-06-01 06:47:10'),
(448, 'JABROT', '69', '606903', '6069030607', 'AWC', 4, 14, 5, NULL, NULL, NULL, NULL, 0, '2017-06-01 06:47:10'),
(449, 'NALA BALOG', '69', '606903', '6069030608', 'AWC', 4, 14, 5, NULL, NULL, NULL, NULL, 0, '2017-06-01 06:47:10'),
(450, 'KAZIANA', '69', '606903', '6069030609', 'AWC', 4, 14, 5, NULL, NULL, NULL, NULL, 0, '2017-06-01 06:47:10'),
(451, 'TORAN', '69', '606903', '6069030610', 'AWC', 4, 14, 5, NULL, NULL, NULL, NULL, 0, '2017-06-01 06:47:10'),
(452, 'BHAWANA', '69', '606903', '6069030611', 'AWC', 4, 14, 5, NULL, NULL, NULL, NULL, 0, '2017-06-01 06:47:10'),
(453, 'BHORIAN', '69', '606903', '6069030612', 'AWC', 4, 14, 5, NULL, NULL, NULL, NULL, 0, '2017-06-01 06:47:10'),
(454, 'NOLTA', '69', '606903', '6069030613', 'Mini AWC', 4, 14, 5, NULL, NULL, NULL, NULL, 0, '2017-06-01 06:47:10'),
(455, 'DAMDAMA', '69', '606903', '6069030614', 'AWC', 4, 14, 5, NULL, NULL, NULL, NULL, 0, '2017-06-01 06:47:10'),
(456, 'DAKROG', '69', '606903', '6069030615', 'AWC', 4, 14, 5, NULL, NULL, NULL, NULL, 0, '2017-06-01 06:47:10'),
(457, 'MALLAH', '69', '606903', '6069030616', 'AWC', 4, 14, 5, NULL, NULL, NULL, NULL, 0, '2017-06-01 06:47:10'),
(458, 'DHAMSU', '69', '606903', '6069030617', 'Mini AWC', 4, 14, 5, NULL, NULL, NULL, NULL, 0, '2017-06-01 06:47:10'),
(459, 'KEDARPUR', '69', '606903', '6069030618', 'AWC', 4, 14, 5, NULL, NULL, NULL, NULL, 0, '2017-06-01 06:47:10'),
(460, 'JODHPUR', '69', '606903', '6069030619', 'Mini AWC', 4, 15, 5, NULL, NULL, NULL, NULL, 0, '2017-06-01 06:47:10'),
(461, 'NALA DHAMEHAR', '69', '606903', '6069030620', 'Mini AWC', 4, 14, 5, NULL, NULL, NULL, NULL, 0, '2017-06-01 06:47:10'),
(462, 'KUTBEWALA', '69', '606903', '6069030621', 'Mini AWC', 4, 14, 5, NULL, NULL, NULL, NULL, 0, '2017-06-01 06:47:10'),
(463, 'BAJEWALA', '69', '606903', '6069030622', 'Mini AWC', 4, 14, 5, NULL, NULL, NULL, NULL, 0, '2017-06-01 06:47:10'),
(464, 'KHOI', '69', '606903', '6069030623', 'Mini AWC', 4, 14, 5, NULL, NULL, NULL, NULL, 0, '2017-06-01 06:47:10'),
(465, 'DHATOGRA', '69', '606903', '6069030624', 'Mini AWC', 4, 14, 5, NULL, NULL, NULL, NULL, 0, '2017-06-01 06:47:10'),
(466, 'GWAHI', '69', '606903', '6069030625', 'Mini AWC', 4, 14, 5, NULL, NULL, NULL, NULL, 0, '2017-06-01 06:47:10'),
(467, 'BAGHRANI', '69', '606903', '6069030626', 'Mini AWC', 4, 14, 5, NULL, NULL, NULL, NULL, 0, '2017-06-01 06:47:10'),
(468, 'CHAPEHAR', '69', '606903', '6069030627', 'Mini AWC', 4, 15, 3, NULL, NULL, NULL, NULL, 0, '2017-06-01 06:47:10'),
(469, 'JAITHAL', '69', '606903', '6069030628', 'Mini AWC', 4, 14, 5, NULL, NULL, NULL, NULL, 0, '2017-06-01 06:47:10'),
(470, 'JANOULI', '69', '606903', '6069030629', 'Mini AWC', 4, 14, 5, NULL, NULL, NULL, NULL, 0, '2017-06-01 06:47:10'),
(471, 'KHOL FATEH SINGH', '69', '606903', '6069030701', 'Mini AWC', 4, 12, 5, NULL, NULL, NULL, NULL, 0, '2017-06-01 06:47:10'),
(472, 'DHARAMPUR', '69', '606903', '6069030702', 'Mini AWC', 4, 15, 5, NULL, NULL, NULL, NULL, 0, '2017-06-01 06:47:10'),
(473, 'BITNA SEURI', '69', '606903', '6069030703', 'AWC', 4, 15, 5, NULL, NULL, NULL, NULL, 0, '2017-06-01 06:47:10'),
(474, 'GHATIWALA-1', '69', '606903', '6069030704', 'AWC', 4, 15, 5, NULL, NULL, NULL, NULL, 0, '2017-06-01 06:47:11'),
(475, 'BHAIRO KI SEIR-1', '69', '606903', '6069030705', 'AWC', 4, 15, 5, NULL, NULL, NULL, NULL, 0, '2017-06-01 06:47:11'),
(476, 'BHAIRO KI SEIR-2', '69', '606903', '6069030706', 'AWC', 4, 15, 5, NULL, NULL, NULL, NULL, 0, '2017-06-01 06:47:11'),
(477, 'GHATIWLA-2', '69', '606903', '6069030708', 'AWC', 4, 15, 5, NULL, NULL, NULL, NULL, 0, '2017-06-01 06:47:11'),
(478, 'BALMIKI BASTI', '69', '606903', '6069030709', 'AWC', 4, 15, 5, NULL, NULL, NULL, NULL, 0, '2017-06-01 06:47:11'),
(479, 'BAGALA BASTI', '69', '606903', '6069030710', 'AWC', 4, 15, 5, NULL, NULL, NULL, NULL, 0, '2017-06-01 06:47:11'),
(480, 'KURARI COLONY', '69', '606903', '6069030711', 'AWC', 4, 15, 5, NULL, NULL, NULL, NULL, 0, '2017-06-01 06:47:11'),
(481, 'KHATIK MOHALA', '69', '606903', '6069030712', 'AWC', 4, 15, 5, NULL, NULL, NULL, NULL, 0, '2017-06-01 06:47:11'),
(482, 'FRIENDS COLONY', '69', '606903', '6069030713', 'AWC', 4, 15, 5, NULL, NULL, NULL, NULL, 0, '2017-06-01 06:47:11'),
(483, 'BASANT KUNJ', '69', '606903', '6069030714', 'AWC', 4, 15, 5, NULL, NULL, NULL, NULL, 0, '2017-06-01 06:47:11'),
(484, 'SARANPUR MOHALLA', '69', '606903', '6069030715', 'AWC', 4, 15, 5, NULL, NULL, NULL, NULL, 0, '2017-06-01 06:47:11'),
(485, 'KAMLA COLONY', '69', '606903', '6069030716', 'AWC', 4, 15, 5, NULL, NULL, NULL, NULL, 0, '2017-06-01 06:47:11'),
(486, 'TIBI MOHALLA', '69', '606903', '6069030717', 'AWC', 4, 15, 5, NULL, NULL, NULL, NULL, 0, '2017-06-01 06:47:11'),
(487, 'HOUSING BOARD', '69', '606903', '6069030718', 'Mini AWC', 4, 15, 5, NULL, NULL, NULL, NULL, 0, '2017-06-01 06:47:11'),
(488, 'KALIMATA MANDIR', '69', '606903', '6069030719', 'Mini AWC', 4, 15, 5, NULL, NULL, NULL, NULL, 0, '2017-06-01 06:47:11'),
(489, 'KANGUWALA', '69', '606903', '6069030720', 'Mini AWC', 4, 15, 5, NULL, NULL, NULL, NULL, 0, '2017-06-01 06:47:11'),
(490, 'TEEPRA-1', '69', '606903', '6069030721', 'AWC', 4, 15, 5, NULL, NULL, NULL, NULL, 0, '2017-06-01 06:47:11'),
(491, 'TEEPRA-2', '69', '606903', '6069030722', 'AWC', 4, 15, 5, NULL, NULL, NULL, NULL, 0, '2017-06-01 06:47:11'),
(492, 'TEEPRA-3', '69', '606903', '6069030723', 'AWC', 4, 15, 5, NULL, NULL, NULL, NULL, 0, '2017-06-01 06:47:11'),
(493, 'BITNA VILLAGE', '69', '606903', '6069030724', 'AWC', 4, 15, 5, NULL, NULL, NULL, NULL, 0, '2017-06-01 06:47:11'),
(494, 'KHERA SITA RAM 1', '69', '606903', '6069030725', 'AWC', 4, 15, 5, NULL, NULL, NULL, NULL, 0, '2017-06-01 06:47:11'),
(495, 'KHERA SITA RAM-2', '69', '606903', '6069030726', 'AWC', 4, 15, 5, NULL, NULL, NULL, NULL, 0, '2017-06-01 06:47:11'),
(496, 'KARANPUR-1', '69', '606903', '6069030727', 'AWC', 4, 12, 5, NULL, NULL, NULL, NULL, 0, '2017-06-01 06:47:11'),
(497, 'KARANPUR-2', '69', '606903', '6069030728', 'AWC', 4, 12, 5, NULL, NULL, NULL, NULL, 0, '2017-06-01 06:47:11'),
(498, 'KARANPUR-3', '69', '606903', '6069030729', 'AWC', 4, 12, 5, NULL, NULL, NULL, NULL, 0, '2017-06-01 06:47:11'),
(499, 'KARANPUR-TAPRI', '69', '606903', '6069030730', 'AWC', 4, 12, 5, NULL, NULL, NULL, NULL, 0, '2017-06-01 06:47:11'),
(500, 'GARIDA', '69', '606903', '6069030731', 'AWC', 4, 12, 5, NULL, NULL, NULL, NULL, 0, '2017-06-01 06:47:11'),
(501, 'CHARINA', '69', '606903', '6069030732', 'AWC', 4, 12, 5, NULL, NULL, NULL, NULL, 0, '2017-06-01 06:47:11'),
(502, 'MOLEWALI', '69', '606903', '6069030733', 'AWC', 4, 12, 5, NULL, NULL, NULL, NULL, 0, '2017-06-01 06:47:11'),
(503, 'JATTAN WALA', '69', '606903', '6069030801', 'Mini AWC', 4, 15, 5, NULL, NULL, NULL, NULL, 0, '2017-06-01 06:47:11'),
(504, 'M.PDEVI LAL', '69', '606903', '6069030802', 'AWC', 4, 13, 5, NULL, NULL, NULL, NULL, 0, '2017-06-01 06:47:11'),
(505, 'M.P NANAK', '69', '606903', '6069030803', 'AWC', 4, 13, 5, NULL, NULL, NULL, NULL, 0, '2017-06-01 06:47:11'),
(506, 'M.P NANAK', '69', '606903', '6069030804', 'Mini AWC', 4, 13, 5, NULL, NULL, NULL, NULL, 0, '2017-06-01 06:47:11'),
(507, 'M.P THAKUR', '69', '606903', '6069030805', 'AWC', 4, 13, 5, NULL, NULL, NULL, NULL, 0, '2017-06-01 06:47:11'),
(508, 'VASUDEVPURA-1', '69', '606903', '6069030806', 'AWC', 4, 13, 5, NULL, NULL, NULL, NULL, 0, '2017-06-01 06:47:11'),
(509, 'VASUDEVPURA-2', '69', '606903', '6069030807', 'Mini AWC', 4, 13, 5, NULL, NULL, NULL, NULL, 0, '2017-06-01 06:47:11'),
(510, 'LOHGARH-1', '69', '606903', '6069030808', 'AWC', 4, 13, 5, NULL, NULL, NULL, NULL, 0, '2017-06-01 06:47:11'),
(511, 'LOHGARH-2', '69', '606903', '6069030809', 'AWC', 4, 13, 5, NULL, NULL, NULL, NULL, 0, '2017-06-01 06:47:11'),
(512, 'SUKHO MAJRI', '69', '606903', '6069030810', 'AWC', 4, 13, 5, NULL, NULL, NULL, NULL, 0, '2017-06-01 06:47:11'),
(513, 'GIDRAWALI', '69', '606903', '6069030811', 'AWC', 4, 13, 5, NULL, NULL, NULL, NULL, 0, '2017-06-01 06:47:11'),
(514, 'DHAMALA-1', '69', '606903', '6069030812', 'AWC', 4, 13, 5, NULL, NULL, NULL, NULL, 0, '2017-06-01 06:47:11'),
(515, 'DHAMALA-2', '69', '606903', '6069030813', 'AWC', 4, 13, 5, NULL, NULL, NULL, NULL, 0, '2017-06-01 06:47:11'),
(516, 'VISHKARMA COLONY', '69', '606903', '6069030814', 'AWC', 4, 13, 5, NULL, NULL, NULL, NULL, 0, '2017-06-01 06:47:11'),
(517, 'SAINI MOHALLA', '69', '606903', '6069030815', 'AWC', 4, 13, 5, NULL, NULL, NULL, NULL, 0, '2017-06-01 06:47:12'),
(518, 'KABIR PANTHI', '69', '606903', '6069030816', 'AWC', 4, 13, 5, NULL, NULL, NULL, NULL, 0, '2017-06-01 06:47:12'),
(519, 'BITNA COLONY', '69', '606903', '6069030817', 'AWC', 4, 13, 5, NULL, NULL, NULL, NULL, 0, '2017-06-01 06:47:12'),
(520, 'SURAJPUR-1', '69', '606903', '6069030818', 'AWC', 4, 13, 5, NULL, NULL, NULL, NULL, 0, '2017-06-01 06:47:12'),
(521, 'SURAJPUR-2', '69', '606903', '6069030819', 'AWC', 4, 13, 5, NULL, NULL, NULL, NULL, 0, '2017-06-01 06:47:12'),
(522, 'SURAJPUR-3', '69', '606903', '6069030820', 'AWC', 4, 13, 5, NULL, NULL, NULL, NULL, 0, '2017-06-01 06:47:12'),
(523, 'B.C.W.SURAJPUR', '69', '606903', '6069030821', 'AWC', 4, 13, 3, NULL, NULL, NULL, NULL, 0, '2017-06-01 06:47:12'),
(524, 'B.C.W.SURAJPUR', '69', '606903', '6069030822', 'AWC', 4, 13, 3, NULL, NULL, NULL, NULL, 0, '2017-06-01 06:47:12'),
(525, 'RAJJIPUR-1', '69', '606903', '6069030823', 'AWC', 4, 13, 3, NULL, NULL, NULL, NULL, 0, '2017-06-01 06:47:12'),
(526, 'RAJJIPUR-2', '69', '606903', '6069030824', 'AWC', 4, 13, 3, NULL, NULL, NULL, NULL, 0, '2017-06-01 06:47:12'),
(527, 'RAJJIPUR-3', '69', '606903', '6069030825', 'AWC', 4, 13, 3, NULL, NULL, NULL, NULL, 0, '2017-06-01 06:47:12'),
(528, 'PANGA MAJRI', '69', '606903', '6069030826', 'AWC', 4, 15, 3, NULL, NULL, NULL, NULL, 0, '2017-06-01 06:47:12'),
(529, 'MASJIDWALA', '69', '606903', '6069030827', 'AWC', 4, 14, 3, NULL, NULL, NULL, NULL, 0, '2017-06-01 06:47:12'),
(530, 'BAXIWALA', '69', '606903', '6069030828', 'AWC', 4, 15, 3, NULL, NULL, NULL, NULL, 0, '2017-06-01 06:47:12'),
(531, 'ISLAM NAGAR', '69', '606903', '6069030829', 'AWC', 4, 15, 3, NULL, NULL, NULL, NULL, 0, '2017-06-01 06:47:12'),
(532, 'NAGAL.SODIAN', '69', '606903', '6069030830', 'Mini AWC', 4, 15, 3, NULL, NULL, NULL, NULL, 0, '2017-06-01 06:47:12'),
(533, 'TIBBI', '69', '606903', '6069030831', 'Mini AWC', 4, 15, 3, NULL, NULL, NULL, NULL, 0, '2017-06-01 06:47:12'),
(534, 'JOHRIWALA', '69', '606903', '6069030832', 'Mini AWC', 4, 14, 3, NULL, NULL, NULL, NULL, 0, '2017-06-01 06:47:12'),
(535, 'newagw', '654', '654', '321654', NULL, 4, 15, 5, NULL, NULL, NULL, NULL, 0, '2017-06-26 07:46:52');

-- --------------------------------------------------------

--
-- Table structure for table `api_requests`
--

CREATE TABLE `api_requests` (
  `id` char(36) NOT NULL,
  `http_method` varchar(10) NOT NULL,
  `endpoint` varchar(2048) NOT NULL,
  `token` varchar(2048) DEFAULT NULL,
  `ip_address` varchar(50) NOT NULL,
  `request_data` longtext,
  `response_code` int(5) NOT NULL,
  `response_data` longtext,
  `exception` longtext,
  `created` datetime NOT NULL,
  `modified` datetime NOT NULL
) ENGINE=InnoDB DEFAULT CHARSET=utf8;

-- --------------------------------------------------------

--
-- Table structure for table `auth_keys`
--

CREATE TABLE `auth_keys` (
  `id` int(11) NOT NULL,
  `key` varchar(40) NOT NULL,
  `level` int(2) NOT NULL,
  `ignore_limits` tinyint(1) NOT NULL DEFAULT '0',
  `is_private_key` tinyint(1) NOT NULL DEFAULT '0',
  `ip_addresses` text,
  `date_created` int(11) NOT NULL
) ENGINE=InnoDB DEFAULT CHARSET=utf8;

--
-- Dumping data for table `auth_keys`
--

INSERT INTO `auth_keys` (`id`, `key`, `level`, `ignore_limits`, `is_private_key`, `ip_addresses`, `date_created`) VALUES
(1, 'a152e84173914146e4bc4f391sd0f686ebc4f31', 0, 0, 0, NULL, 0);

-- --------------------------------------------------------

--
-- Table structure for table `blocks`
--

CREATE TABLE `blocks` (
  `id` int(11) NOT NULL,
  `name` varchar(255) DEFAULT NULL,
  `region` int(90) DEFAULT NULL,
  `created_at` timestamp NULL DEFAULT CURRENT_TIMESTAMP
) ENGINE=InnoDB DEFAULT CHARSET=latin1;

--
-- Dumping data for table `blocks`
--

INSERT INTO `blocks` (`id`, `name`, `region`, `created_at`) VALUES
(1, 'BARWALA', NULL, '2017-05-29 09:22:15'),
(2, 'Morni', NULL, '2017-05-29 09:22:18'),
(3, 'Raipur rani ', NULL, '2017-05-29 09:22:20'),
(4, 'Pinjore ', NULL, '2017-05-29 09:22:22');

-- --------------------------------------------------------

--
-- Table structure for table `boys_saw_chart`
--

CREATE TABLE `boys_saw_chart` (
  `id` int(11) NOT NULL,
  `height` int(11) NOT NULL COMMENT 'in cm',
  `median` float NOT NULL,
  `1sd` float NOT NULL,
  `2sd` float NOT NULL,
  `3sd` float NOT NULL,
  `4sd` float NOT NULL
) ENGINE=InnoDB DEFAULT CHARSET=latin1;

--
-- Dumping data for table `boys_saw_chart`
--

INSERT INTO `boys_saw_chart` (`id`, `height`, `median`, `1sd`, `2sd`, `3sd`, `4sd`) VALUES
(1, 45, 2.4, 2.2, 2, 1.9, 1.7),
(2, 46, 2.6, 2.4, 2.2, 2, 1.8),
(3, 47, 2.8, 2.5, 2.3, 2.1, 2),
(4, 48, 2.9, 2.7, 2.5, 2.3, 2.1),
(5, 49, 3.1, 2.9, 2.6, 2.4, 2.2),
(6, 50, 3.3, 3, 2.8, 2.6, 2.4),
(7, 51, 3.5, 3.2, 3, 2.7, 2.5),
(8, 52, 3.8, 3.5, 3.2, 2.9, 2.7),
(9, 53, 4, 3.7, 3.4, 3.1, 2.9),
(10, 54, 4.3, 3.9, 3.6, 3.3, 3.1),
(11, 55, 4.5, 4.2, 3.8, 3.6, 3.3),
(12, 56, 4.8, 4.4, 4.1, 3.8, 3.5),
(13, 57, 5.1, 4.7, 4.3, 4, 3.7),
(14, 58, 5.4, 5, 4.6, 4.3, 3.9),
(15, 59, 5.7, 5.3, 4.8, 4.5, 4.1),
(16, 60, 6, 5.5, 5.1, 4.7, 4.3),
(17, 61, 6.3, 5.8, 5.3, 4.9, 4.5),
(18, 62, 6.5, 6, 5.6, 5.1, 4.7),
(19, 63, 6.8, 6.2, 5.8, 5.3, 4.9),
(20, 64, 7, 6.5, 6, 5.5, 5.1),
(21, 65, 7.3, 6.7, 6.2, 5.7, 5.3),
(22, 66, 7.5, 6.9, 6.4, 5.9, 5.5),
(23, 67, 7.7, 7.1, 6.6, 6.1, 5.6),
(24, 68, 8, 7.3, 6.8, 6.3, 5.8),
(25, 69, 8.2, 7.6, 7, 6.5, 6),
(26, 70, 8.4, 7.8, 7.2, 6.6, 6.1),
(27, 71, 8.6, 8, 7.4, 6.8, 6.3),
(28, 72, 8.9, 8.2, 7.6, 7, 6.4),
(29, 73, 9.1, 8.4, 7.7, 7.2, 6.6),
(30, 74, 9.3, 8.6, 7.9, 7.3, 6.7),
(31, 75, 9.5, 8.8, 8.1, 7.5, 6.9),
(32, 76, 9.7, 8.9, 8.3, 7.6, 7),
(33, 77, 9.9, 9.1, 8.4, 7.8, 7.2),
(67, 78, 10.1, 9.3, 8.6, 7.9, 7.3),
(68, 79, 10.3, 9.5, 8.7, 8.1, 7.4),
(69, 80, 10.4, 9.6, 8.9, 8.2, 7.6),
(70, 81, 10.6, 9.8, 9.1, 8.4, 7.7),
(71, 82, 10.8, 10, 9.2, 8.5, 7.9),
(72, 83, 11, 10.2, 9.4, 8.7, 8),
(73, 84, 11.3, 10.4, 9.6, 8.9, 8.2),
(74, 85, 11.5, 10.6, 9.8, 9.1, 8.4),
(75, 86, 11.7, 10.8, 10, 9.3, 8.6),
(76, 88, 12.4, 11.5, 10.6, 9.8, 9.1),
(77, 89, 12.6, 11.7, 10.8, 10, 9.3),
(78, 90, 12.9, 11.9, 11, 10.2, 9.4),
(79, 91, 13.1, 12.1, 11.2, 10.4, 9.6),
(80, 92, 13.4, 12.3, 11.4, 10.6, 9.8),
(81, 93, 13.6, 12.6, 11.6, 10.8, 9.9),
(82, 94, 13.8, 12.8, 11.8, 11, 10.1),
(83, 95, 14.1, 13, 12, 11.1, 10.3),
(84, 96, 14.3, 13.2, 12.2, 11.3, 10.4),
(85, 97, 14.6, 13.4, 12.4, 11.5, 10.6),
(86, 98, 14.8, 13.7, 12.6, 11.7, 10.8),
(87, 99, 15.1, 13.9, 12.9, 11.9, 11),
(88, 100, 15.4, 14.2, 13.1, 12.1, 11.2),
(89, 101, 15.6, 14.4, 13.3, 12.3, 11.3),
(90, 102, 15.9, 14.7, 13.6, 12.5, 11.5),
(91, 103, 16.2, 14.9, 13.8, 12.8, 11.7),
(92, 104, 16.5, 15.2, 14, 13, 11.9),
(93, 105, 16.8, 15.5, 14.3, 13.2, 12.1),
(94, 106, 17.2, 15.8, 14.5, 13.4, 12.3),
(95, 107, 17.5, 16.1, 14.8, 13.7, 12.5),
(96, 108, 17.8, 16.4, 15.1, 13.9, 12.7),
(97, 109, 18.2, 16.7, 15.3, 14.1, 12.9),
(98, 110, 18.5, 17, 15.6, 14.4, 13.2),
(99, 111, 18.9, 17.3, 15.9, 14.6, 13.4),
(100, 112, 19.2, 17.6, 16.2, 14.9, 13.6),
(101, 113, 19.6, 18, 16.5, 15.2, 13.8),
(102, 114, 20, 18.3, 16.8, 15.4, 14.1),
(103, 115, 20.4, 18.6, 17.1, 15.7, 14.3),
(104, 116, 20.8, 19, 17.4, 16, 14.6),
(105, 117, 21.2, 19.3, 17.7, 16.2, 14.8),
(106, 118, 21.6, 19.7, 18, 16.5, 15),
(107, 119, 22, 20, 18.3, 16.8, 15.3),
(108, 120, 22.4, 20.4, 18.6, 17.1, 15.5),
(109, 87, 11.7, 10.8, 10, 9.3, 8.6);

-- --------------------------------------------------------

--
-- Table structure for table `boys_suw_chart`
--

CREATE TABLE `boys_suw_chart` (
  `id` int(11) NOT NULL,
  `age` int(11) DEFAULT NULL COMMENT 'in MOnths',
  `median` float NOT NULL,
  `1sd` float NOT NULL,
  `2sd` float NOT NULL,
  `3sd` float NOT NULL,
  `1sd_minus` float DEFAULT NULL,
  `2sd_minus` float DEFAULT NULL,
  `3sd_minus` float DEFAULT NULL
) ENGINE=InnoDB DEFAULT CHARSET=latin1;

--
-- Dumping data for table `boys_suw_chart`
--

INSERT INTO `boys_suw_chart` (`id`, `age`, `median`, `1sd`, `2sd`, `3sd`, `1sd_minus`, `2sd_minus`, `3sd_minus`) VALUES
(1, 0, 3.3, 3.9, 4.4, 5, 2.9, 2.5, 2.1),
(2, 1, 4.5, 5.1, 5.8, 6.6, 3.9, 3.4, 2.9),
(3, 2, 5.6, 6.3, 7.1, 8, 4.9, 4.3, 3.8),
(4, 3, 6.4, 7.2, 8, 9, 5.7, 5, 4.4),
(5, 4, 7, 7.8, 8.7, 9.7, 6.2, 5.6, 4.9),
(6, 5, 7.5, 8.4, 9.3, 10.4, 6.7, 6, 5.3),
(7, 6, 7.9, 8.8, 9.8, 10.9, 7.1, 6.4, 5.7),
(8, 7, 8.3, 9.2, 10.3, 11.4, 7.4, 6.7, 5.9),
(9, 8, 8.6, 9.6, 10.7, 11.9, 7.7, 6.9, 6.2),
(10, 9, 8.9, 9.9, 11, 12.3, 8, 7.1, 6.4),
(11, 10, 9.2, 10.2, 11.4, 12.7, 8.2, 7.4, 6.6),
(12, 11, 9.4, 10.5, 11.7, 13, 8.4, 7.6, 6.8),
(13, 12, 9.6, 10.8, 12, 13.3, 8.6, 7.7, 6.9),
(14, 13, 9.9, 11, 12.3, 13.7, 8.8, 7.9, 7.1),
(15, 14, 10.1, 11.3, 12.6, 14, 9, 8.1, 7.2),
(16, 15, 10.3, 11.5, 12.8, 14.3, 9.2, 8.3, 7.4),
(17, 16, 10.5, 11.7, 13.1, 14.6, 9.4, 8.4, 7.5),
(18, 17, 10.7, 12, 13.4, 14.9, 9.6, 8.6, 7.7),
(19, 18, 10.9, 12.2, 13.7, 15.3, 9.8, 8.8, 7.8),
(20, 19, 11.1, 12.5, 13.9, 15.6, 10, 8.9, 8),
(21, 20, 11.3, 12.7, 14.2, 15.9, 10.1, 9.1, 8.1),
(22, 21, 11.5, 12.9, 14.5, 16.2, 10.3, 9.2, 8.2),
(23, 22, 11.8, 13.2, 14.7, 16.5, 10.5, 9.4, 8.4),
(24, 23, 12, 13.4, 15, 16.8, 10.7, 9.5, 8.5),
(25, 24, 12.2, 13.6, 15.3, 17.1, 10.8, 9.7, 8.6),
(26, 25, 12.4, 13.9, 15.5, 17.5, 11, 9.8, 8.8),
(27, 26, 12.5, 14.1, 15.8, 17.8, 11.2, 10, 8.9),
(28, 27, 12.7, 14.3, 16.1, 18.1, 11.3, 10.1, 9),
(29, 28, 12.9, 14.5, 16.3, 18.4, 11.5, 10.2, 9.1),
(30, 29, 13.1, 14.8, 16.6, 18.7, 11.7, 10.4, 9.2),
(31, 30, 13.3, 15, 16.9, 19, 11.8, 10.5, 9.4),
(32, 31, 13.5, 15.2, 17.1, 19.3, 12, 10.7, 9.5),
(33, 32, 13.7, 15.4, 17.4, 19.6, 12.1, 10.8, 9.6),
(34, 33, 13.8, 15.6, 17.6, 19.9, 12.3, 10.9, 9.7),
(35, 34, 14, 15.8, 17.8, 20.2, 12.4, 11, 9.8),
(36, 35, 14.2, 16, 18.1, 20.4, 12.6, 11.2, 9.9),
(37, 36, 14.3, 16.2, 18.3, 20.7, 12.7, 11.3, 10),
(38, 37, 14.5, 16.4, 18.6, 21, 12.9, 11.4, 10.1),
(39, 38, 14.7, 16.6, 18.8, 21.3, 13, 11.5, 10.2),
(40, 39, 14.8, 16.8, 19, 21.6, 13.1, 11.6, 10.3),
(41, 40, 15, 17, 19.3, 21.9, 13.3, 11.8, 10.4),
(42, 41, 15.2, 17.2, 19.5, 22.1, 13.4, 11.9, 10.5),
(43, 42, 15.3, 17.4, 19.7, 22.4, 13.6, 12, 10.6),
(44, 43, 15.5, 17.6, 20, 22.7, 13.7, 12.1, 10.7),
(45, 44, 15.7, 17.8, 20.2, 23, 13.8, 12.2, 10.8),
(46, 45, 15.8, 18, 20.5, 23.3, 14, 12.4, 10.9),
(47, 46, 16, 18.2, 20.7, 23.6, 14.1, 12.5, 11),
(48, 47, 16.2, 18.4, 20.9, 23.9, 14.3, 12.6, 11.1),
(49, 48, 16.3, 18.6, 21.2, 24.2, 14.4, 12.7, 11.2),
(50, 49, 16.5, 18.8, 21.4, 24.5, 14.5, 12.8, 11.3),
(51, 50, 16.7, 19, 21.7, 24.8, 14.7, 12.9, 11.4),
(52, 51, 16.8, 19.2, 21.9, 25.1, 14.8, 13.1, 11.5),
(53, 52, 17, 19.4, 22.2, 25.4, 15, 13.2, 11.6),
(54, 53, 17.2, 19.6, 22.4, 25.7, 15.1, 13.3, 11.7),
(55, 54, 17.3, 19.8, 22.7, 26, 15.2, 13.4, 11.8),
(56, 55, 17.5, 20, 22.9, 26.3, 15.4, 13.5, 11.9),
(57, 56, 17.7, 20.2, 23.2, 26.6, 15.5, 13.6, 12),
(58, 57, 17.8, 20.4, 23.4, 26.9, 15.6, 13.7, 12.1),
(59, 58, 18, 20.6, 23.7, 27.2, 15.8, 13.8, 12.2),
(60, 59, 18.2, 20.8, 23.9, 27.6, 15.9, 14, 12.3),
(61, 60, 18.3, 21, 24.2, 27.9, 16, 14.1, 12.4);

-- --------------------------------------------------------

--
-- Table structure for table `circles`
--

CREATE TABLE `circles` (
  `id` int(11) NOT NULL,
  `name` varchar(90) DEFAULT NULL,
  `description` text,
  `block_id` int(11) DEFAULT NULL,
  `created_at` timestamp NULL DEFAULT CURRENT_TIMESTAMP
) ENGINE=InnoDB DEFAULT CHARSET=latin1;

--
-- Dumping data for table `circles`
--

INSERT INTO `circles` (`id`, `name`, `description`, `block_id`, `created_at`) VALUES
(1, 'BARWALA', NULL, 1, '2017-05-29 09:22:15'),
(2, 'RAMGARH', NULL, 1, '2017-05-29 09:22:16'),
(3, 'KANDAIWALA ', NULL, 1, '2017-05-29 09:22:16'),
(4, 'Baladwala', NULL, 2, '2017-05-29 09:22:18'),
(5, 'Morni', NULL, 2, '2017-05-29 09:22:19'),
(6, 'Dandrollo', NULL, 3, '2017-05-29 09:22:20'),
(7, 'Haripur', NULL, 3, '2017-05-29 09:22:21'),
(8, 'Majri ', NULL, 4, '2017-05-29 09:22:22'),
(9, 'pinjore ', NULL, 4, '2017-05-29 09:22:23'),
(10, 'rajiv colony', NULL, 4, '2017-05-29 09:22:24'),
(11, 'Bir Ghagar', NULL, 4, '2017-05-29 09:22:25'),
(12, 'Kiratpur', NULL, 4, '2017-05-29 09:22:26'),
(13, 'MPD', NULL, 4, '2017-05-29 09:22:26'),
(14, 'Chiken', NULL, 4, '2017-05-29 09:22:27'),
(15, 'Kalka', NULL, 4, '2017-05-29 09:22:27');

-- --------------------------------------------------------

--
-- Table structure for table `cms_pages`
--

CREATE TABLE `cms_pages` (
  `id` int(11) NOT NULL,
  `pagename` varchar(255) DEFAULT NULL,
  `pageheading` text NOT NULL,
  `banner_image` varchar(255) NOT NULL,
  `pagecontent` text NOT NULL,
  `pageurl` varchar(100) NOT NULL,
  `link` varchar(255) NOT NULL,
  `company_name` varchar(255) NOT NULL,
  `phone_no` varchar(255) NOT NULL,
  `email` varchar(255) NOT NULL,
  `location` varchar(255) NOT NULL,
  `status` int(2) NOT NULL DEFAULT '1',
  `meta_title` varchar(255) NOT NULL,
  `meta_keywords` text NOT NULL,
  `meta_description` text NOT NULL,
  `created` timestamp NOT NULL DEFAULT CURRENT_TIMESTAMP,
  `modified` datetime NOT NULL
) ENGINE=MyISAM DEFAULT CHARSET=latin1;

--
-- Dumping data for table `cms_pages`
--

INSERT INTO `cms_pages` (`id`, `pagename`, `pageheading`, `banner_image`, `pagecontent`, `pageurl`, `link`, `company_name`, `phone_no`, `email`, `location`, `status`, `meta_title`, `meta_keywords`, `meta_description`, `created`, `modified`) VALUES
(1, 'Terms & Conditions', 'I am working with mobilyte.inc since January 2014', 'NN8Oxeo9cqCq6hI.png', '<div class="entry-header">\r\n<h1 class="entry-title">Payment Terms &amp; Conditions</h1>\r\n</div>\r\n<div class="entry-content">\r\n<p>At Sky2C, we accept a wide variety of payment modes including cash,  credit card, money order, cashier&rsquo;s check, certified check, company  check, traveler&rsquo;s check and PayPal.  To ensure prompt delivery of your  shipment, payment must be made before the shipment and deliverables are  received, until and unless prior arrangements for credit terms have been  approved.</p>\r\n<h3>Payment by Check or Money Order</h3>\r\n<p><strong>We accept payments via:</strong></p>\r\n<ul>\r\n<li>Personal Checks</li>\r\n<li>Cashier checks</li>\r\n<li>Traveler&rsquo;s checks</li>\r\n<li>Certified checks</li>\r\n<li>Company checks</li>\r\n<li>Money order</li>\r\n</ul>\r\n<p>Checks or money orders should be made payable to <strong>Sky2C Freight Systems, Inc.</strong> You may also mail or courier your payment to our corporate headquarters address.</p>\r\n<p><strong>Sky2C Freight Systems, Inc.</strong><br /> <strong>4221 Business Center Drive</strong><br /> <strong>Suite # 5 &amp; 6</strong><br /> <strong>Fremont, CA 94538</strong></p>\r\n<h3>Payment by Cash, Credit Card, or Wire Transfer</h3>\r\n<p>We also accept cash payments. You may also make a deposit directly  into our account, pay via credit card, or wire transfer the money. Bank  account information can be obtained by calling or emailing us at your  convenience. <a href="http://www.sky2c.com/contact-us.htm">Contact us</a> for more details.</p>\r\n<p>Please note that credit card payments are subject to a processing fee.  Details for this service fee are as follows:</p>\r\n<ul>\r\n<li>For transactions under $1,000: 4%</li>\r\n<li>For transactions exceeding $1,000: 3%</li>\r\n</ul>\r\n<h3>Additional Information</h3>\r\n<ul>\r\n<li>We must to receive the credit verification from the bank before any orders are processed and delivered.</li>\r\n<li>If payment does not reach us in time or the credit does not get  approved, Sky2C cannot be held responsible for any extra storage or  incidental charges.</li>\r\n<li>Exceptions in delayed payment can be made after authorization from your sales representative.</li>\r\n<li>Any bounced checks or returned payments are subject to a fee of $25.</li>\r\n<li>If you have an established credit with Sky2C, your invoices should be cleared on or before the due date specified.</li>\r\n<li>In case of late payments, an interest at the rate of 18% will be applicable.</li>\r\n</ul>\r\n<h3>Agreements</h3>\r\n<p><strong>The customer hereby agrees that:</strong></p>\r\n<ul>\r\n<li>Unless informed, failure in making the payments can result in a lien  on future shipments. This will include storage charges along with  security of subsequent shipments held pursuant to the Section 3051.5 of  the California civil code.</li>\r\n<li>The California State Law will control any claim or controversy that  may arise and the venue for any action between the two parties shall be  limited to Alameda County, California.</li>\r\n<li>Customer also consents that should any claim be served outside of  California in order to initiate arbitration in California, the claim be  limited to litigation in a California small claims court.</li>\r\n</ul>\r\n</div>', 'terms', 'Home/cms/terms', '', '0', '', '', 1, 'Live3Times - Terms & Conditions', 'Terms & Conditions', 'Terms & Conditions', '0000-00-00 00:00:00', '2017-03-28 09:45:11');

-- --------------------------------------------------------

--
-- Table structure for table `country_codes`
--

CREATE TABLE `country_codes` (
  `id` int(11) NOT NULL,
  `iso` char(2) NOT NULL,
  `name` varchar(80) NOT NULL,
  `nicename` varchar(80) NOT NULL,
  `iso3` char(3) DEFAULT NULL,
  `numcode` smallint(6) DEFAULT NULL,
  `phonecode` int(5) NOT NULL
) ENGINE=MyISAM DEFAULT CHARSET=latin1;

--
-- Dumping data for table `country_codes`
--

INSERT INTO `country_codes` (`id`, `iso`, `name`, `nicename`, `iso3`, `numcode`, `phonecode`) VALUES
(1, 'AF', 'AFGHANISTAN', 'Afghanistan', 'AFG', 4, 93),
(2, 'AL', 'ALBANIA', 'Albania', 'ALB', 8, 355),
(3, 'DZ', 'ALGERIA', 'Algeria', 'DZA', 12, 213),
(4, 'AS', 'AMERICAN SAMOA', 'American Samoa', 'ASM', 16, 1684),
(5, 'AD', 'ANDORRA', 'Andorra', 'AND', 20, 376),
(6, 'AO', 'ANGOLA', 'Angola', 'AGO', 24, 244),
(7, 'AI', 'ANGUILLA', 'Anguilla', 'AIA', 660, 1264),
(8, 'AQ', 'ANTARCTICA', 'Antarctica', NULL, NULL, 0),
(9, 'AG', 'ANTIGUA AND BARBUDA', 'Antigua and Barbuda', 'ATG', 28, 1268),
(10, 'AR', 'ARGENTINA', 'Argentina', 'ARG', 32, 54),
(11, 'AM', 'ARMENIA', 'Armenia', 'ARM', 51, 374),
(12, 'AW', 'ARUBA', 'Aruba', 'ABW', 533, 297),
(13, 'AU', 'AUSTRALIA', 'Australia', 'AUS', 36, 61),
(14, 'AT', 'AUSTRIA', 'Austria', 'AUT', 40, 43),
(15, 'AZ', 'AZERBAIJAN', 'Azerbaijan', 'AZE', 31, 994),
(16, 'BS', 'BAHAMAS', 'Bahamas', 'BHS', 44, 1242),
(17, 'BH', 'BAHRAIN', 'Bahrain', 'BHR', 48, 973),
(18, 'BD', 'BANGLADESH', 'Bangladesh', 'BGD', 50, 880),
(19, 'BB', 'BARBADOS', 'Barbados', 'BRB', 52, 1246),
(20, 'BY', 'BELARUS', 'Belarus', 'BLR', 112, 375),
(21, 'BE', 'BELGIUM', 'Belgium', 'BEL', 56, 32),
(22, 'BZ', 'BELIZE', 'Belize', 'BLZ', 84, 501),
(23, 'BJ', 'BENIN', 'Benin', 'BEN', 204, 229),
(24, 'BM', 'BERMUDA', 'Bermuda', 'BMU', 60, 1441),
(25, 'BT', 'BHUTAN', 'Bhutan', 'BTN', 64, 975),
(26, 'BO', 'BOLIVIA', 'Bolivia', 'BOL', 68, 591),
(27, 'BA', 'BOSNIA AND HERZEGOVINA', 'Bosnia and Herzegovina', 'BIH', 70, 387),
(28, 'BW', 'BOTSWANA', 'Botswana', 'BWA', 72, 267),
(29, 'BV', 'BOUVET ISLAND', 'Bouvet Island', NULL, NULL, 0),
(30, 'BR', 'BRAZIL', 'Brazil', 'BRA', 76, 55),
(31, 'IO', 'BRITISH INDIAN OCEAN TERRITORY', 'British Indian Ocean Territory', NULL, NULL, 246),
(32, 'BN', 'BRUNEI DARUSSALAM', 'Brunei Darussalam', 'BRN', 96, 673),
(33, 'BG', 'BULGARIA', 'Bulgaria', 'BGR', 100, 359),
(34, 'BF', 'BURKINA FASO', 'Burkina Faso', 'BFA', 854, 226),
(35, 'BI', 'BURUNDI', 'Burundi', 'BDI', 108, 257),
(36, 'KH', 'CAMBODIA', 'Cambodia', 'KHM', 116, 855),
(37, 'CM', 'CAMEROON', 'Cameroon', 'CMR', 120, 237),
(38, 'CA', 'CANADA', 'Canada', 'CAN', 124, 1),
(39, 'CV', 'CAPE VERDE', 'Cape Verde', 'CPV', 132, 238),
(40, 'KY', 'CAYMAN ISLANDS', 'Cayman Islands', 'CYM', 136, 1345),
(41, 'CF', 'CENTRAL AFRICAN REPUBLIC', 'Central African Republic', 'CAF', 140, 236),
(42, 'TD', 'CHAD', 'Chad', 'TCD', 148, 235),
(43, 'CL', 'CHILE', 'Chile', 'CHL', 152, 56),
(44, 'CN', 'CHINA', 'China', 'CHN', 156, 86),
(45, 'CX', 'CHRISTMAS ISLAND', 'Christmas Island', NULL, NULL, 61),
(46, 'CC', 'COCOS (KEELING) ISLANDS', 'Cocos (Keeling) Islands', NULL, NULL, 672),
(47, 'CO', 'COLOMBIA', 'Colombia', 'COL', 170, 57),
(48, 'KM', 'COMOROS', 'Comoros', 'COM', 174, 269),
(49, 'CG', 'CONGO', 'Congo', 'COG', 178, 242),
(50, 'CD', 'CONGO, THE DEMOCRATIC REPUBLIC OF THE', 'Congo, the Democratic Republic of the', 'COD', 180, 242),
(51, 'CK', 'COOK ISLANDS', 'Cook Islands', 'COK', 184, 682),
(52, 'CR', 'COSTA RICA', 'Costa Rica', 'CRI', 188, 506),
(53, 'CI', 'COTE D\'IVOIRE', 'Cote D\'Ivoire', 'CIV', 384, 225),
(54, 'HR', 'CROATIA', 'Croatia', 'HRV', 191, 385),
(55, 'CU', 'CUBA', 'Cuba', 'CUB', 192, 53),
(56, 'CY', 'CYPRUS', 'Cyprus', 'CYP', 196, 357),
(57, 'CZ', 'CZECH REPUBLIC', 'Czech Republic', 'CZE', 203, 420),
(58, 'DK', 'DENMARK', 'Denmark', 'DNK', 208, 45),
(59, 'DJ', 'DJIBOUTI', 'Djibouti', 'DJI', 262, 253),
(60, 'DM', 'DOMINICA', 'Dominica', 'DMA', 212, 1767),
(61, 'DO', 'DOMINICAN REPUBLIC', 'Dominican Republic', 'DOM', 214, 1809),
(62, 'EC', 'ECUADOR', 'Ecuador', 'ECU', 218, 593),
(63, 'EG', 'EGYPT', 'Egypt', 'EGY', 818, 20),
(64, 'SV', 'EL SALVADOR', 'El Salvador', 'SLV', 222, 503),
(65, 'GQ', 'EQUATORIAL GUINEA', 'Equatorial Guinea', 'GNQ', 226, 240),
(66, 'ER', 'ERITREA', 'Eritrea', 'ERI', 232, 291),
(67, 'EE', 'ESTONIA', 'Estonia', 'EST', 233, 372),
(68, 'ET', 'ETHIOPIA', 'Ethiopia', 'ETH', 231, 251),
(69, 'FK', 'FALKLAND ISLANDS (MALVINAS)', 'Falkland Islands (Malvinas)', 'FLK', 238, 500),
(70, 'FO', 'FAROE ISLANDS', 'Faroe Islands', 'FRO', 234, 298),
(71, 'FJ', 'FIJI', 'Fiji', 'FJI', 242, 679),
(72, 'FI', 'FINLAND', 'Finland', 'FIN', 246, 358),
(73, 'FR', 'FRANCE', 'France', 'FRA', 250, 33),
(74, 'GF', 'FRENCH GUIANA', 'French Guiana', 'GUF', 254, 594),
(75, 'PF', 'FRENCH POLYNESIA', 'French Polynesia', 'PYF', 258, 689),
(76, 'TF', 'FRENCH SOUTHERN TERRITORIES', 'French Southern Territories', NULL, NULL, 0),
(77, 'GA', 'GABON', 'Gabon', 'GAB', 266, 241),
(78, 'GM', 'GAMBIA', 'Gambia', 'GMB', 270, 220),
(79, 'GE', 'GEORGIA', 'Georgia', 'GEO', 268, 995),
(80, 'DE', 'GERMANY', 'Germany', 'DEU', 276, 49),
(81, 'GH', 'GHANA', 'Ghana', 'GHA', 288, 233),
(82, 'GI', 'GIBRALTAR', 'Gibraltar', 'GIB', 292, 350),
(83, 'GR', 'GREECE', 'Greece', 'GRC', 300, 30),
(84, 'GL', 'GREENLAND', 'Greenland', 'GRL', 304, 299),
(85, 'GD', 'GRENADA', 'Grenada', 'GRD', 308, 1473),
(86, 'GP', 'GUADELOUPE', 'Guadeloupe', 'GLP', 312, 590),
(87, 'GU', 'GUAM', 'Guam', 'GUM', 316, 1671),
(88, 'GT', 'GUATEMALA', 'Guatemala', 'GTM', 320, 502),
(89, 'GN', 'GUINEA', 'Guinea', 'GIN', 324, 224),
(90, 'GW', 'GUINEA-BISSAU', 'Guinea-Bissau', 'GNB', 624, 245),
(91, 'GY', 'GUYANA', 'Guyana', 'GUY', 328, 592),
(92, 'HT', 'HAITI', 'Haiti', 'HTI', 332, 509),
(93, 'HM', 'HEARD ISLAND AND MCDONALD ISLANDS', 'Heard Island and Mcdonald Islands', NULL, NULL, 0),
(94, 'VA', 'HOLY SEE (VATICAN CITY STATE)', 'Holy See (Vatican City State)', 'VAT', 336, 39),
(95, 'HN', 'HONDURAS', 'Honduras', 'HND', 340, 504),
(96, 'HK', 'HONG KONG', 'Hong Kong', 'HKG', 344, 852),
(97, 'HU', 'HUNGARY', 'Hungary', 'HUN', 348, 36),
(98, 'IS', 'ICELAND', 'Iceland', 'ISL', 352, 354),
(99, 'IN', 'INDIA', 'India', 'IND', 356, 91),
(100, 'ID', 'INDONESIA', 'Indonesia', 'IDN', 360, 62),
(101, 'IR', 'IRAN, ISLAMIC REPUBLIC OF', 'Iran, Islamic Republic of', 'IRN', 364, 98),
(102, 'IQ', 'IRAQ', 'Iraq', 'IRQ', 368, 964),
(103, 'IE', 'IRELAND', 'Ireland', 'IRL', 372, 353),
(104, 'IL', 'ISRAEL', 'Israel', 'ISR', 376, 972),
(105, 'IT', 'ITALY', 'Italy', 'ITA', 380, 39),
(106, 'JM', 'JAMAICA', 'Jamaica', 'JAM', 388, 1876),
(107, 'JP', 'JAPAN', 'Japan', 'JPN', 392, 81),
(108, 'JO', 'JORDAN', 'Jordan', 'JOR', 400, 962),
(109, 'KZ', 'KAZAKHSTAN', 'Kazakhstan', 'KAZ', 398, 7),
(110, 'KE', 'KENYA', 'Kenya', 'KEN', 404, 254),
(111, 'KI', 'KIRIBATI', 'Kiribati', 'KIR', 296, 686),
(112, 'KP', 'KOREA, DEMOCRATIC PEOPLE\'S REPUBLIC OF', 'Korea, Democratic People\'s Republic of', 'PRK', 408, 850),
(113, 'KR', 'KOREA, REPUBLIC OF', 'Korea, Republic of', 'KOR', 410, 82),
(114, 'KW', 'KUWAIT', 'Kuwait', 'KWT', 414, 965),
(115, 'KG', 'KYRGYZSTAN', 'Kyrgyzstan', 'KGZ', 417, 996),
(116, 'LA', 'LAO PEOPLE\'S DEMOCRATIC REPUBLIC', 'Lao People\'s Democratic Republic', 'LAO', 418, 856),
(117, 'LV', 'LATVIA', 'Latvia', 'LVA', 428, 371),
(118, 'LB', 'LEBANON', 'Lebanon', 'LBN', 422, 961),
(119, 'LS', 'LESOTHO', 'Lesotho', 'LSO', 426, 266),
(120, 'LR', 'LIBERIA', 'Liberia', 'LBR', 430, 231),
(121, 'LY', 'LIBYAN ARAB JAMAHIRIYA', 'Libyan Arab Jamahiriya', 'LBY', 434, 218),
(122, 'LI', 'LIECHTENSTEIN', 'Liechtenstein', 'LIE', 438, 423),
(123, 'LT', 'LITHUANIA', 'Lithuania', 'LTU', 440, 370),
(124, 'LU', 'LUXEMBOURG', 'Luxembourg', 'LUX', 442, 352),
(125, 'MO', 'MACAO', 'Macao', 'MAC', 446, 853),
(126, 'MK', 'MACEDONIA, THE FORMER YUGOSLAV REPUBLIC OF', 'Macedonia, the Former Yugoslav Republic of', 'MKD', 807, 389),
(127, 'MG', 'MADAGASCAR', 'Madagascar', 'MDG', 450, 261),
(128, 'MW', 'MALAWI', 'Malawi', 'MWI', 454, 265),
(129, 'MY', 'MALAYSIA', 'Malaysia', 'MYS', 458, 60),
(130, 'MV', 'MALDIVES', 'Maldives', 'MDV', 462, 960),
(131, 'ML', 'MALI', 'Mali', 'MLI', 466, 223),
(132, 'MT', 'MALTA', 'Malta', 'MLT', 470, 356),
(133, 'MH', 'MARSHALL ISLANDS', 'Marshall Islands', 'MHL', 584, 692),
(134, 'MQ', 'MARTINIQUE', 'Martinique', 'MTQ', 474, 596),
(135, 'MR', 'MAURITANIA', 'Mauritania', 'MRT', 478, 222),
(136, 'MU', 'MAURITIUS', 'Mauritius', 'MUS', 480, 230),
(137, 'YT', 'MAYOTTE', 'Mayotte', NULL, NULL, 269),
(138, 'MX', 'MEXICO', 'Mexico', 'MEX', 484, 52),
(139, 'FM', 'MICRONESIA, FEDERATED STATES OF', 'Micronesia, Federated States of', 'FSM', 583, 691),
(140, 'MD', 'MOLDOVA, REPUBLIC OF', 'Moldova, Republic of', 'MDA', 498, 373),
(141, 'MC', 'MONACO', 'Monaco', 'MCO', 492, 377),
(142, 'MN', 'MONGOLIA', 'Mongolia', 'MNG', 496, 976),
(143, 'MS', 'MONTSERRAT', 'Montserrat', 'MSR', 500, 1664),
(144, 'MA', 'MOROCCO', 'Morocco', 'MAR', 504, 212),
(145, 'MZ', 'MOZAMBIQUE', 'Mozambique', 'MOZ', 508, 258),
(146, 'MM', 'MYANMAR', 'Myanmar', 'MMR', 104, 95),
(147, 'NA', 'NAMIBIA', 'Namibia', 'NAM', 516, 264),
(148, 'NR', 'NAURU', 'Nauru', 'NRU', 520, 674),
(149, 'NP', 'NEPAL', 'Nepal', 'NPL', 524, 977),
(150, 'NL', 'NETHERLANDS', 'Netherlands', 'NLD', 528, 31),
(151, 'AN', 'NETHERLANDS ANTILLES', 'Netherlands Antilles', 'ANT', 530, 599),
(152, 'NC', 'NEW CALEDONIA', 'New Caledonia', 'NCL', 540, 687),
(153, 'NZ', 'NEW ZEALAND', 'New Zealand', 'NZL', 554, 64),
(154, 'NI', 'NICARAGUA', 'Nicaragua', 'NIC', 558, 505),
(155, 'NE', 'NIGER', 'Niger', 'NER', 562, 227),
(156, 'NG', 'NIGERIA', 'Nigeria', 'NGA', 566, 234),
(157, 'NU', 'NIUE', 'Niue', 'NIU', 570, 683),
(158, 'NF', 'NORFOLK ISLAND', 'Norfolk Island', 'NFK', 574, 672),
(159, 'MP', 'NORTHERN MARIANA ISLANDS', 'Northern Mariana Islands', 'MNP', 580, 1670),
(160, 'NO', 'NORWAY', 'Norway', 'NOR', 578, 47),
(161, 'OM', 'OMAN', 'Oman', 'OMN', 512, 968),
(162, 'PK', 'PAKISTAN', 'Pakistan', 'PAK', 586, 92),
(163, 'PW', 'PALAU', 'Palau', 'PLW', 585, 680),
(164, 'PS', 'PALESTINIAN TERRITORY, OCCUPIED', 'Palestinian Territory, Occupied', NULL, NULL, 970),
(165, 'PA', 'PANAMA', 'Panama', 'PAN', 591, 507),
(166, 'PG', 'PAPUA NEW GUINEA', 'Papua New Guinea', 'PNG', 598, 675),
(167, 'PY', 'PARAGUAY', 'Paraguay', 'PRY', 600, 595),
(168, 'PE', 'PERU', 'Peru', 'PER', 604, 51),
(169, 'PH', 'PHILIPPINES', 'Philippines', 'PHL', 608, 63),
(170, 'PN', 'PITCAIRN', 'Pitcairn', 'PCN', 612, 0),
(171, 'PL', 'POLAND', 'Poland', 'POL', 616, 48),
(172, 'PT', 'PORTUGAL', 'Portugal', 'PRT', 620, 351),
(173, 'PR', 'PUERTO RICO', 'Puerto Rico', 'PRI', 630, 1787),
(174, 'QA', 'QATAR', 'Qatar', 'QAT', 634, 974),
(175, 'RE', 'REUNION', 'Reunion', 'REU', 638, 262),
(176, 'RO', 'ROMANIA', 'Romania', 'ROM', 642, 40),
(177, 'RU', 'RUSSIAN FEDERATION', 'Russian Federation', 'RUS', 643, 70),
(178, 'RW', 'RWANDA', 'Rwanda', 'RWA', 646, 250),
(179, 'SH', 'SAINT HELENA', 'Saint Helena', 'SHN', 654, 290),
(180, 'KN', 'SAINT KITTS AND NEVIS', 'Saint Kitts and Nevis', 'KNA', 659, 1869),
(181, 'LC', 'SAINT LUCIA', 'Saint Lucia', 'LCA', 662, 1758),
(182, 'PM', 'SAINT PIERRE AND MIQUELON', 'Saint Pierre and Miquelon', 'SPM', 666, 508),
(183, 'VC', 'SAINT VINCENT AND THE GRENADINES', 'Saint Vincent and the Grenadines', 'VCT', 670, 1784),
(184, 'WS', 'SAMOA', 'Samoa', 'WSM', 882, 684),
(185, 'SM', 'SAN MARINO', 'San Marino', 'SMR', 674, 378),
(186, 'ST', 'SAO TOME AND PRINCIPE', 'Sao Tome and Principe', 'STP', 678, 239),
(187, 'SA', 'SAUDI ARABIA', 'Saudi Arabia', 'SAU', 682, 966),
(188, 'SN', 'SENEGAL', 'Senegal', 'SEN', 686, 221),
(189, 'CS', 'SERBIA AND MONTENEGRO', 'Serbia and Montenegro', NULL, NULL, 381),
(190, 'SC', 'SEYCHELLES', 'Seychelles', 'SYC', 690, 248),
(191, 'SL', 'SIERRA LEONE', 'Sierra Leone', 'SLE', 694, 232),
(192, 'SG', 'SINGAPORE', 'Singapore', 'SGP', 702, 65),
(193, 'SK', 'SLOVAKIA', 'Slovakia', 'SVK', 703, 421),
(194, 'SI', 'SLOVENIA', 'Slovenia', 'SVN', 705, 386),
(195, 'SB', 'SOLOMON ISLANDS', 'Solomon Islands', 'SLB', 90, 677),
(196, 'SO', 'SOMALIA', 'Somalia', 'SOM', 706, 252),
(197, 'ZA', 'SOUTH AFRICA', 'South Africa', 'ZAF', 710, 27),
(198, 'GS', 'SOUTH GEORGIA AND THE SOUTH SANDWICH ISLANDS', 'South Georgia and the South Sandwich Islands', NULL, NULL, 0),
(199, 'ES', 'SPAIN', 'Spain', 'ESP', 724, 34),
(200, 'LK', 'SRI LANKA', 'Sri Lanka', 'LKA', 144, 94),
(201, 'SD', 'SUDAN', 'Sudan', 'SDN', 736, 249),
(202, 'SR', 'SURINAME', 'Suriname', 'SUR', 740, 597),
(203, 'SJ', 'SVALBARD AND JAN MAYEN', 'Svalbard and Jan Mayen', 'SJM', 744, 47),
(204, 'SZ', 'SWAZILAND', 'Swaziland', 'SWZ', 748, 268),
(205, 'SE', 'SWEDEN', 'Sweden', 'SWE', 752, 46),
(206, 'CH', 'SWITZERLAND', 'Switzerland', 'CHE', 756, 41),
(207, 'SY', 'SYRIAN ARAB REPUBLIC', 'Syrian Arab Republic', 'SYR', 760, 963),
(208, 'TW', 'TAIWAN, PROVINCE OF CHINA', 'Taiwan, Province of China', 'TWN', 158, 886),
(209, 'TJ', 'TAJIKISTAN', 'Tajikistan', 'TJK', 762, 992),
(210, 'TZ', 'TANZANIA, UNITED REPUBLIC OF', 'Tanzania, United Republic of', 'TZA', 834, 255),
(211, 'TH', 'THAILAND', 'Thailand', 'THA', 764, 66),
(212, 'TL', 'TIMOR-LESTE', 'Timor-Leste', NULL, NULL, 670),
(213, 'TG', 'TOGO', 'Togo', 'TGO', 768, 228),
(214, 'TK', 'TOKELAU', 'Tokelau', 'TKL', 772, 690),
(215, 'TO', 'TONGA', 'Tonga', 'TON', 776, 676),
(216, 'TT', 'TRINIDAD AND TOBAGO', 'Trinidad and Tobago', 'TTO', 780, 1868),
(217, 'TN', 'TUNISIA', 'Tunisia', 'TUN', 788, 216),
(218, 'TR', 'TURKEY', 'Turkey', 'TUR', 792, 90),
(219, 'TM', 'TURKMENISTAN', 'Turkmenistan', 'TKM', 795, 7370),
(220, 'TC', 'TURKS AND CAICOS ISLANDS', 'Turks and Caicos Islands', 'TCA', 796, 1649),
(221, 'TV', 'TUVALU', 'Tuvalu', 'TUV', 798, 688),
(222, 'UG', 'UGANDA', 'Uganda', 'UGA', 800, 256),
(223, 'UA', 'UKRAINE', 'Ukraine', 'UKR', 804, 380),
(224, 'AE', 'UNITED ARAB EMIRATES', 'United Arab Emirates', 'ARE', 784, 971),
(225, 'GB', 'UNITED KINGDOM', 'United Kingdom', 'GBR', 826, 44),
(226, 'US', 'UNITED STATES', 'United States', 'USA', 840, 1),
(227, 'UM', 'UNITED STATES MINOR OUTLYING ISLANDS', 'United States Minor Outlying Islands', NULL, NULL, 1),
(228, 'UY', 'URUGUAY', 'Uruguay', 'URY', 858, 598),
(229, 'UZ', 'UZBEKISTAN', 'Uzbekistan', 'UZB', 860, 998),
(230, 'VU', 'VANUATU', 'Vanuatu', 'VUT', 548, 678),
(231, 'VE', 'VENEZUELA', 'Venezuela', 'VEN', 862, 58),
(232, 'VN', 'VIET NAM', 'Viet Nam', 'VNM', 704, 84),
(233, 'VG', 'VIRGIN ISLANDS, BRITISH', 'Virgin Islands, British', 'VGB', 92, 1284),
(234, 'VI', 'VIRGIN ISLANDS, U.S.', 'Virgin Islands, U.s.', 'VIR', 850, 1340),
(235, 'WF', 'WALLIS AND FUTUNA', 'Wallis and Futuna', 'WLF', 876, 681),
(236, 'EH', 'WESTERN SAHARA', 'Western Sahara', 'ESH', 732, 212),
(237, 'YE', 'YEMEN', 'Yemen', 'YEM', 887, 967),
(238, 'ZM', 'ZAMBIA', 'Zambia', 'ZMB', 894, 260),
(239, 'ZW', 'ZIMBABWE', 'Zimbabwe', 'ZWE', 716, 263);

-- --------------------------------------------------------

--
-- Table structure for table `data_children`
--

CREATE TABLE `data_children` (
  `id` int(11) NOT NULL,
  `name` varchar(90) NOT NULL,
  `dob` varchar(50) DEFAULT NULL,
  `age` varchar(90) NOT NULL,
  `gender` varchar(50) DEFAULT NULL,
  `address` varchar(500) NOT NULL,
  `father_name` varchar(90) NOT NULL,
  `mother_name` varchar(90) NOT NULL,
  `anganwadi_id` int(11) DEFAULT NULL,
  `worker_id` int(11) DEFAULT NULL,
  `created_at` timestamp NOT NULL DEFAULT CURRENT_TIMESTAMP
) ENGINE=InnoDB DEFAULT CHARSET=latin1;

--
-- Dumping data for table `data_children`
--

INSERT INTO `data_children` (`id`, `name`, `dob`, `age`, `gender`, `address`, `father_name`, `mother_name`, `anganwadi_id`, `worker_id`, `created_at`) VALUES
(1, 'raman', '21-4-2013', '49', 'Boy', 'panchkula morni', 'bablu', 'kamla', 243, 9, '2017-06-21 14:13:27'),
(2, 'sonu', '21-4-2014', '37', 'Boy', 'mohLi', 'monu', 'tony', 103, 17, '2017-06-21 14:13:46'),
(3, 'rajni', '20-4-2015', '25', 'Girl', 'barwala', 'kallu', 'mala', 243, 9, '2017-06-21 14:14:13'),
(4, 'monika', '21-4-2013', '49', 'Girl', 'chandigarh', 'rawat', 'rajni', 103, 17, '2017-06-21 14:14:47'),
(5, 'tarun', NULL, '37', 'Boy', 'panchkula', 'varun', 'kamla', 243, 9, '2017-06-22 05:32:02'),
(6, 'anuj', '18-4-2017', '1', 'Boy', 'mohali', 'vishal', 'vibhor', 272, 14, '2017-06-22 05:35:35');

-- --------------------------------------------------------

--
-- Table structure for table `email_templates`
--

CREATE TABLE `email_templates` (
  `id` int(11) NOT NULL,
  `title` varchar(255) NOT NULL,
  `alias` varchar(255) NOT NULL,
  `subject` varchar(255) NOT NULL,
  `allowed_vars` varchar(255) NOT NULL,
  `description` text NOT NULL,
  `email_from` varchar(250) NOT NULL,
  `email_name` varchar(255) NOT NULL,
  `status` int(2) NOT NULL DEFAULT '1',
  `modified` datetime NOT NULL
) ENGINE=MyISAM DEFAULT CHARSET=utf8;

--
-- Dumping data for table `email_templates`
--

INSERT INTO `email_templates` (`id`, `title`, `alias`, `subject`, `allowed_vars`, `description`, `email_from`, `email_name`, `status`, `modified`) VALUES
(23, 'Registration', 'registration', 'Sky2c - New Registration', '{full_name},{email},{username},{password},{phone}', '<p><span style="font-family: Arial,Helvetica,sans-serif;"> </span></p>\r\n<table style="border-collapse: collapse; border-spacing: 0; border: 1px solid #039DC4; background-color: #fff; padding: 0;" border="0" cellspacing="0" cellpadding="0" align="center">\r\n<tbody>\r\n<tr style="height: 36px;" height="36">\r\n<td style="width: 30px; background-color: #039dc4;" width="30" valign="middle"><span style="background-color: #039dc4;"> </span></td>\r\n<td style="width: 500px; background-color: #039dc4;" width="500" valign="middle"><span style="background-color: #039dc4;"><span style="color: white; font-size: small;"><strong> Sky2c - Registration</strong></span></span><span style="color: #039dc4; font-size: small;"><strong> </strong></span><br /></td>\r\n<td style="width: 30px; background-color: #039dc4;" width="30" valign="middle"><span style="background-color: #039dc4;"> </span></td>\r\n</tr>\r\n<tr>\r\n<td style="height: 20px;" colspan="3" valign="top">\r\n<p>&nbsp;</p>\r\n</td>\r\n</tr>\r\n<tr>\r\n<td style="width: 30px;" width="30" valign="top"><br /></td>\r\n<td style="width: 500px;" width="500" valign="top"><span style="font-family: Arial,Helvetica,sans-serif;"> \r\n<table style="border-collapse: collapse; border-spacing: 0; padding: 0;" border="0" cellspacing="0" cellpadding="0" width="499" height="108" align="left">\r\n<tbody>\r\n<tr>\r\n<td valign="top"><img style="display: block; margin-left: auto; margin-right: auto;" src="/img/logo.png" alt="" /><br /></td>\r\n</tr>\r\n<tr>\r\n<td valign="top">\r\n<p>Hello {full_name},</p>\r\n<p>&nbsp;</p>\r\n</td>\r\n</tr>\r\n<tr>\r\n<td style="height: 25px;" valign="top">\r\n<p>Your account has been created over Sky2C; Following are the details. Kindly review</p>\r\n<p>Email : {email}</p>\r\n<p>Username : {username}</p>\r\n<p><span style="font-family: Arial,Helvetica,sans-serif;">Password : {password}</span></p>\r\n<p>Phone<span style="font-family: Arial,Helvetica,sans-serif;"><span style="font-family: Arial,Helvetica,sans-serif;"> : {phone}</span></span></p>\r\n<p>If you have any questions please contact us at <a href="mailto:info@sitterguide.com">info@sky2c.com</a></p>\r\n</td>\r\n</tr>\r\n<tr>\r\n<td valign="top"><br /></td>\r\n</tr>\r\n</tbody>\r\n</table>\r\n</span></td>\r\n<td style="width: 30px;" width="30" valign="top"><br /></td>\r\n</tr>\r\n<tr>\r\n<td style="height: 20px;" colspan="3" valign="top"><br /></td>\r\n</tr>\r\n<tr>\r\n<td style="width: 30px; background-color: #039dc4;" width="30" valign="top"><br /></td>\r\n<td style="background-color: #039dc4; padding: 15px 0;" valign="top"><span style="background-color: #039dc4;"><span style="font-family: Arial,Helvetica,sans-serif;"> \r\n<table style="border-collapse: collapse; border-spacing: 0; text-align: justify; padding: 0;" border="0" cellspacing="0" cellpadding="0" width="500" height="128" align="left">\r\n<tbody style="color: #fff;">\r\n<tr>\r\n<td style="width: 500px; height: 20px;" width="500" valign="top">\r\n<p style="font-weight: bold;">Team Sky2c</p>\r\n<p><span style="font-family: Arial; font-size: xx-small;">Notice:  The information in this email and in any  attachments is confidential  and intended solely for the attention and use of the  named addressee.  This information may be subject to legal professional or other   privilege or may otherwise be protected by work product immunity or  other legal  rules. It must not be disclosed to any person without  authorization. If you are  not the intended recipient, or a person  responsible for delivering it to the  intended recipient, you are not  authorized to and must not disclose, copy,  distribute, or retain this  message or any part of  it.</span></p>\r\n</td>\r\n</tr>\r\n</tbody>\r\n</table>\r\n</span></span></td>\r\n<td style="width: 30px; background-color: #039dc4;" width="30" valign="top"><span style="background-color: #039dc4;"> </span></td>\r\n</tr>\r\n</tbody>\r\n</table>', 'info@sky2c.com', 'Sky2c', 1, '2017-04-12 06:31:52'),
(20, 'Password Reset', 'reset_password', 'Sky2c - Reset Password', '{full_name}', '<p><span style="font-family: Arial,Helvetica,sans-serif;"> </span></p>\r\n<table style="border-collapse: collapse; border-spacing: 0; border: 1px solid #039DC4; background-color: #fff; padding: 0;" border="0" cellspacing="0" cellpadding="0" align="center">\r\n<tbody>\r\n<tr style="height: 36px;" height="36">\r\n<td style="width: 30px; background-color: #039dc4;" width="30" valign="middle"><span style="background-color: #039dc4;"> </span></td>\r\n<td style="width: 500px; background-color: #039dc4;" width="500" valign="middle"><span style="background-color: #039dc4;"><span style="color: white; font-size: small;"><strong> Sky2c - Reset Password</strong></span></span><span style="color: #039dc4; font-size: small;"><strong>&nbsp;</strong></span><br /></td>\r\n<td style="width: 30px; background-color: #039dc4;" width="30" valign="middle"><span style="background-color: #039dc4;"> </span></td>\r\n</tr>\r\n<tr>\r\n<td style="height: 20px;" colspan="3" valign="top">\r\n<p>&nbsp;</p>\r\n</td>\r\n</tr>\r\n<tr>\r\n<td style="width: 30px;" width="30" valign="top"><br /></td>\r\n<td style="width: 500px;" width="500" valign="top"><span style="font-family: Arial,Helvetica,sans-serif;"> \r\n<table style="border-collapse: collapse; border-spacing: 0; padding: 0;" border="0" cellspacing="0" cellpadding="0" width="499" height="108" align="left">\r\n<tbody>\r\n<tr>\r\n<td valign="top"><img style="display: block; margin-left: auto; margin-right: auto;" src="/img/logo.png" alt="" /><br /></td>\r\n</tr>\r\n<tr>\r\n<td valign="top"><br /></td>\r\n</tr>\r\n<tr>\r\n<td valign="top">Hello {full_name},</td>\r\n</tr>\r\n<tr>\r\n<td style="height: 25px;" valign="top"><br /></td>\r\n</tr>\r\n<tr>\r\n<td valign="top">\r\n<p>Your password has been reset successfully.</p>\r\n<p>&nbsp;</p>\r\n</td>\r\n</tr>\r\n<tr>\r\n<td class="system_contmail" colspan="2">If you any query please let us know straight away at:<a href="http://mce_host/cmspages/email-template-edit/sky2c@gmail.com"> sky2c@gmail.com</a></td>\r\n</tr>\r\n</tbody>\r\n</table>\r\n</span></td>\r\n<td style="width: 30px;" width="30" valign="top"><br /></td>\r\n</tr>\r\n<tr>\r\n<td style="height: 20px;" colspan="3" valign="top">&nbsp;</td>\r\n</tr>\r\n<tr>\r\n<td style="width: 30px; background-color: #039dc4;" width="30" valign="top"><br /></td>\r\n<td style="background-color: #039dc4; padding: 15px 0;" valign="top"><span style="background-color: #039dc4;"><span style="font-family: Arial,Helvetica,sans-serif;"> \r\n<table style="border-collapse: collapse; border-spacing: 0; text-align: justify; padding: 0;" border="0" cellspacing="0" cellpadding="0" width="500" height="128" align="left">\r\n<tbody style="color: #fff;">\r\n<tr>\r\n<td style="width: 500px; height: 20px;" width="500" valign="top">\r\n<p style="font-weight: bold;">Team Sky2c</p>\r\n<p><span style="font-family: Arial; font-size: xx-small;">Notice:  The information in this email and in any  attachments is confidential  and intended solely for the attention and use of the  named addressee.  This information may be subject to legal professional or other   privilege or may otherwise be protected by work product immunity or  other legal  rules. It must not be disclosed to any person without  authorization. If you are  not the intended recipient, or a person  responsible for delivering it to the  intended recipient, you are not  authorized to and must not disclose, copy,  distribute, or retain this  message or any part of  it.</span></p>\r\n</td>\r\n</tr>\r\n</tbody>\r\n</table>\r\n</span></span></td>\r\n<td style="width: 30px; background-color: #039dc4;" width="30" valign="top"><span style="background-color: #039dc4;"> </span></td>\r\n</tr>\r\n</tbody>\r\n</table>', 'info@sky2c.com', 'Sky2c', 1, '2017-02-15 09:14:19'),
(21, 'Forgot Password', 'forgot_password_api', 'Sky2c - Forgot Password', '{user},{verification_code}', '<p><span style="font-family: Arial,Helvetica,sans-serif;"> </span></p>\r\n<table style="border-collapse: collapse; border-spacing: 0; border: 1px solid #039DC4; background-color: #fff; padding: 0;" border="0" cellspacing="0" cellpadding="0" align="center">\r\n<tbody>\r\n<tr style="height: 36px;" height="36">\r\n<td style="width: 30px; background-color: #039dc4;" width="30" valign="middle"><span style="background-color: #039dc4;"> </span></td>\r\n<td style="width: 500px; background-color: #039dc4;" width="500" valign="middle"><span style="background-color: #039dc4;"><span style="color: white; font-size: small;"><strong> Sky2c - Forgot Password</strong></span></span><span style="color: #039dc4; font-size: small;"><strong>&nbsp;</strong></span><br /></td>\r\n<td style="width: 30px; background-color: #039dc4;" width="30" valign="middle"><span style="background-color: #039dc4;"> </span></td>\r\n</tr>\r\n<tr>\r\n<td style="height: 20px;" colspan="3" valign="top">\r\n<p>&nbsp;</p>\r\n</td>\r\n</tr>\r\n<tr>\r\n<td style="width: 30px;" width="30" valign="top"><br /></td>\r\n<td style="width: 500px;" width="500" valign="top"><span style="font-family: Arial,Helvetica,sans-serif;"> \r\n<table style="border-collapse: collapse; border-spacing: 0; padding: 0;" border="0" cellspacing="0" cellpadding="0" width="499" height="108" align="left">\r\n<tbody>\r\n<tr>\r\n<td valign="top"><img style="display: block; margin-left: auto; margin-right: auto;" src="/img/logo.png" alt="" /><br /></td>\r\n</tr>\r\n<tr>\r\n<td valign="top">\r\n<p>Hello {user},</p>\r\n<p>&nbsp;</p>\r\n</td>\r\n</tr>\r\n<tr>\r\n<td style="height: 25px;" valign="top">You have requested for reset your password, Kindly review the below details</td>\r\n</tr>\r\n<tr>\r\n<td valign="top">\r\n<p>Your verification code is:<br /> {verification_code}</p>\r\n<br />Note: This code will be expired with in 15 minutes</td>\r\n</tr>\r\n</tbody>\r\n</table>\r\n</span></td>\r\n<td style="width: 30px;" width="30" valign="top"><br /></td>\r\n</tr>\r\n<tr>\r\n<td style="height: 20px;" colspan="3" valign="top"><br /></td>\r\n</tr>\r\n<tr>\r\n<td style="width: 30px; background-color: #039dc4;" width="30" valign="top"><br /></td>\r\n<td style="background-color: #039dc4; padding: 15px 0;" valign="top"><span style="background-color: #039dc4;"><span style="font-family: Arial,Helvetica,sans-serif;"> \r\n<table style="border-collapse: collapse; border-spacing: 0; text-align: justify; padding: 0;" border="0" cellspacing="0" cellpadding="0" width="500" height="128" align="left">\r\n<tbody style="color: #fff;">\r\n<tr>\r\n<td style="width: 500px; height: 20px;" width="500" valign="top">\r\n<p style="font-weight: bold;">Team Sky2c</p>\r\n<p><span style="font-family: Arial; font-size: xx-small;">Notice:  The information in this email and in any  attachments is confidential  and intended solely for the attention and use of the  named addressee.  This information may be subject to legal professional or other   privilege or may otherwise be protected by work product immunity or  other legal  rules. It must not be disclosed to any person without  authorization. If you are  not the intended recipient, or a person  responsible for delivering it to the  intended recipient, you are not  authorized to and must not disclose, copy,  distribute, or retain this  message or any part of  it.</span></p>\r\n</td>\r\n</tr>\r\n</tbody>\r\n</table>\r\n</span></span></td>\r\n<td style="width: 30px; background-color: #039dc4;" width="30" valign="top"><span style="background-color: #039dc4;"> </span></td>\r\n</tr>\r\n</tbody>\r\n</table>', 'info@sky2c.com', 'Sky2c', 1, '2017-02-17 11:58:11'),
(22, 'Change Password', 'change_password_api', 'Sky2c - Change Password', '{name},{password}', '<p><span style="font-family: Arial,Helvetica,sans-serif;"> </span></p>\n<table style="border-collapse: collapse; border-spacing: 0; border: 1px solid #039DC4; background-color: #fff; padding: 0;" border="0" cellspacing="0" cellpadding="0" align="center">\n<tbody>\n<tr style="height: 36px;" height="36">\n<td style="width: 30px; background-color: #039dc4;" width="30" valign="middle"><span style="background-color: #039dc4;"> </span></td>\n<td style="width: 500px; background-color: #039dc4;" width="500" valign="middle"><span style="background-color: #039dc4;"><span style="color: white; font-size: small;"><strong> Sky2c - Change Password</strong></span></span><span style="color: #039dc4; font-size: small;"><strong>&nbsp;</strong></span><br /></td>\n<td style="width: 30px; background-color: #039dc4;" width="30" valign="middle"><span style="background-color: #039dc4;"> </span></td>\n</tr>\n<tr>\n<td style="height: 20px;" colspan="3" valign="top">\n<p>&nbsp;</p>\n</td>\n</tr>\n<tr>\n<td style="width: 30px;" width="30" valign="top"><br /></td>\n<td style="width: 500px;" width="500" valign="top"><span style="font-family: Arial,Helvetica,sans-serif;"> \n<table style="border-collapse: collapse; border-spacing: 0; padding: 0;" border="0" cellspacing="0" cellpadding="0" width="499" height="108" align="left">\n<tbody>\n<tr>\n<td valign="top"><img style="display: block; margin-left: auto; margin-right: auto;" src="/img/logo.png" alt="" /><br /></td>\n</tr>\n<tr>\n<td valign="top">Hi {name},</td>\n</tr>\n<tr>\n<td style="height: 25px;" valign="top"><br /></td>\n</tr>\n<tr>\n<td valign="top">\n<p>You have changed your password successfully. Your new password is {password}.</p>\n<p>If you have any questions please contact us at <a href="http://mce_host/cmspages/email-template-edit/info@sky2c.com">sky2c@gmail.com</a></p>\n</td>\n</tr>\n</tbody>\n</table>\n</span></td>\n<td style="width: 30px;" width="30" valign="top"><br /></td>\n</tr>\n<tr>\n<td style="height: 20px;" colspan="3" valign="top">&nbsp;</td>\n</tr>\n<tr>\n<td style="width: 30px; background-color: #039dc4;" width="30" valign="top"><br /></td>\n<td style="background-color: #039dc4; padding: 15px 0;" valign="top"><span style="background-color: #039dc4;"><span style="font-family: Arial,Helvetica,sans-serif;"> \n<table style="border-collapse: collapse; border-spacing: 0; text-align: justify; padding: 0;" border="0" cellspacing="0" cellpadding="0" width="500" height="128" align="left">\n<tbody style="color: #fff;">\n<tr>\n<td style="width: 500px; height: 20px;" width="500" valign="top">\n<p style="font-weight: bold;">Team Sky2c</p>\n<p><span style="font-family: Arial; font-size: xx-small;">Notice:  The information in this email and in any  attachments is confidential  and intended solely for the attention and use of the  named addressee.  This information may be subject to legal professional or other   privilege or may otherwise be protected by work product immunity or  other legal  rules. It must not be disclosed to any person without  authorization. If you are  not the intended recipient, or a person  responsible for delivering it to the  intended recipient, you are not  authorized to and must not disclose, copy,  distribute, or retain this  message or any part of  it.</span></p>\n</td>\n</tr>\n</tbody>\n</table>\n</span></span></td>\n<td style="width: 30px; background-color: #039dc4;" width="30" valign="top"><span style="background-color: #039dc4;"> </span></td>\n</tr>\n</tbody>\n</table>', 'info@sky2c.com', 'Sky2c', 1, '2017-02-15 09:11:52'),
(4, 'Change Password', 'change_password', 'Sky2c - Change Password', '{name},{password}', '<p><span style="font-family: Arial,Helvetica,sans-serif;"> </span></p>\n<table style="border-collapse: collapse; border-spacing: 0; border: 1px solid #039DC4; background-color: #fff; padding: 0;" border="0" cellspacing="0" cellpadding="0" align="center">\n<tbody>\n<tr style="height: 36px;" height="36">\n<td style="width: 30px; background-color: #039dc4;" width="30" valign="middle"><span style="background-color: #039dc4;"> </span></td>\n<td style="width: 500px; background-color: #039dc4;" width="500" valign="middle"><span style="background-color: #039dc4;"><span style="color: white; font-size: small;"><strong> Sky2c - Change Password</strong></span></span><span style="color: #039dc4; font-size: small;"><strong>&nbsp;</strong></span><br /></td>\n<td style="width: 30px; background-color: #039dc4;" width="30" valign="middle"><span style="background-color: #039dc4;"> </span></td>\n</tr>\n<tr>\n<td style="height: 20px;" colspan="3" valign="top">\n<p>&nbsp;</p>\n</td>\n</tr>\n<tr>\n<td style="width: 30px;" width="30" valign="top"><br /></td>\n<td style="width: 500px;" width="500" valign="top"><span style="font-family: Arial,Helvetica,sans-serif;"> \n<table style="border-collapse: collapse; border-spacing: 0; padding: 0;" border="0" cellspacing="0" cellpadding="0" width="499" height="108" align="left">\n<tbody>\n<tr>\n<td valign="top"><img style="display: block; margin-left: auto; margin-right: auto;" src="/img/logo.png" alt="" /><br /></td>\n</tr>\n<tr>\n<td valign="top">Hi {name},</td>\n</tr>\n<tr>\n<td style="height: 25px;" valign="top"><br /></td>\n</tr>\n<tr>\n<td valign="top">\n<p>You have changed your password successfully. You new password is {password}.</p>\n<p>If you have any questions please contact us at <a href="http://mce_host/cmspages/email-template-edit/info@sky2c.com">info@sky2c.com</a></p>\n</td>\n</tr>\n</tbody>\n</table>\n</span></td>\n<td style="width: 30px;" width="30" valign="top"><br /></td>\n</tr>\n<tr>\n<td style="height: 20px;" colspan="3" valign="top">&nbsp;</td>\n</tr>\n<tr>\n<td style="width: 30px; background-color: #039dc4;" width="30" valign="top"><br /></td>\n<td style="background-color: #039dc4; padding: 15px 0;" valign="top"><span style="background-color: #039dc4;"><span style="font-family: Arial,Helvetica,sans-serif;"> \n<table style="border-collapse: collapse; border-spacing: 0; text-align: justify; padding: 0;" border="0" cellspacing="0" cellpadding="0" width="500" height="128" align="left">\n<tbody style="color: #fff;">\n<tr>\n<td style="width: 500px; height: 20px;" width="500" valign="top">\n<p style="font-weight: bold;">Team Sky2c</p>\n<p><span style="font-family: Arial; font-size: xx-small;">Notice:  The information in this email and in any  attachments is confidential  and intended solely for the attention and use of the  named addressee.  This information may be subject to legal professional or other   privilege or may otherwise be protected by work product immunity or  other legal  rules. It must not be disclosed to any person without  authorization. If you are  not the intended recipient, or a person  responsible for delivering it to the  intended recipient, you are not  authorized to and must not disclose, copy,  distribute, or retain this  message or any part of  it.</span></p>\n</td>\n</tr>\n</tbody>\n</table>\n</span></span></td>\n<td style="width: 30px; background-color: #039dc4;" width="30" valign="top"><span style="background-color: #039dc4;"> </span></td>\n</tr>\n</tbody>\n</table>', 'info@sky2c.com', 'Sky2c', 1, '2017-02-15 09:13:09'),
(24, 'Change Password', 'change_password_by_admin', 'Sky2c - Change Password', '{name},{password}', '<p><span style="font-family: Arial,Helvetica,sans-serif;"> </span></p>\n<table style="border-collapse: collapse; border-spacing: 0; border: 1px solid #039DC4; background-color: #fff; padding: 0;" border="0" cellspacing="0" cellpadding="0" align="center">\n<tbody>\n<tr style="height: 36px;" height="36">\n<td style="width: 30px; background-color: #039dc4;" width="30" valign="middle"><span style="background-color: #039dc4;"> </span></td>\n<td style="width: 500px; background-color: #039dc4;" width="500" valign="middle"><span style="background-color: #039dc4;"><span style="color: white; font-size: small;"><strong> Sky2c - Change Password</strong></span></span><span style="color: #039dc4; font-size: small;"><strong>&nbsp;</strong></span><br /></td>\n<td style="width: 30px; background-color: #039dc4;" width="30" valign="middle"><span style="background-color: #039dc4;"> </span></td>\n</tr>\n<tr>\n<td style="height: 20px;" colspan="3" valign="top">\n<p>&nbsp;</p>\n</td>\n</tr>\n<tr>\n<td style="width: 30px;" width="30" valign="top"><br /></td>\n<td style="width: 500px;" width="500" valign="top"><span style="font-family: Arial,Helvetica,sans-serif;"> \n<table style="border-collapse: collapse; border-spacing: 0; padding: 0;" border="0" cellspacing="0" cellpadding="0" width="499" height="108" align="left">\n<tbody>\n<tr>\n<td valign="top"><img style="display: block; margin-left: auto; margin-right: auto;" src="/img/logo.png" alt="" /><br /></td>\n</tr>\n<tr>\n<td valign="top">Hi {name},</td>\n</tr>\n<tr>\n<td style="height: 25px;" valign="top"><br /></td>\n</tr>\n<tr>\n<td valign="top">\n<p>Your password has been changed by admin. Your new password is {password}.</p>\n<p>If you have any questions please contact us at <a href="http://mce_host/cmspages/email-template-edit/info@sky2c.com">info@sky2c.com</a></p>\n</td>\n</tr>\n</tbody>\n</table>\n</span></td>\n<td style="width: 30px;" width="30" valign="top"><br /></td>\n</tr>\n<tr>\n<td style="height: 20px;" colspan="3" valign="top">&nbsp;</td>\n</tr>\n<tr>\n<td style="width: 30px; background-color: #039dc4;" width="30" valign="top"><br /></td>\n<td style="background-color: #039dc4; padding: 15px 0;" valign="top"><span style="background-color: #039dc4;"><span style="font-family: Arial,Helvetica,sans-serif;"> \n<table style="border-collapse: collapse; border-spacing: 0; text-align: justify; padding: 0;" border="0" cellspacing="0" cellpadding="0" width="500" height="128" align="left">\n<tbody style="color: #fff;">\n<tr>\n<td style="width: 500px; height: 20px;" width="500" valign="top">\n<p style="font-weight: bold;">Team Sky2c</p>\n<p><span style="font-family: Arial; font-size: xx-small;">Notice:  The information in this email and in any  attachments is confidential  and intended solely for the attention and use of the  named addressee.  This information may be subject to legal professional or other   privilege or may otherwise be protected by work product immunity or  other legal  rules. It must not be disclosed to any person without  authorization. If you are  not the intended recipient, or a person  responsible for delivering it to the  intended recipient, you are not  authorized to and must not disclose, copy,  distribute, or retain this  message or any part of  it.</span></p>\n</td>\n</tr>\n</tbody>\n</table>\n</span></span></td>\n<td style="width: 30px; background-color: #039dc4;" width="30" valign="top"><span style="background-color: #039dc4;"> </span></td>\n</tr>\n</tbody>\n</table>', 'info@sky2c.com', 'Sky2c', 1, '2017-02-15 09:13:09'),
(1, 'Forgot Password', 'forgot_password', 'Sky2c - Forgot Password', '{user},{link}', '<p><span style="font-family: Arial,Helvetica,sans-serif;"> </span></p>\r\n<table style="border-collapse: collapse; border-spacing: 0; border: 1px solid #039DC4; background-color: #fff; padding: 0;" border="0" cellspacing="0" cellpadding="0" align="center">\r\n<tbody>\r\n<tr style="height: 36px;" height="36">\r\n<td style="width: 30px; background-color: #039dc4;" width="30" valign="middle"><span style="background-color: #039dc4;"> </span></td>\r\n<td style="width: 500px; background-color: #039dc4;" width="500" valign="middle"><span style="background-color: #039dc4;"><span style="color: white; font-size: small;"><strong> Sky2c - Forgot Password</strong></span></span><span style="color: #039dc4; font-size: small;"><strong>&nbsp;</strong></span><br /></td>\r\n<td style="width: 30px; background-color: #039dc4;" width="30" valign="middle"><span style="background-color: #039dc4;"> </span></td>\r\n</tr>\r\n<tr>\r\n<td style="height: 20px;" colspan="3" valign="top">\r\n<p>&nbsp;</p>\r\n</td>\r\n</tr>\r\n<tr>\r\n<td style="width: 30px;" width="30" valign="top"><br /></td>\r\n<td style="width: 500px;" width="500" valign="top"><span style="font-family: Arial,Helvetica,sans-serif;"> \r\n<table style="border-collapse: collapse; border-spacing: 0; padding: 0;" border="0" cellspacing="0" cellpadding="0" width="499" height="108" align="left">\r\n<tbody>\r\n<tr>\r\n<td valign="top"><img style="display: block; margin-left: auto; margin-right: auto;" src="/img/logo.png" alt="" /><br /></td>\r\n</tr>\r\n<tr>\r\n<td valign="top">\r\n<p>Hello {user},</p>\r\n<p>&nbsp;</p>\r\n</td>\r\n</tr>\r\n<tr>\r\n<td style="height: 25px;" valign="top">You have requested for reset your password, Kindly review the below details</td>\r\n</tr>\r\n<tr>\r\n<td valign="top">\r\n<p>To create a new password, just follow this link:<br /> {link}</p>\r\n<br />Note: This link will be expired with in 24 hours</td>\r\n</tr>\r\n</tbody>\r\n</table>\r\n</span></td>\r\n<td style="width: 30px;" width="30" valign="top"><br /></td>\r\n</tr>\r\n<tr>\r\n<td style="height: 20px;" colspan="3" valign="top"><br /></td>\r\n</tr>\r\n<tr>\r\n<td style="width: 30px; background-color: #039dc4;" width="30" valign="top"><br /></td>\r\n<td style="background-color: #039dc4; padding: 15px 0;" valign="top"><span style="background-color: #039dc4;"><span style="font-family: Arial,Helvetica,sans-serif;"> \r\n<table style="border-collapse: collapse; border-spacing: 0; text-align: justify; padding: 0;" border="0" cellspacing="0" cellpadding="0" width="500" height="128" align="left">\r\n<tbody style="color: #fff;">\r\n<tr>\r\n<td style="width: 500px; height: 20px;" width="500" valign="top">\r\n<p style="font-weight: bold;">Team Sky2c</p>\r\n<p><span style="font-family: Arial; font-size: xx-small;">Notice:  The information in this email and in any  attachments is confidential  and intended solely for the attention and use of the  named addressee.  This information may be subject to legal professional or other   privilege or may otherwise be protected by work product immunity or  other legal  rules. It must not be disclosed to any person without  authorization. If you are  not the intended recipient, or a person  responsible for delivering it to the  intended recipient, you are not  authorized to and must not disclose, copy,  distribute, or retain this  message or any part of  it.</span></p>\r\n</td>\r\n</tr>\r\n</tbody>\r\n</table>\r\n</span></span></td>\r\n<td style="width: 30px; background-color: #039dc4;" width="30" valign="top"><span style="background-color: #039dc4;"> </span></td>\r\n</tr>\r\n</tbody>\r\n</table>', 'info@sky2c.com', 'Sky2c', 1, '2017-02-17 11:58:51'),
(25, 'Resend Code', 'resend_code_api', 'Sky2c - Resend code', '{user},{code}', '<p><span style="font-family: Arial,Helvetica,sans-serif;"> </span></p>\r\n<table style="border-collapse: collapse; border-spacing: 0; border: 1px solid #039DC4; background-color: #fff; padding: 0;" border="0" cellspacing="0" cellpadding="0" align="center">\r\n<tbody>\r\n<tr style="height: 36px;" height="36">\r\n<td style="width: 30px; background-color: #039dc4;" width="30" valign="middle"><span style="background-color: #039dc4;"> </span></td>\r\n<td style="width: 500px; background-color: #039dc4;" width="500" valign="middle"><span style="background-color: #039dc4;"><span style="color: white; font-size: small;"><strong> Sky2c - Resend Code</strong></span></span><span style="color: #039dc4; font-size: small;"><strong>&nbsp;</strong></span><br /></td>\r\n<td style="width: 30px; background-color: #039dc4;" width="30" valign="middle"><span style="background-color: #039dc4;"> </span></td>\r\n</tr>\r\n<tr>\r\n<td style="height: 20px;" colspan="3" valign="top">\r\n<p>&nbsp;</p>\r\n</td>\r\n</tr>\r\n<tr>\r\n<td style="width: 30px;" width="30" valign="top"><br /></td>\r\n<td style="width: 500px;" width="500" valign="top"><span style="font-family: Arial,Helvetica,sans-serif;"> \r\n<table style="border-collapse: collapse; border-spacing: 0; padding: 0;" border="0" cellspacing="0" cellpadding="0" width="499" height="108" align="left">\r\n<tbody>\r\n<tr>\r\n<td valign="top"><img style="display: block; margin-left: auto; margin-right: auto;" src="/img/logo.png" alt="" /><br /></td>\r\n</tr>\r\n<tr>\r\n<td valign="top">\r\n<p>Hello {user},</p>\r\n<p>&nbsp;</p>\r\n</td>\r\n</tr>\r\n<tr>\r\n<td valign="top">\r\n<p>Your resend code is:<br /> {code}</p>\r\n<br />Note: This code will be expired with in 15 minutes</td>\r\n</tr>\r\n</tbody>\r\n</table>\r\n</span></td>\r\n<td style="width: 30px;" width="30" valign="top"><br /></td>\r\n</tr>\r\n<tr>\r\n<td style="height: 20px;" colspan="3" valign="top"><br /></td>\r\n</tr>\r\n<tr>\r\n<td style="width: 30px; background-color: #039dc4;" width="30" valign="top"><br /></td>\r\n<td style="background-color: #039dc4; padding: 15px 0;" valign="top"><span style="background-color: #039dc4;"><span style="font-family: Arial,Helvetica,sans-serif;"> \r\n<table style="border-collapse: collapse; border-spacing: 0; text-align: justify; padding: 0;" border="0" cellspacing="0" cellpadding="0" width="500" height="128" align="left">\r\n<tbody style="color: #fff;">\r\n<tr>\r\n<td style="width: 500px; height: 20px;" width="500" valign="top">\r\n<p style="font-weight: bold;">Team Sky2c</p>\r\n<p><span style="font-family: Arial; font-size: xx-small;">Notice:  The information in this email and in any  attachments is confidential  and intended solely for the attention and use of the  named addressee.  This information may be subject to legal professional or other   privilege or may otherwise be protected by work product immunity or  other legal  rules. It must not be disclosed to any person without  authorization. If you are  not the intended recipient, or a person  responsible for delivering it to the  intended recipient, you are not  authorized to and must not disclose, copy,  distribute, or retain this  message or any part of  it.</span></p>\r\n</td>\r\n</tr>\r\n</tbody>\r\n</table>\r\n</span></span></td>\r\n<td style="width: 30px; background-color: #039dc4;" width="30" valign="top"><span style="background-color: #039dc4;"> </span></td>\r\n</tr>\r\n</tbody>\r\n</table>', 'info@sky2c.com', 'Sky2c', 1, '2017-02-17 11:58:51'),
(26, 'Order Assignment', 'order_assign_to_agent', 'Sky2c - Order Assignment', '{agent_name},{assign_by_email},{assigned_by_name},{order_info}', '<p><span style="font-family: Arial,Helvetica,sans-serif;"> </span></p>\n<table style="border-collapse: collapse; border-spacing: 0; border: 1px solid #039DC4; background-color: #fff; padding: 0;" border="0" cellspacing="0" cellpadding="0" align="center">\n<tbody>\n<tr style="height: 36px;" height="36">\n<td style="width: 30px; background-color: #039dc4;" width="30" valign="middle"><span style="background-color: #039dc4;"> </span></td>\n<td style="width: 500px; background-color: #039dc4;" width="500" valign="middle"><span style="background-color: #039dc4;"><span style="color: white; font-size: small;"><strong> Sky2c - Order Assignment</strong></span></span><span style="color: #039dc4; font-size: small;"><strong>&nbsp;</strong></span><br /></td>\n<td style="width: 30px; background-color: #039dc4;" width="30" valign="middle"><span style="background-color: #039dc4;"> </span></td>\n</tr>\n<tr>\n<td style="height: 20px;" colspan="3" valign="top">\n<p>&nbsp;</p>\n</td>\n</tr>\n<tr>\n<td style="width: 30px;" width="30" valign="top"><br /></td>\n<td style="width: 500px;" width="500" valign="top"><span style="font-family: Arial,Helvetica,sans-serif;"> \n<table style="border-collapse: collapse; border-spacing: 0; padding: 0;" border="0" cellspacing="0" cellpadding="0" width="499" height="108" align="left">\n<tbody>\n<tr>\n<td valign="top"><img style="display: block; margin-left: auto; margin-right: auto;" src="/img/logo.png" alt="" /><br /></td>\n</tr>\n<tr>\n<td valign="top"><br /></td>\n</tr>\n<tr>\n<td valign="top">Hello {agent_name},</td>\n</tr>\n<tr>\n<td style="height: 25px;" valign="top"><br /></td>\n</tr>\n<tr>\n<td valign="top">\n<p>You have recieved new order, Kindly review details below.</p>\n<p>Assigned By : {assigned_by_name}({assign_by_email})</p>\n<p>Order Info : </p>\n{order_info}\n\n\n</td>\n</tr>\n<tr>\n<td class="system_contmail" colspan="2">If you any query please let us know straight away at:<a href="mailto:sky2c@gmail.com"> sky2c@gmail.com</a></td>\n</tr>\n</tbody>\n</table>\n</span></td>\n<td style="width: 30px;" width="30" valign="top"><br /></td>\n</tr>\n<tr>\n<td style="height: 20px;" colspan="3" valign="top"><br /></td>\n</tr>\n<tr>\n<td style="width: 30px; background-color: #039dc4;" width="30" valign="top"><br /></td>\n<td style="background-color: #039dc4; padding: 15px 0;" valign="top"><span style="background-color: #039dc4;"><span style="font-family: Arial,Helvetica,sans-serif;"> \n<table style="border-collapse: collapse; border-spacing: 0; text-align: justify; padding: 0;" border="0" cellspacing="0" cellpadding="0" width="500" height="128" align="left">\n<tbody style="color: #fff;">\n<tr>\n<td style="width: 500px; height: 20px;" width="500" valign="top">\n<p style="font-weight: bold;">Team Sky2c</p>\n<p><span style="font-family: Arial; font-size: xx-small;">Notice:  The information in this email and in any  attachments is confidential  and intended solely for the attention and use of the  named addressee.  This information may be subject to legal professional or other   privilege or may otherwise be protected by work product immunity or  other legal  rules. It must not be disclosed to any person without  authorization. If you are  not the intended recipient, or a person  responsible for delivering it to the  intended recipient, you are not  authorized to and must not disclose, copy,  distribute, or retain this  message or any part of  it.</span></p>\n</td>\n</tr>\n</tbody>\n</table>\n</span></span></td>\n<td style="width: 30px; background-color: #039dc4;" width="30" valign="top"><span style="background-color: #039dc4;"> </span></td>\n</tr>\n</tbody>\n</table>\n', 'info@sky2c.com', 'Sky2c', 1, '2017-02-15 09:14:19'),
(27, 'Order Assignment', 'order_response_to_agent', 'Sky2c - Order Response', '{agent_name},{driver_name},{action},{order_id},{pkg_number},{pkg_title}', '<p><span style="font-family: Arial,Helvetica,sans-serif;"> </span></p>\r\n<table style="border-collapse: collapse; border-spacing: 0; border: 1px solid #039DC4; background-color: #fff; padding: 0;" border="0" cellspacing="0" cellpadding="0" align="center">\r\n<tbody>\r\n<tr style="height: 36px;" height="36">\r\n<td style="width: 30px; background-color: #039dc4;" width="30" valign="middle"><span style="background-color: #039dc4;"> </span></td>\r\n<td style="width: 500px; background-color: #039dc4;" width="500" valign="middle"><span style="background-color: #039dc4;"><span style="color: white; font-size: small;"><strong> Sky2c - {action} Order</strong></span></span><span style="color: #039dc4; font-size: small;"><strong>&nbsp;</strong></span><br /></td>\r\n<td style="width: 30px; background-color: #039dc4;" width="30" valign="middle"><span style="background-color: #039dc4;"> </span></td>\r\n</tr>\r\n<tr>\r\n<td style="height: 20px;" colspan="3" valign="top">\r\n<p>&nbsp;</p>\r\n</td>\r\n</tr>\r\n<tr>\r\n<td style="width: 30px;" width="30" valign="top"><br /></td>\r\n<td style="width: 500px;" width="500" valign="top"><span style="font-family: Arial,Helvetica,sans-serif;"> \r\n<table style="border-collapse: collapse; border-spacing: 0; padding: 0;" border="0" cellspacing="0" cellpadding="0" width="499" height="108" align="left">\r\n<tbody>\r\n<tr>\r\n<td valign="top"><img style="display: block; margin-left: auto; margin-right: auto;" src="/img/logo.png" alt="" /><br /></td>\r\n</tr>\r\n<tr>\r\n<td valign="top"><br /></td>\r\n</tr>\r\n<tr>\r\n<td valign="top">Hello {agent_name},</td>\r\n</tr>\r\n<tr>\r\n<td style="height: 25px;" valign="top"><br /></td>\r\n</tr>\r\n<tr>\r\n<td valign="top">\r\n	<p>Driver({driver_name}) have {action} your order, Kindly review details below.</p>\r\n	<p>Order Id : {order_id}</p>\r\n	<p>Package No : {pkg_number}</p>\r\n	<p>package Title : {pkg_title}</p>\r\n	<p></p>\r\n</td>\r\n</tr>\r\n<tr>\r\n<td class="system_contmail" colspan="2">If you any query please let us know straight away at:<a href="mailto:sky2c@gmail.com"> sky2c@gmail.com</a></td>\r\n</tr>\r\n</tbody>\r\n</table>\r\n</span></td>\r\n<td style="width: 30px;" width="30" valign="top"><br /></td>\r\n</tr>\r\n<tr>\r\n<td style="height: 20px;" colspan="3" valign="top"><br /></td>\r\n</tr>\r\n<tr>\r\n<td style="width: 30px; background-color: #039dc4;" width="30" valign="top"><br /></td>\r\n<td style="background-color: #039dc4; padding: 15px 0;" valign="top"><span style="background-color: #039dc4;"><span style="font-family: Arial,Helvetica,sans-serif;"> \r\n<table style="border-collapse: collapse; border-spacing: 0; text-align: justify; padding: 0;" border="0" cellspacing="0" cellpadding="0" width="500" height="128" align="left">\r\n<tbody style="color: #fff;">\r\n<tr>\r\n<td style="width: 500px; height: 20px;" width="500" valign="top">\r\n<p style="font-weight: bold;">Team Sky2c</p>\r\n<p><span style="font-family: Arial; font-size: xx-small;">Notice:  The information in this email and in any  attachments is confidential  and intended solely for the attention and use of the  named addressee.  This information may be subject to legal professional or other   privilege or may otherwise be protected by work product immunity or  other legal  rules. It must not be disclosed to any person without  authorization. If you are  not the intended recipient, or a person  responsible for delivering it to the  intended recipient, you are not  authorized to and must not disclose, copy,  distribute, or retain this  message or any part of  it.</span></p>\r\n</td>\r\n</tr>\r\n</tbody>\r\n</table>\r\n</span></span></td>\r\n<td style="width: 30px; background-color: #039dc4;" width="30" valign="top"><span style="background-color: #039dc4;"> </span></td>\r\n</tr>\r\n</tbody>\r\n</table>\r\n', 'info@sky2c.com', 'Sky2c', 1, '2017-02-15 09:14:19'),
(28, 'Order Assignment', 'order_response_to_driver', 'Sky2c - Order Response', '{agent_name},{driver_name},{action},{order_id},{pkg_number},{pkg_title}', '<p><span style="font-family: Arial,Helvetica,sans-serif;"> </span></p>\r\n<table style="border-collapse: collapse; border-spacing: 0; border: 1px solid #039DC4; background-color: #fff; padding: 0;" border="0" cellspacing="0" cellpadding="0" align="center">\r\n<tbody>\r\n<tr style="height: 36px;" height="36">\r\n<td style="width: 30px; background-color: #039dc4;" width="30" valign="middle"><span style="background-color: #039dc4;"> </span></td>\r\n<td style="width: 500px; background-color: #039dc4;" width="500" valign="middle"><span style="background-color: #039dc4;"><span style="color: white; font-size: small;"><strong> Sky2c - {action} Order</strong></span></span><span style="color: #039dc4; font-size: small;"><strong>&nbsp;</strong></span><br /></td>\r\n<td style="width: 30px; background-color: #039dc4;" width="30" valign="middle"><span style="background-color: #039dc4;"> </span></td>\r\n</tr>\r\n<tr>\r\n<td style="height: 20px;" colspan="3" valign="top">\r\n<p>&nbsp;</p>\r\n</td>\r\n</tr>\r\n<tr>\r\n<td style="width: 30px;" width="30" valign="top"><br /></td>\r\n<td style="width: 500px;" width="500" valign="top"><span style="font-family: Arial,Helvetica,sans-serif;"> \r\n<table style="border-collapse: collapse; border-spacing: 0; padding: 0;" border="0" cellspacing="0" cellpadding="0" width="499" height="108" align="left">\r\n<tbody>\r\n<tr>\r\n<td valign="top"><img style="display: block; margin-left: auto; margin-right: auto;" src="/img/logo.png" alt="" /><br /></td>\r\n</tr>\r\n<tr>\r\n<td valign="top"><br /></td>\r\n</tr>\r\n<tr>\r\n<td valign="top">Hello {driver_name},</td>\r\n</tr>\r\n<tr>\r\n<td style="height: 25px;" valign="top"><br /></td>\r\n</tr>\r\n<tr>\r\n<td valign="top">\r\n	<p>You have {action} the order of {agent_name}, Kindly review details below.</p>\r\n	<p>Order Id : {order_id}</p>\r\n	<p>Package No : {pkg_number}</p>\r\n	<p>package Title : {pkg_title}</p>\r\n	<p></p>\r\n</td>\r\n</tr>\r\n<tr>\r\n<td class="system_contmail" colspan="2">If you any query please let us know straight away at:<a href="mailto:sky2c@gmail.com"> sky2c@gmail.com</a></td>\r\n</tr>\r\n</tbody>\r\n</table>\r\n</span></td>\r\n<td style="width: 30px;" width="30" valign="top"><br /></td>\r\n</tr>\r\n<tr>\r\n<td style="height: 20px;" colspan="3" valign="top"><br /></td>\r\n</tr>\r\n<tr>\r\n<td style="width: 30px; background-color: #039dc4;" width="30" valign="top"><br /></td>\r\n<td style="background-color: #039dc4; padding: 15px 0;" valign="top"><span style="background-color: #039dc4;"><span style="font-family: Arial,Helvetica,sans-serif;"> \r\n<table style="border-collapse: collapse; border-spacing: 0; text-align: justify; padding: 0;" border="0" cellspacing="0" cellpadding="0" width="500" height="128" align="left">\r\n<tbody style="color: #fff;">\r\n<tr>\r\n<td style="width: 500px; height: 20px;" width="500" valign="top">\r\n<p style="font-weight: bold;">Team Sky2c</p>\r\n<p><span style="font-family: Arial; font-size: xx-small;">Notice:  The information in this email and in any  attachments is confidential  and intended solely for the attention and use of the  named addressee.  This information may be subject to legal professional or other   privilege or may otherwise be protected by work product immunity or  other legal  rules. It must not be disclosed to any person without  authorization. If you are  not the intended recipient, or a person  responsible for delivering it to the  intended recipient, you are not  authorized to and must not disclose, copy,  distribute, or retain this  message or any part of  it.</span></p>\r\n</td>\r\n</tr>\r\n</tbody>\r\n</table>\r\n</span></span></td>\r\n<td style="width: 30px; background-color: #039dc4;" width="30" valign="top"><span style="background-color: #039dc4;"> </span></td>\r\n</tr>\r\n</tbody>\r\n</table>\r\n', 'info@sky2c.com', 'Sky2c', 1, '2017-02-15 09:14:19'),
(29, 'New Customer', 'registration_invitation', 'Sky2c - Invitation for register', '{username},{password},{link}', '<p><span style="font-family: Arial,Helvetica,sans-serif;"> </span></p>\n<table style="border-collapse: collapse; border-spacing: 0; border: 1px solid #039DC4; background-color: #fff; padding: 0;" border="0" cellspacing="0" cellpadding="0" align="center">\n<tbody>\n<tr style="height: 36px;" height="36">\n<td style="width: 30px; background-color: #039dc4;" width="30" valign="middle"><span style="background-color: #039dc4;"> </span></td>\n<td style="width: 500px; background-color: #039dc4;" width="500" valign="middle"><span style="background-color: #039dc4;"><span style="color: white; font-size: small;"><strong> Sky2c - Invitation For Registration</strong></span></span><span style="color: #039dc4; font-size: small;"><strong> </strong></span><br /></td>\n<td style="width: 30px; background-color: #039dc4;" width="30" valign="middle"><span style="background-color: #039dc4;"> </span></td>\n</tr>\n<tr>\n<td style="height: 20px;" colspan="3" valign="top">\n<p>&nbsp;</p>\n</td>\n</tr>\n<tr>\n<td style="width: 30px;" width="30" valign="top"><br /></td>\n<td style="width: 500px;" width="500" valign="top"><span style="font-family: Arial,Helvetica,sans-serif;"> \n<table style="border-collapse: collapse; border-spacing: 0; padding: 0;" border="0" cellspacing="0" cellpadding="0" width="499" height="108" align="left">\n<tbody>\n<tr>\n<td valign="top"><img style="display: block; margin-left: auto; margin-right: auto;" src="/img/logo.png" alt="" /><br /></td>\n</tr>\n<tr>\n<td valign="top">\n<p>Hello {full_name},</p>\n<p>&nbsp;</p>\n</td>\n</tr>\n<tr>\n<td style="height: 25px;" valign="top">\n<p>New customer has been created into system, Following are the details. Kindly review</p>\n<p>Email : Need to setup by customer</p>\n<p>Username : {username}</p>\n<p><span style="font-family: Arial,Helvetica,sans-serif;">Password : {password}</span></p>\n<p><span style="font-family: Arial,Helvetica,sans-serif;">Click here for login : {link}<br /></span></p>\n<p>If you have any questions please contact us at <a href="mailto:info@sitterguide.com">info@sky2c.com</a></p>\n</td>\n</tr>\n<tr>\n<td valign="top"><br /></td>\n</tr>\n</tbody>\n</table>\n</span></td>\n<td style="width: 30px;" width="30" valign="top"><br /></td>\n</tr>\n<tr>\n<td style="height: 20px;" colspan="3" valign="top"><br /></td>\n</tr>\n<tr>\n<td style="width: 30px; background-color: #039dc4;" width="30" valign="top"><br /></td>\n<td style="background-color: #039dc4; padding: 15px 0;" valign="top"><span style="background-color: #039dc4;"><span style="font-family: Arial,Helvetica,sans-serif;"> \n<table style="border-collapse: collapse; border-spacing: 0; text-align: justify; padding: 0;" border="0" cellspacing="0" cellpadding="0" width="500" height="128" align="left">\n<tbody style="color: #fff;">\n<tr>\n<td style="width: 500px; height: 20px;" width="500" valign="top">\n<p style="font-weight: bold;">Team Sky2c</p>\n<p><span style="font-family: Arial; font-size: xx-small;">Notice:  The information in this email and in any  attachments is confidential  and intended solely for the attention and use of the  named addressee.  This information may be subject to legal professional or other   privilege or may otherwise be protected by work product immunity or  other legal  rules. It must not be disclosed to any person without  authorization. If you are  not the intended recipient, or a person  responsible for delivering it to the  intended recipient, you are not  authorized to and must not disclose, copy,  distribute, or retain this  message or any part of  it.</span></p>\n</td>\n</tr>\n</tbody>\n</table>\n</span></span></td>\n<td style="width: 30px; background-color: #039dc4;" width="30" valign="top"><span style="background-color: #039dc4;"> </span></td>\n</tr>\n</tbody>\n</table>', 'info@sky2c.com', 'Sky2c', 1, '2017-03-02 10:50:43');

-- --------------------------------------------------------

--
-- Table structure for table `girls_saw_chart`
--

CREATE TABLE `girls_saw_chart` (
  `id` int(11) NOT NULL,
  `height` int(11) NOT NULL COMMENT 'in cm',
  `median` float NOT NULL,
  `1sd` float NOT NULL,
  `2sd` float NOT NULL,
  `3sd` float NOT NULL,
  `4sd` float NOT NULL
) ENGINE=InnoDB DEFAULT CHARSET=latin1;

--
-- Dumping data for table `girls_saw_chart`
--

INSERT INTO `girls_saw_chart` (`id`, `height`, `median`, `1sd`, `2sd`, `3sd`, `4sd`) VALUES
(1, 45, 2.5, 2.3, 2.1, 1.9, 1.7),
(2, 46, 2.6, 2.4, 2.2, 2, 1.9),
(3, 47, 2.8, 2.6, 2.4, 2.2, 2),
(4, 48, 3, 2.7, 2.5, 2.3, 2.1),
(5, 49, 3.2, 2.9, 2.6, 2.4, 2.2),
(6, 50, 3.4, 3.1, 2.8, 2.6, 2.4),
(7, 51, 3.6, 3.3, 3, 2.8, 2.5),
(8, 52, 3.8, 3.5, 3.2, 2.9, 2.7),
(9, 53, 4, 3.7, 3.4, 3.1, 2.8),
(10, 54, 4.3, 3.9, 3.6, 3.3, 3),
(11, 55, 4.5, 4.2, 3.8, 3.5, 3.2),
(12, 56, 4.8, 4.4, 4, 3.7, 3.4),
(13, 57, 5.1, 4.6, 4.3, 3.9, 3.6),
(14, 58, 5.4, 4.9, 4.5, 4.1, 3.8),
(15, 59, 5.6, 5.1, 4.7, 4.3, 3.9),
(16, 60, 5.9, 5.4, 4.9, 4.5, 4.1),
(17, 61, 6.1, 5.6, 5.1, 4.7, 4.3),
(18, 62, 6.4, 5.8, 5.3, 4.9, 4.5),
(19, 63, 6.6, 6, 5.5, 5.1, 4.7),
(20, 64, 6.9, 6.3, 5.7, 5.3, 4.8),
(21, 65, 7.1, 6.5, 5.9, 5.5, 5),
(22, 66, 7.3, 6.7, 6.1, 5.6, 5.1),
(23, 67, 7.5, 6.9, 6.3, 5.8, 5.3),
(24, 68, 7.7, 7.1, 6.5, 6, 5.5),
(25, 69, 8, 7.3, 6.7, 6.1, 5.6),
(26, 70, 8.2, 7.5, 6.9, 6.3, 5.8),
(27, 71, 8.4, 7.7, 7, 6.5, 5.9),
(28, 72, 8.6, 7.8, 7.2, 6.6, 6),
(29, 73, 8.8, 8, 7.4, 6.8, 6.2),
(30, 74, 9, 8.2, 7.5, 6.9, 6.3),
(31, 75, 9.1, 8.4, 7.7, 7.1, 6.5),
(32, 76, 9.3, 8.5, 7.8, 7.2, 6.6),
(33, 77, 9.5, 8.7, 8, 7.4, 6.7),
(34, 78, 9.7, 8.9, 8.2, 7.5, 6.9),
(35, 79, 9.9, 9.1, 8.3, 7.7, 7),
(36, 80, 10.1, 9.2, 8.5, 7.8, 7.1),
(37, 81, 10.3, 9.4, 8.7, 8, 7.3),
(38, 82, 10.5, 9.6, 8.8, 8.1, 7.5),
(39, 83, 10.7, 9.8, 9, 8.3, 7.6),
(40, 84, 11, 10.1, 9.2, 8.5, 7.8),
(41, 85, 11.2, 10.3, 9.4, 8.7, 8),
(42, 86, 11.5, 10.5, 9.7, 8.9, 8.1),
(43, 88, 12.1, 11.1, 10.2, 9.4, 8.6),
(44, 89, 12.4, 11.4, 10.4, 9.6, 8.8),
(45, 90, 12.6, 11.6, 10.6, 9.8, 9),
(46, 91, 12.9, 11.8, 10.9, 10, 9.1),
(47, 92, 13.1, 12, 11.1, 10.2, 9.3),
(48, 93, 13.4, 12.3, 11.3, 10.4, 9.5),
(49, 94, 13.6, 12.5, 11.5, 10.6, 9.7),
(50, 95, 13.9, 12.7, 11.7, 10.8, 9.8),
(51, 96, 14.1, 12.9, 11.9, 10.9, 10),
(52, 97, 14.4, 13.2, 12.1, 11.1, 10.2),
(53, 98, 14.7, 13.4, 12.3, 11.3, 10.4),
(54, 99, 14.9, 13.7, 12.5, 11.5, 10.5),
(55, 100, 15.2, 13.9, 12.8, 11.7, 10.7),
(56, 101, 15.5, 14.2, 13, 12, 10.9),
(57, 102, 15.8, 14.5, 13.3, 12.2, 11.1),
(58, 103, 16.1, 14.7, 13.5, 12.4, 11.3),
(59, 104, 16.4, 15, 13.8, 12.6, 11.5),
(60, 105, 16.8, 15.3, 14, 12.9, 11.8),
(61, 106, 17.1, 15.6, 14.3, 13.1, 12),
(62, 107, 17.5, 15.9, 14.6, 13.4, 12.2),
(63, 108, 17.8, 16.3, 14.9, 13.7, 12.4),
(64, 109, 18.2, 16.6, 15.2, 13.9, 12.7),
(65, 110, 18.6, 17, 15.5, 14.2, 12.9),
(66, 111, 19, 17.3, 15.8, 14.5, 13.2),
(67, 112, 19.4, 17.7, 16.2, 14.8, 13.5),
(68, 113, 19.8, 18, 16.5, 15.1, 13.7),
(69, 114, 20.2, 18.4, 16.8, 15.4, 14),
(70, 115, 20.7, 18.8, 17.2, 15.7, 14.3),
(71, 116, 21.2, 19.2, 17.5, 16, 14.5),
(72, 117, 21.5, 19.6, 17.8, 16.3, 14.8),
(73, 118, 22, 19.9, 18.2, 16.6, 15.1),
(74, 119, 22.4, 20.3, 18.5, 16.9, 15.4),
(75, 120, 22.8, 20.7, 18.9, 17.3, 15.6),
(76, 87, 11.5, 10.5, 9.7, 8.9, 8.1);

-- --------------------------------------------------------

--
-- Table structure for table `girls_suw_chart`
--

CREATE TABLE `girls_suw_chart` (
  `id` int(11) NOT NULL,
  `age` int(11) NOT NULL COMMENT 'in Months',
  `median` float NOT NULL,
  `1sd` float NOT NULL,
  `2sd` float NOT NULL,
  `3sd` float NOT NULL,
  `1sd_minus` float DEFAULT NULL,
  `2sd_minus` float DEFAULT NULL,
  `3sd_minus` float DEFAULT NULL
) ENGINE=InnoDB DEFAULT CHARSET=latin1;

--
-- Dumping data for table `girls_suw_chart`
--

INSERT INTO `girls_suw_chart` (`id`, `age`, `median`, `1sd`, `2sd`, `3sd`, `1sd_minus`, `2sd_minus`, `3sd_minus`) VALUES
(1, 0, 3.2, 3.7, 4.2, 4.8, 2.8, 2.4, 2),
(2, 1, 4.2, 4.8, 5.5, 6.2, 3.6, 3.2, 2.7),
(3, 2, 5.1, 5.8, 6.6, 7.5, 4.5, 3.9, 3.4),
(4, 3, 5.8, 6.6, 7.5, 8.5, 5.2, 4.5, 4),
(5, 4, 6.4, 7.3, 8.2, 9.3, 5.7, 5, 4.4),
(6, 5, 6.9, 7.8, 8.8, 10, 6.1, 5.4, 4.8),
(7, 6, 7.3, 8.2, 9.3, 10.6, 6.5, 5.7, 5.1),
(8, 7, 7.6, 8.6, 9.8, 11.1, 6.8, 6, 5.3),
(9, 8, 7.9, 9, 10.2, 11.6, 7, 6.3, 5.6),
(10, 9, 8.2, 9.3, 10.5, 12, 7.3, 6.5, 5.8),
(11, 10, 8.5, 9.6, 10.9, 12.4, 7.5, 6.7, 5.9),
(12, 11, 8.7, 9.9, 11.2, 12.8, 7.7, 6.9, 6.1),
(13, 12, 8.9, 10.1, 11.5, 13.1, 7.9, 7, 6.3),
(14, 13, 9.2, 10.4, 11.8, 13.5, 8.1, 7.2, 6.4),
(15, 14, 9.4, 10.6, 12.1, 13.8, 8.3, 7.4, 6.6),
(16, 15, 9.6, 10.9, 12.4, 14.1, 8.5, 7.6, 6.7),
(17, 16, 9.8, 11.1, 12.6, 14.5, 8.7, 7.7, 6.9),
(18, 17, 10, 11.4, 12.9, 14.8, 8.9, 7.9, 7),
(19, 18, 10.2, 11.6, 13.2, 15.1, 9.1, 8.1, 7.2),
(20, 19, 10.4, 11.8, 13.5, 15.4, 9.2, 8.2, 7.3),
(21, 20, 10.6, 12.1, 13.7, 15.7, 9.4, 8.4, 7.5),
(22, 21, 10.9, 12.3, 14, 16, 9.6, 8.6, 7.6),
(23, 22, 11.1, 12.5, 14.3, 16.4, 9.8, 8.7, 7.8),
(24, 23, 11.3, 12.8, 14.6, 16.7, 10, 8.9, 7.9),
(25, 24, 11.5, 13, 14.8, 17, 10.2, 9, 8.1),
(26, 25, 11.7, 13.3, 15.1, 17.3, 10.3, 9.2, 8.2),
(27, 26, 11.9, 13.5, 15.4, 17.7, 10.5, 9.4, 8.4),
(28, 27, 12.1, 13.7, 15.7, 18, 10.7, 9.5, 8.5),
(29, 28, 12.3, 14, 16, 18.3, 10.9, 9.7, 8.6),
(30, 29, 12.5, 14.2, 16.2, 18.7, 11.1, 9.8, 8.8),
(31, 30, 12.7, 14.4, 16.5, 19, 11.2, 10, 8.9),
(32, 31, 12.9, 14.7, 16.8, 19.3, 11.4, 10.1, 9),
(33, 32, 13.1, 14.9, 17.1, 19.6, 11.6, 10.3, 9.1),
(34, 33, 13.3, 15.1, 17.3, 20, 11.7, 10.4, 9.3),
(35, 34, 13.5, 15.4, 17.6, 20.3, 11.9, 10.5, 9.4),
(36, 35, 13.7, 15.6, 17.9, 20.6, 12, 10.7, 9.5),
(37, 36, 13.9, 15.8, 18.1, 20.9, 12.2, 10.8, 9.6),
(38, 37, 14, 16, 18.4, 21.3, 12.4, 10.9, 9.7),
(39, 38, 14.2, 16.3, 18.7, 21.6, 12.5, 11.1, 9.8),
(40, 39, 14.4, 16.5, 19, 22, 12.7, 11.2, 9.9),
(41, 40, 14.6, 16.7, 19.2, 22.3, 12.8, 11.3, 10.1),
(42, 41, 14.8, 16.9, 19.5, 22.7, 13, 11.5, 10.2),
(43, 42, 15, 17.2, 19.8, 23, 13.1, 11.6, 10.3),
(44, 43, 15.2, 17.4, 20.1, 23.4, 13.3, 11.7, 10.4),
(45, 44, 15.3, 17.6, 20.4, 23.7, 13.4, 11.8, 10.5),
(46, 45, 15.5, 17.8, 20.7, 24.1, 13.6, 12, 10.6),
(47, 46, 15.7, 18.1, 20.9, 24.5, 13.7, 12.1, 10.7),
(48, 47, 15.9, 18.3, 21.2, 24.8, 13.9, 12.2, 10.8),
(49, 48, 16.1, 18.5, 21.5, 25.2, 14, 12.3, 10.9),
(50, 49, 16.3, 18.8, 21.8, 25.5, 14.2, 12.4, 11),
(51, 50, 16.4, 19, 22.1, 25.9, 14.3, 12.6, 11.1),
(52, 51, 16.6, 19.2, 22.4, 26.3, 14.5, 12.7, 11.2),
(53, 52, 16.8, 19.4, 22.6, 26.6, 14.6, 12.8, 11.3),
(54, 53, 17, 19.7, 22.9, 27, 14.8, 12.9, 11.4),
(55, 54, 17.2, 19.9, 23.2, 27.4, 14.9, 13, 11.5),
(56, 55, 17.3, 20.1, 23.5, 27.7, 15.1, 13.2, 11.6),
(57, 56, 17.5, 20.3, 23.8, 28.1, 15.2, 13.3, 11.7),
(58, 57, 17.7, 20.6, 24.1, 28.5, 15.3, 13.4, 11.8),
(59, 58, 17.9, 20.8, 24.4, 28.8, 15.5, 13.5, 11.9),
(60, 59, 18, 21, 24.6, 29.2, 15.6, 13.6, 12),
(61, 60, 18.2, 21.2, 24.9, 29.5, 15.8, 13.7, 12.1);

-- --------------------------------------------------------

--
-- Table structure for table `notification`
--

CREATE TABLE `notification` (
  `id` int(11) NOT NULL,
  `recevier_id` int(11) NOT NULL,
  `Body` varchar(2000) NOT NULL,
  `chilldren_count` int(11) NOT NULL,
  `rbsk_team_id` int(11) NOT NULL,
  `created_at` timestamp NOT NULL DEFAULT CURRENT_TIMESTAMP
) ENGINE=InnoDB DEFAULT CHARSET=latin1;

--
-- Dumping data for table `notification`
--

INSERT INTO `notification` (`id`, `recevier_id`, `Body`, `chilldren_count`, `rbsk_team_id`, `created_at`) VALUES
(1, 7, 'Dear manjitt 3 new children has been added in your RBSK team.', 3, 2, '2017-06-12 05:38:48'),
(2, 10, 'Dear testworkerww 3 new children has been added in your RBSK team.', 3, 2, '2017-06-12 05:38:49'),
(3, 11, 'Dear testrbsk 3 new children has been added in your RBSK team.', 3, 2, '2017-06-12 05:38:50'),
(4, 7, 'Dear manjitt 3 new children has been added in your RBSK team.', 3, 2, '2017-06-12 05:40:00'),
(5, 10, 'Dear testworkerww 3 new children has been added in your RBSK team.', 3, 2, '2017-06-12 05:40:01'),
(6, 11, 'Dear testrbsk 3 new children has been added in your RBSK team.', 3, 2, '2017-06-12 05:40:02'),
(7, 7, 'Dear manjitt 3 new children has been added in your RBSK team.', 3, 2, '2017-06-12 05:40:29'),
(8, 10, 'Dear testworkerww 3 new children has been added in your RBSK team.', 3, 2, '2017-06-12 05:40:30'),
(9, 11, 'Dear testrbsk 3 new children has been added in your RBSK team.', 3, 2, '2017-06-12 05:40:32'),
(10, 7, 'Dear manjitt 3 new children has been added in your RBSK team.', 3, 2, '2017-06-12 05:40:49'),
(11, 10, 'Dear testworkerww 3 new children has been added in your RBSK team.', 3, 2, '2017-06-12 05:40:50'),
(12, 11, 'Dear testrbsk 3 new children has been added in your RBSK team.', 3, 2, '2017-06-12 05:40:51'),
(13, 7, 'Dear manjitt 3 new children has been added in your RBSK team.', 3, 2, '2017-06-12 05:43:06'),
(14, 10, 'Dear testworkerww 3 new children has been added in your RBSK team.', 3, 2, '2017-06-12 05:43:07'),
(15, 11, 'Dear testrbsk 3 new children has been added in your RBSK team.', 3, 2, '2017-06-12 05:43:09'),
(16, 7, 'Dear manjitt 3 new children has been added in your RBSK team.', 3, 2, '2017-06-12 05:45:48'),
(17, 10, 'Dear testworkerww 3 new children has been added in your RBSK team.', 3, 2, '2017-06-12 05:45:49'),
(18, 11, 'Dear testrbsk 3 new children has been added in your RBSK team.', 3, 2, '2017-06-12 05:45:50'),
(19, 7, 'Dear manjitt 3 new children has been added in your RBSK team.', 3, 2, '2017-06-12 05:47:02'),
(20, 10, 'Dear testworkerww 3 new children has been added in your RBSK team.', 3, 2, '2017-06-12 05:47:03'),
(21, 11, 'Dear testrbsk 3 new children has been added in your RBSK team.', 3, 2, '2017-06-12 05:47:05'),
(22, 7, 'Dear manjitt 3 new children has been added in your RBSK team.', 3, 2, '2017-06-12 05:47:45'),
(23, 10, 'Dear testworkerww 3 new children has been added in your RBSK team.', 3, 2, '2017-06-12 05:47:47'),
(24, 11, 'Dear testrbsk 3 new children has been added in your RBSK team.', 3, 2, '2017-06-12 05:47:48'),
(25, 7, 'Dear manjitt 3 new children has been added in your RBSK team.', 3, 2, '2017-06-12 05:48:24'),
(26, 10, 'Dear testworkerww 3 new children has been added in your RBSK team.', 3, 2, '2017-06-12 05:48:25'),
(27, 11, 'Dear testrbsk 3 new children has been added in your RBSK team.', 3, 2, '2017-06-12 05:48:26'),
(28, 7, 'Dear manjitt 3 new children has been added in your RBSK team.', 3, 2, '2017-06-12 05:48:31'),
(29, 10, 'Dear testworkerww 3 new children has been added in your RBSK team.', 3, 2, '2017-06-12 05:48:32'),
(30, 11, 'Dear testrbsk 3 new children has been added in your RBSK team.', 3, 2, '2017-06-12 05:48:33'),
(31, 7, 'Dear manjitt 3 new children has been added in your RBSK team.', 3, 2, '2017-06-12 07:19:47'),
(32, 10, 'Dear testworkerww 3 new children has been added in your RBSK team.', 3, 2, '2017-06-12 07:19:48'),
(33, 11, 'Dear testrbsk 3 new children has been added in your RBSK team.', 3, 2, '2017-06-12 07:19:49'),
(34, 7, 'Dear manjitt 3 new children has been added in your RBSK team.', 3, 2, '2017-06-12 08:27:30'),
(35, 10, 'Dear testworkerww 3 new children has been added in your RBSK team.', 3, 2, '2017-06-12 08:27:31'),
(36, 11, 'Dear testrbsk 3 new children has been added in your RBSK team.', 3, 2, '2017-06-12 08:27:32'),
(37, 7, 'Dear manjitt 3 new children has been added in your RBSK team.', 3, 2, '2017-06-12 08:28:53'),
(38, 10, 'Dear testworkerww 3 new children has been added in your RBSK team.', 3, 2, '2017-06-12 08:28:54'),
(39, 11, 'Dear testrbsk 3 new children has been added in your RBSK team.', 3, 2, '2017-06-12 08:28:55'),
(40, 7, 'Dear manjitt 3 new children has been added in your RBSK team.', 3, 2, '2017-06-12 08:30:06'),
(41, 10, 'Dear testworkerww 3 new children has been added in your RBSK team.', 3, 2, '2017-06-12 08:30:07'),
(42, 11, 'Dear testrbsk 3 new children has been added in your RBSK team.', 3, 2, '2017-06-12 08:30:08'),
(43, 7, 'Dear manjitt 3 new children has been added in your RBSK team.', 3, 2, '2017-06-12 08:44:55'),
(44, 10, 'Dear testworkerww 3 new children has been added in your RBSK team.', 3, 2, '2017-06-12 08:44:56'),
(45, 11, 'Dear testrbsk 3 new children has been added in your RBSK team.', 3, 2, '2017-06-12 08:44:58'),
(46, 7, 'Dear manjitt 3 new children has been added in your RBSK team.', 3, 2, '2017-06-12 08:47:46'),
(47, 10, 'Dear testworkerww 3 new children has been added in your RBSK team.', 3, 2, '2017-06-12 08:47:47'),
(48, 11, 'Dear testrbsk 3 new children has been added in your RBSK team.', 3, 2, '2017-06-12 08:47:48'),
(49, 7, 'Dear manjitt 3 new children has been added in your RBSK team.', 3, 2, '2017-06-12 08:50:24'),
(50, 10, 'Dear testworkerww 3 new children has been added in your RBSK team.', 3, 2, '2017-06-12 08:50:26'),
(51, 11, 'Dear testrbsk 3 new children has been added in your RBSK team.', 3, 2, '2017-06-12 08:50:27'),
(52, 7, 'Dear manjitt 3 new children has been added in your RBSK team.', 3, 2, '2017-06-12 08:51:35'),
(53, 10, 'Dear testworkerww 3 new children has been added in your RBSK team.', 3, 2, '2017-06-12 08:51:37'),
(54, 11, 'Dear testrbsk 3 new children has been added in your RBSK team.', 3, 2, '2017-06-12 08:51:38'),
(55, 7, 'Dear manjitt 3 new children has been added in your RBSK team.', 3, 2, '2017-06-12 08:53:18'),
(56, 10, 'Dear testworkerww 3 new children has been added in your RBSK team.', 3, 2, '2017-06-12 08:53:19'),
(57, 11, 'Dear testrbsk 3 new children has been added in your RBSK team.', 3, 2, '2017-06-12 08:53:20'),
(58, 7, 'Dear manjitt 3 new children has been added in your RBSK team.', 3, 2, '2017-06-12 08:55:26'),
(59, 10, 'Dear testworkerww 3 new children has been added in your RBSK team.', 3, 2, '2017-06-12 08:55:27'),
(60, 11, 'Dear testrbsk 3 new children has been added in your RBSK team.', 3, 2, '2017-06-12 08:55:28'),
(61, 7, 'Dear manjitt 3 new children has been added in your RBSK team.', 3, 2, '2017-06-12 09:05:15'),
(62, 10, 'Dear testworkerww 3 new children has been added in your RBSK team.', 3, 2, '2017-06-12 09:05:16'),
(63, 11, 'Dear testrbsk 3 new children has been added in your RBSK team.', 3, 2, '2017-06-12 09:05:17'),
(64, 7, 'Dear manjitt 3 new children has been added in your RBSK team.', 3, 2, '2017-06-12 09:08:06'),
(65, 10, 'Dear testworkerww 3 new children has been added in your RBSK team.', 3, 2, '2017-06-12 09:08:07'),
(66, 11, 'Dear testrbsk 3 new children has been added in your RBSK team.', 3, 2, '2017-06-12 09:08:08'),
(67, 7, 'Dear manjitt 3 new children has been added in your RBSK team.', 3, 2, '2017-06-12 09:08:49'),
(68, 10, 'Dear testworkerww 3 new children has been added in your RBSK team.', 3, 2, '2017-06-12 09:08:50'),
(69, 11, 'Dear testrbsk 3 new children has been added in your RBSK team.', 3, 2, '2017-06-12 09:08:51'),
(70, 7, 'Dear manjitt 3 new children has been added in your RBSK team.', 3, 2, '2017-06-12 09:11:12'),
(71, 10, 'Dear testworkerww 3 new children has been added in your RBSK team.', 3, 2, '2017-06-12 09:11:13'),
(72, 11, 'Dear testrbsk 3 new children has been added in your RBSK team.', 3, 2, '2017-06-12 09:11:15'),
(73, 7, 'Dear manjitt 3 new children has been added in your RBSK team.', 3, 2, '2017-06-12 09:12:32'),
(74, 10, 'Dear testworkerww 3 new children has been added in your RBSK team.', 3, 2, '2017-06-12 09:12:33'),
(75, 11, 'Dear testrbsk 3 new children has been added in your RBSK team.', 3, 2, '2017-06-12 09:12:34'),
(76, 7, 'Dear manjitt 3 new children has been added in your RBSK team.', 3, 2, '2017-06-12 09:20:44'),
(77, 10, 'Dear testworkerww 3 new children has been added in your RBSK team.', 3, 2, '2017-06-12 09:20:45'),
(78, 11, 'Dear testrbsk 3 new children has been added in your RBSK team.', 3, 2, '2017-06-12 09:20:46'),
(79, 7, 'Dear manjitt 3 new children has been added in your RBSK team.', 3, 2, '2017-06-12 09:22:11'),
(80, 10, 'Dear testworkerww 3 new children has been added in your RBSK team.', 3, 2, '2017-06-12 09:22:13'),
(81, 11, 'Dear testrbsk 3 new children has been added in your RBSK team.', 3, 2, '2017-06-12 09:22:14'),
(82, 7, 'Dear manjitt 3 new children has been added in your RBSK team.', 3, 2, '2017-06-12 09:25:30'),
(83, 10, 'Dear testworkerww 3 new children has been added in your RBSK team.', 3, 2, '2017-06-12 09:25:31'),
(84, 11, 'Dear testrbsk 3 new children has been added in your RBSK team.', 3, 2, '2017-06-12 09:25:32'),
(85, 7, 'Dear manjitt 3 new children has been added in your RBSK team.', 3, 2, '2017-06-12 09:26:21'),
(86, 10, 'Dear testworkerww 3 new children has been added in your RBSK team.', 3, 2, '2017-06-12 09:26:22'),
(87, 11, 'Dear testrbsk 3 new children has been added in your RBSK team.', 3, 2, '2017-06-12 09:26:24'),
(88, 7, 'Dear manjitt 3 new children has been added in your RBSK team.', 3, 2, '2017-06-12 09:28:09'),
(89, 10, 'Dear testworkerww 3 new children has been added in your RBSK team.', 3, 2, '2017-06-12 09:28:10'),
(90, 11, 'Dear testrbsk 3 new children has been added in your RBSK team.', 3, 2, '2017-06-12 09:28:11'),
(91, 7, 'Dear manjitt 3 new children has been added in your RBSK team.', 3, 2, '2017-06-12 09:28:19'),
(92, 10, 'Dear testworkerww 3 new children has been added in your RBSK team.', 3, 2, '2017-06-12 09:28:20'),
(93, 11, 'Dear testrbsk 3 new children has been added in your RBSK team.', 3, 2, '2017-06-12 09:28:22'),
(94, 7, 'Dear manjitt 3 new children has been added in your RBSK team.', 3, 2, '2017-06-12 09:29:06'),
(95, 10, 'Dear testworkerww 3 new children has been added in your RBSK team.', 3, 2, '2017-06-12 09:29:08'),
(96, 11, 'Dear testrbsk 3 new children has been added in your RBSK team.', 3, 2, '2017-06-12 09:29:10'),
(97, 7, 'Dear manjitt 3 new children has been added in your RBSK team.', 3, 2, '2017-06-12 09:29:57'),
(98, 10, 'Dear testworkerww 3 new children has been added in your RBSK team.', 3, 2, '2017-06-12 09:29:58'),
(99, 11, 'Dear testrbsk 3 new children has been added in your RBSK team.', 3, 2, '2017-06-12 09:30:00'),
(100, 7, 'Dear manjitt 3 new children has been added in your RBSK team.', 3, 2, '2017-06-12 09:30:52'),
(101, 10, 'Dear testworkerww 3 new children has been added in your RBSK team.', 3, 2, '2017-06-12 09:30:53'),
(102, 11, 'Dear testrbsk 3 new children has been added in your RBSK team.', 3, 2, '2017-06-12 09:30:54'),
(103, 7, 'Dear manjitt 3 new children has been added in your RBSK team.', 3, 2, '2017-06-12 10:02:17'),
(104, 10, 'Dear testworkerww 3 new children has been added in your RBSK team.', 3, 2, '2017-06-12 10:02:18'),
(105, 11, 'Dear testrbsk 3 new children has been added in your RBSK team.', 3, 2, '2017-06-12 10:02:19'),
(106, 7, 'Dear manjitt 3 new children has been added in your RBSK team.', 3, 2, '2017-06-12 10:03:45'),
(107, 10, 'Dear testworkerww 3 new children has been added in your RBSK team.', 3, 2, '2017-06-12 10:03:46'),
(108, 11, 'Dear testrbsk 3 new children has been added in your RBSK team.', 3, 2, '2017-06-12 10:03:48'),
(109, 7, 'Dear manjitt 3 new children has been added in your RBSK team.', 3, 2, '2017-06-12 10:41:51'),
(110, 10, 'Dear testworkerww 3 new children has been added in your RBSK team.', 3, 2, '2017-06-12 10:41:53'),
(111, 11, 'Dear testrbsk 3 new children has been added in your RBSK team.', 3, 2, '2017-06-12 10:41:54'),
(112, 7, 'Dear manjitt 3 new children has been added in your RBSK team.', 3, 2, '2017-06-13 06:22:50'),
(113, 10, 'Dear testworkerww 3 new children has been added in your RBSK team.', 3, 2, '2017-06-13 06:22:52'),
(114, 11, 'Dear testrbsk 3 new children has been added in your RBSK team.', 3, 2, '2017-06-13 06:22:54'),
(115, 7, 'Dear manjitt 3 new children has been added in your RBSK team.', 3, 2, '2017-06-13 06:24:09'),
(116, 10, 'Dear testworkerww 3 new children has been added in your RBSK team.', 3, 2, '2017-06-13 06:24:10'),
(117, 11, 'Dear testrbsk 3 new children has been added in your RBSK team.', 3, 2, '2017-06-13 06:24:11'),
(118, 7, 'Dear manjitt 3 new children has been added in your RBSK team.', 3, 2, '2017-06-13 06:26:59'),
(119, 10, 'Dear testworkerww 3 new children has been added in your RBSK team.', 3, 2, '2017-06-13 06:27:00'),
(120, 11, 'Dear testrbsk 3 new children has been added in your RBSK team.', 3, 2, '2017-06-13 06:27:01'),
(121, 7, 'Dear manjitt 3 new children has been added in your RBSK team.', 3, 2, '2017-06-13 06:28:04'),
(122, 10, 'Dear testworkerww 3 new children has been added in your RBSK team.', 3, 2, '2017-06-13 06:28:05'),
(123, 11, 'Dear testrbsk 3 new children has been added in your RBSK team.', 3, 2, '2017-06-13 06:28:06'),
(124, 7, 'Dear manjitt 3 new children has been added in your RBSK team.', 3, 2, '2017-06-13 06:29:15'),
(125, 10, 'Dear testworkerww 3 new children has been added in your RBSK team.', 3, 2, '2017-06-13 06:29:16'),
(126, 11, 'Dear testrbsk 3 new children has been added in your RBSK team.', 3, 2, '2017-06-13 06:29:17'),
(127, 7, 'Dear manjitt 3 new children has been added in your RBSK team.', 3, 2, '2017-06-13 06:29:44'),
(128, 10, 'Dear testworkerww 3 new children has been added in your RBSK team.', 3, 2, '2017-06-13 06:29:45'),
(129, 11, 'Dear testrbsk 3 new children has been added in your RBSK team.', 3, 2, '2017-06-13 06:29:46'),
(130, 7, 'Dear manjitt 3 new children has been added in your RBSK team.', 3, 2, '2017-06-13 06:33:41'),
(131, 10, 'Dear testworkerww 3 new children has been added in your RBSK team.', 3, 2, '2017-06-13 06:33:42'),
(132, 11, 'Dear testrbsk 3 new children has been added in your RBSK team.', 3, 2, '2017-06-13 06:33:43'),
(133, 7, 'Dear manjitt 3 new children has been added in your RBSK team.', 3, 2, '2017-06-13 06:33:58'),
(134, 10, 'Dear testworkerww 3 new children has been added in your RBSK team.', 3, 2, '2017-06-13 06:33:59'),
(135, 11, 'Dear testrbsk 3 new children has been added in your RBSK team.', 3, 2, '2017-06-13 06:34:01'),
(136, 7, 'Dear manjitt 3 new children has been added in your RBSK team.', 3, 2, '2017-06-13 06:34:57'),
(137, 10, 'Dear testworkerww 3 new children has been added in your RBSK team.', 3, 2, '2017-06-13 06:34:58'),
(138, 11, 'Dear testrbsk 3 new children has been added in your RBSK team.', 3, 2, '2017-06-13 06:35:00'),
(139, 7, 'Dear manjitt 3 new children has been added in your RBSK team.', 3, 2, '2017-06-13 06:35:22'),
(140, 10, 'Dear testworkerww 3 new children has been added in your RBSK team.', 3, 2, '2017-06-13 06:35:23'),
(141, 11, 'Dear testrbsk 3 new children has been added in your RBSK team.', 3, 2, '2017-06-13 06:35:25'),
(142, 7, 'Dear manjitt 3 new children has been added in your RBSK team.', 3, 2, '2017-06-13 06:37:31'),
(143, 10, 'Dear testworkerww 3 new children has been added in your RBSK team.', 3, 2, '2017-06-13 06:37:32'),
(144, 11, 'Dear testrbsk 3 new children has been added in your RBSK team.', 3, 2, '2017-06-13 06:37:34'),
(145, 7, 'Dear manjitt 3 new children has been added in your RBSK team.', 3, 2, '2017-06-13 06:48:29'),
(146, 10, 'Dear testworkerww 3 new children has been added in your RBSK team.', 3, 2, '2017-06-13 06:48:30'),
(147, 11, 'Dear testrbsk 3 new children has been added in your RBSK team.', 3, 2, '2017-06-13 06:48:31'),
(148, 7, 'Dear manjitt 3 new children has been added in your RBSK team.', 3, 2, '2017-06-13 07:10:45'),
(149, 10, 'Dear testworkerww 3 new children has been added in your RBSK team.', 3, 2, '2017-06-13 07:10:46'),
(150, 11, 'Dear testrbsk 3 new children has been added in your RBSK team.', 3, 2, '2017-06-13 07:10:47'),
(151, 7, 'Dear manjitt 3 new children has been added in your RBSK team.', 3, 2, '2017-06-13 07:13:09'),
(152, 10, 'Dear testworkerww 3 new children has been added in your RBSK team.', 3, 2, '2017-06-13 07:13:10'),
(153, 11, 'Dear testrbsk 3 new children has been added in your RBSK team.', 3, 2, '2017-06-13 07:13:11'),
(154, 7, 'Dear manjitt 3 new children has been added in your RBSK team.', 3, 2, '2017-06-13 07:16:05'),
(155, 10, 'Dear testworkerww 3 new children has been added in your RBSK team.', 3, 2, '2017-06-13 07:16:06'),
(156, 11, 'Dear testrbsk 3 new children has been added in your RBSK team.', 3, 2, '2017-06-13 07:16:07'),
(157, 7, 'Dear manjitt 3 new children has been added in your RBSK team.', 3, 2, '2017-06-13 07:16:27'),
(158, 10, 'Dear testworkerww 3 new children has been added in your RBSK team.', 3, 2, '2017-06-13 07:16:28'),
(159, 11, 'Dear testrbsk 3 new children has been added in your RBSK team.', 3, 2, '2017-06-13 07:16:29'),
(160, 7, 'Dear manjitt 3 new children has been added in your RBSK team.', 3, 2, '2017-06-13 07:19:16'),
(161, 10, 'Dear testworkerww 3 new children has been added in your RBSK team.', 3, 2, '2017-06-13 07:19:18'),
(162, 11, 'Dear testrbsk 3 new children has been added in your RBSK team.', 3, 2, '2017-06-13 07:19:19'),
(163, 7, 'Dear manjitt 3 new children has been added in your RBSK team.', 3, 2, '2017-06-13 07:19:35'),
(164, 10, 'Dear testworkerww 3 new children has been added in your RBSK team.', 3, 2, '2017-06-13 07:19:36'),
(165, 11, 'Dear testrbsk 3 new children has been added in your RBSK team.', 3, 2, '2017-06-13 07:19:37'),
(166, 7, 'Dear manjitt 3 new children has been added in your RBSK team.', 3, 2, '2017-06-13 07:30:20'),
(167, 10, 'Dear testworkerww 3 new children has been added in your RBSK team.', 3, 2, '2017-06-13 07:30:21'),
(168, 11, 'Dear testrbsk 3 new children has been added in your RBSK team.', 3, 2, '2017-06-13 07:30:22'),
(169, 7, 'Dear manjitt 3 new children has been added in your RBSK team.', 3, 2, '2017-06-13 07:36:01'),
(170, 10, 'Dear testworkerww 3 new children has been added in your RBSK team.', 3, 2, '2017-06-13 07:36:02'),
(171, 11, 'Dear testrbsk 3 new children has been added in your RBSK team.', 3, 2, '2017-06-13 07:36:03'),
(172, 7, 'Dear manjitt 3 new children has been added in your RBSK team.', 3, 2, '2017-06-13 07:54:35'),
(173, 10, 'Dear testworkerww 3 new children has been added in your RBSK team.', 3, 2, '2017-06-13 07:54:36'),
(174, 11, 'Dear testrbsk 3 new children has been added in your RBSK team.', 3, 2, '2017-06-13 07:54:38'),
(175, 7, 'Dear manjitt 3 new children has been added in your RBSK team.', 3, 2, '2017-06-13 07:55:28'),
(176, 10, 'Dear testworkerww 3 new children has been added in your RBSK team.', 3, 2, '2017-06-13 07:55:29'),
(177, 11, 'Dear testrbsk 3 new children has been added in your RBSK team.', 3, 2, '2017-06-13 07:55:30'),
(178, 7, 'Dear manjitt 3 new children has been added in your RBSK team.', 3, 2, '2017-06-13 08:43:15'),
(179, 10, 'Dear testworkerww 3 new children has been added in your RBSK team.', 3, 2, '2017-06-13 08:43:17'),
(180, 11, 'Dear testrbsk 3 new children has been added in your RBSK team.', 3, 2, '2017-06-13 08:43:18'),
(181, 7, 'Dear manjitt 3 new children has been added in your RBSK team.', 3, 2, '2017-06-13 08:43:25'),
(182, 10, 'Dear testworkerww 3 new children has been added in your RBSK team.', 3, 2, '2017-06-13 08:43:26'),
(183, 11, 'Dear testrbsk 3 new children has been added in your RBSK team.', 3, 2, '2017-06-13 08:43:27'),
(184, 7, 'Dear manjitt 3 new children has been added in your RBSK team.', 3, 2, '2017-06-13 10:21:35'),
(185, 10, 'Dear testworkerww 3 new children has been added in your RBSK team.', 3, 2, '2017-06-13 10:21:36'),
(186, 11, 'Dear testrbsk 3 new children has been added in your RBSK team.', 3, 2, '2017-06-13 10:21:38'),
(187, 8, 'Dear vicky 1 new children has been added in your RBSK team.', 1, 5, '2017-06-13 10:21:39'),
(188, 13, 'Dear Namrata 1 new children has been added in your RBSK team.', 1, 5, '2017-06-13 10:21:41'),
(189, 7, 'Dear manjitt 3 new children has been added in your RBSK team.', 3, 2, '2017-06-13 10:21:42'),
(190, 10, 'Dear testworkerww 3 new children has been added in your RBSK team.', 3, 2, '2017-06-13 10:21:42'),
(191, 11, 'Dear testrbsk 3 new children has been added in your RBSK team.', 3, 2, '2017-06-13 10:21:45'),
(192, 8, 'Dear vicky 1 new children has been added in your RBSK team.', 1, 5, '2017-06-13 10:21:46'),
(193, 13, 'Dear Namrata 1 new children has been added in your RBSK team.', 1, 5, '2017-06-13 10:21:47'),
(194, 7, 'Dear manjitt 3 new children has been added in your RBSK team.', 3, 2, '2017-06-13 10:23:21'),
(195, 10, 'Dear testworkerww 3 new children has been added in your RBSK team.', 3, 2, '2017-06-13 10:23:23'),
(196, 11, 'Dear testrbsk 3 new children has been added in your RBSK team.', 3, 2, '2017-06-13 10:23:24'),
(197, 8, 'Dear vicky 1 new children has been added in your RBSK team.', 1, 5, '2017-06-13 10:23:26'),
(198, 13, 'Dear Namrata 1 new children has been added in your RBSK team.', 1, 5, '2017-06-13 10:23:27'),
(199, 7, 'Dear manjitt 3 new children has been added in your RBSK team.', 3, 2, '2017-06-13 10:34:48'),
(200, 10, 'Dear testworkerww 3 new children has been added in your RBSK team.', 3, 2, '2017-06-13 10:34:49'),
(201, 11, 'Dear testrbsk 3 new children has been added in your RBSK team.', 3, 2, '2017-06-13 10:34:51'),
(202, 8, 'Dear vicky 1 new children has been added in your RBSK team.', 1, 5, '2017-06-13 10:34:52'),
(203, 13, 'Dear Namrata 1 new children has been added in your RBSK team.', 1, 5, '2017-06-13 10:34:53'),
(204, 7, 'Dear manjitt 3 new children has been added in your RBSK team.', 3, 2, '2017-06-13 10:35:35'),
(205, 10, 'Dear testworkerww 3 new children has been added in your RBSK team.', 3, 2, '2017-06-13 10:35:36'),
(206, 11, 'Dear testrbsk 3 new children has been added in your RBSK team.', 3, 2, '2017-06-13 10:35:37'),
(207, 8, 'Dear vicky 1 new children has been added in your RBSK team.', 1, 5, '2017-06-13 10:35:38'),
(208, 13, 'Dear Namrata 1 new children has been added in your RBSK team.', 1, 5, '2017-06-13 10:35:40'),
(209, 7, 'Dear manjitt 3 new children has been added in your RBSK team.', 3, 2, '2017-06-13 10:39:34'),
(210, 10, 'Dear testworkerww 3 new children has been added in your RBSK team.', 3, 2, '2017-06-13 10:39:34'),
(211, 11, 'Dear testrbsk 3 new children has been added in your RBSK team.', 3, 2, '2017-06-13 10:39:35'),
(212, 8, 'Dear vicky 1 new children has been added in your RBSK team.', 1, 5, '2017-06-13 10:39:36'),
(213, 13, 'Dear Namrata 1 new children has been added in your RBSK team.', 1, 5, '2017-06-13 10:39:37'),
(214, 7, 'Dear manjitt 3 new children has been added in your RBSK team.', 3, 2, '2017-06-13 10:47:00'),
(215, 10, 'Dear testworkerww 3 new children has been added in your RBSK team.', 3, 2, '2017-06-13 10:47:01'),
(216, 11, 'Dear testrbsk 3 new children has been added in your RBSK team.', 3, 2, '2017-06-13 10:47:02'),
(217, 8, 'Dear vicky 1 new children has been added in your RBSK team.', 1, 5, '2017-06-13 10:47:04'),
(218, 13, 'Dear Namrata 1 new children has been added in your RBSK team.', 1, 5, '2017-06-13 10:47:05'),
(219, 7, 'Dear manjitt 3 new children has been added in your RBSK team.', 3, 2, '2017-06-13 10:49:38'),
(220, 10, 'Dear testworkerww 3 new children has been added in your RBSK team.', 3, 2, '2017-06-13 10:49:40'),
(221, 11, 'Dear testrbsk 3 new children has been added in your RBSK team.', 3, 2, '2017-06-13 10:49:41'),
(222, 8, 'Dear vicky 1 new children has been added in your RBSK team.', 1, 5, '2017-06-13 10:49:42'),
(223, 13, 'Dear Namrata 1 new children has been added in your RBSK team.', 1, 5, '2017-06-13 10:49:43'),
(224, 7, 'Dear manjitt 3 new children has been added in your RBSK team.', 3, 2, '2017-06-13 10:53:16'),
(225, 10, 'Dear testworkerww 3 new children has been added in your RBSK team.', 3, 2, '2017-06-13 10:53:17'),
(226, 11, 'Dear testrbsk 3 new children has been added in your RBSK team.', 3, 2, '2017-06-13 10:53:18'),
(227, 8, 'Dear vicky 1 new children has been added in your RBSK team.', 1, 5, '2017-06-13 10:53:19'),
(228, 13, 'Dear Namrata 1 new children has been added in your RBSK team.', 1, 5, '2017-06-13 10:53:20'),
(229, 8, 'Dear vicky 2 new children has been added in your RBSK team.', 2, 5, '2017-06-16 07:04:54'),
(230, 13, 'Dear Namrata 2 new children has been added in your RBSK team.', 2, 5, '2017-06-16 07:04:56'),
(231, 15, 'Dear amanpal 2 new children has been added in your RBSK team.', 2, 5, '2017-06-16 07:04:57'),
(232, 8, 'Dear vicky 3 new children has been added in your RBSK team.', 3, 5, '2017-06-16 07:36:59'),
(233, 13, 'Dear Namrata 3 new children has been added in your RBSK team.', 3, 5, '2017-06-16 07:37:00'),
(234, 15, 'Dear amanpal 3 new children has been added in your RBSK team.', 3, 5, '2017-06-16 07:37:01'),
(235, 16, 'Dear vicky 3 new children has been added in your RBSK team.', 3, 5, '2017-06-16 07:37:02'),
(236, 8, 'Dear vicky 3 new children has been added in your RBSK team.', 3, 5, '2017-06-16 07:39:52'),
(237, 13, 'Dear Namrata 3 new children has been added in your RBSK team.', 3, 5, '2017-06-16 07:39:53'),
(238, 15, 'Dear amanpal 3 new children has been added in your RBSK team.', 3, 5, '2017-06-16 07:39:54'),
(239, 16, 'Dear vicky 3 new children has been added in your RBSK team.', 3, 5, '2017-06-16 07:39:54'),
(240, 8, 'Dear vicky 1 new children has been added in your RBSK team.', 1, 5, '2017-06-20 10:00:26'),
(241, 13, 'Dear Namrata 1 new children has been added in your RBSK team.', 1, 5, '2017-06-20 10:00:28'),
(242, 15, 'Dear amanpal 1 new children has been added in your RBSK team.', 1, 5, '2017-06-20 10:00:29'),
(243, 16, 'Dear vicky 1 new children has been added in your RBSK team.', 1, 5, '2017-06-20 10:00:30'),
(244, 4, 'Dear kulwinder 1 new children has been added in your RBSK team.', 1, 1, '2017-06-20 13:11:12'),
(245, 5, 'Dear Dheeraj 1 new children has been added in your RBSK team.', 1, 1, '2017-06-20 13:11:13'),
(246, 8, 'Dear vicky 1 new children has been added in your RBSK team.', 1, 5, '2017-06-20 13:11:14'),
(247, 13, 'Dear Namrata 1 new children has been added in your RBSK team.', 1, 5, '2017-06-20 13:11:15'),
(248, 15, 'Dear amanpal 1 new children has been added in your RBSK team.', 1, 5, '2017-06-20 13:11:17'),
(249, 16, 'Dear vicky 1 new children has been added in your RBSK team.', 1, 5, '2017-06-20 13:11:18'),
(250, 4, 'Dear kulwinder 1 new children has been added in your RBSK team.', 1, 1, '2017-06-20 13:33:17'),
(251, 5, 'Dear Dheeraj 1 new children has been added in your RBSK team.', 1, 1, '2017-06-20 13:33:18'),
(252, 8, 'Dear vicky 1 new children has been added in your RBSK team.', 1, 5, '2017-06-20 13:33:18'),
(253, 13, 'Dear Namrata 1 new children has been added in your RBSK team.', 1, 5, '2017-06-20 13:33:19'),
(254, 15, 'Dear amanpal 1 new children has been added in your RBSK team.', 1, 5, '2017-06-20 13:33:20'),
(255, 16, 'Dear vicky 1 new children has been added in your RBSK team.', 1, 5, '2017-06-20 13:33:21'),
(256, 4, 'Dear kulwinder 1 new children has been added in your RBSK team.', 1, 1, '2017-06-20 13:33:32'),
(257, 5, 'Dear Dheeraj 1 new children has been added in your RBSK team.', 1, 1, '2017-06-20 13:33:33'),
(258, 8, 'Dear vicky 1 new children has been added in your RBSK team.', 1, 5, '2017-06-20 13:33:34'),
(259, 13, 'Dear Namrata 1 new children has been added in your RBSK team.', 1, 5, '2017-06-20 13:33:35'),
(260, 15, 'Dear amanpal 1 new children has been added in your RBSK team.', 1, 5, '2017-06-20 13:33:36'),
(261, 16, 'Dear vicky 1 new children has been added in your RBSK team.', 1, 5, '2017-06-20 13:33:37'),
(262, 4, 'Dear kulwinder 1 new children has been added in your RBSK team.', 1, 1, '2017-06-20 13:50:21'),
(263, 5, 'Dear Dheeraj 1 new children has been added in your RBSK team.', 1, 1, '2017-06-20 13:50:22'),
(264, 8, 'Dear vicky 1 new children has been added in your RBSK team.', 1, 5, '2017-06-20 13:50:22'),
(265, 13, 'Dear Namrata 1 new children has been added in your RBSK team.', 1, 5, '2017-06-20 13:50:23'),
(266, 15, 'Dear amanpal 1 new children has been added in your RBSK team.', 1, 5, '2017-06-20 13:50:24'),
(267, 16, 'Dear vicky 1 new children has been added in your RBSK team.', 1, 5, '2017-06-20 13:50:25'),
(268, 4, 'Dear kulwinder 1 new children has been added in your RBSK team.', 1, 1, '2017-06-20 13:51:19'),
(269, 5, 'Dear Dheeraj 1 new children has been added in your RBSK team.', 1, 1, '2017-06-20 13:51:20'),
(270, 8, 'Dear vicky 1 new children has been added in your RBSK team.', 1, 5, '2017-06-20 13:51:21'),
(271, 13, 'Dear Namrata 1 new children has been added in your RBSK team.', 1, 5, '2017-06-20 13:51:22'),
(272, 15, 'Dear amanpal 1 new children has been added in your RBSK team.', 1, 5, '2017-06-20 13:51:24'),
(273, 16, 'Dear vicky 1 new children has been added in your RBSK team.', 1, 5, '2017-06-20 13:51:25'),
(274, 4, 'Dear kulwinder 1 new children has been added in your RBSK team.', 1, 1, '2017-06-20 13:52:57'),
(275, 5, 'Dear Dheeraj 1 new children has been added in your RBSK team.', 1, 1, '2017-06-20 13:52:58'),
(276, 8, 'Dear vicky 1 new children has been added in your RBSK team.', 1, 5, '2017-06-20 13:52:59'),
(277, 13, 'Dear Namrata 1 new children has been added in your RBSK team.', 1, 5, '2017-06-20 13:52:59'),
(278, 15, 'Dear amanpal 1 new children has been added in your RBSK team.', 1, 5, '2017-06-20 13:53:01'),
(279, 16, 'Dear vicky 1 new children has been added in your RBSK team.', 1, 5, '2017-06-20 13:53:01'),
(280, 4, 'Dear kulwinder 1 new children has been added in your RBSK team.', 1, 1, '2017-06-20 13:56:05'),
(281, 5, 'Dear Dheeraj 1 new children has been added in your RBSK team.', 1, 1, '2017-06-20 13:56:06'),
(282, 8, 'Dear vicky 1 new children has been added in your RBSK team.', 1, 5, '2017-06-20 13:56:07'),
(283, 13, 'Dear Namrata 1 new children has been added in your RBSK team.', 1, 5, '2017-06-20 13:56:08'),
(284, 15, 'Dear amanpal 1 new children has been added in your RBSK team.', 1, 5, '2017-06-20 13:56:09'),
(285, 16, 'Dear vicky 1 new children has been added in your RBSK team.', 1, 5, '2017-06-20 13:56:10'),
(286, 4, 'Dear kulwinder 1 new children has been added in your RBSK team.', 1, 1, '2017-06-20 13:56:52'),
(287, 5, 'Dear Dheeraj 1 new children has been added in your RBSK team.', 1, 1, '2017-06-20 13:56:53'),
(288, 8, 'Dear vicky 1 new children has been added in your RBSK team.', 1, 5, '2017-06-20 13:56:55'),
(289, 13, 'Dear Namrata 1 new children has been added in your RBSK team.', 1, 5, '2017-06-20 13:56:56'),
(290, 15, 'Dear amanpal 1 new children has been added in your RBSK team.', 1, 5, '2017-06-20 13:56:57'),
(291, 16, 'Dear vicky 1 new children has been added in your RBSK team.', 1, 5, '2017-06-20 13:56:58'),
(292, 4, 'Dear kulwinder 1 new children has been added in your RBSK team.', 1, 1, '2017-06-20 13:58:16'),
(293, 5, 'Dear Dheeraj 1 new children has been added in your RBSK team.', 1, 1, '2017-06-20 13:58:17'),
(294, 8, 'Dear vicky 1 new children has been added in your RBSK team.', 1, 5, '2017-06-20 13:58:18'),
(295, 13, 'Dear Namrata 1 new children has been added in your RBSK team.', 1, 5, '2017-06-20 13:58:18'),
(296, 15, 'Dear amanpal 1 new children has been added in your RBSK team.', 1, 5, '2017-06-20 13:58:19'),
(297, 16, 'Dear vicky 1 new children has been added in your RBSK team.', 1, 5, '2017-06-20 13:58:20'),
(298, 4, 'Dear kulwinder 1 new children has been added in your RBSK team.', 1, 1, '2017-06-20 13:59:13'),
(299, 5, 'Dear Dheeraj 1 new children has been added in your RBSK team.', 1, 1, '2017-06-20 13:59:14'),
(300, 8, 'Dear vicky 1 new children has been added in your RBSK team.', 1, 5, '2017-06-20 13:59:15'),
(301, 13, 'Dear Namrata 1 new children has been added in your RBSK team.', 1, 5, '2017-06-20 13:59:16'),
(302, 15, 'Dear amanpal 1 new children has been added in your RBSK team.', 1, 5, '2017-06-20 13:59:17'),
(303, 16, 'Dear vicky 1 new children has been added in your RBSK team.', 1, 5, '2017-06-20 13:59:17'),
(304, 8, 'Dear vicky 2 new children has been added in your RBSK team.', 2, 5, '2017-06-21 09:22:40'),
(305, 13, 'Dear Namrata 2 new children has been added in your RBSK team.', 2, 5, '2017-06-21 09:22:41'),
(306, 15, 'Dear amanpal 2 new children has been added in your RBSK team.', 2, 5, '2017-06-21 09:22:42'),
(307, 16, 'Dear vicky 2 new children has been added in your RBSK team.', 2, 5, '2017-06-21 09:22:43'),
(308, 8, 'Dear vicky 2 new children has been added in your RBSK team.', 2, 5, '2017-06-21 09:23:13'),
(309, 13, 'Dear Namrata 2 new children has been added in your RBSK team.', 2, 5, '2017-06-21 09:23:14'),
(310, 15, 'Dear amanpal 2 new children has been added in your RBSK team.', 2, 5, '2017-06-21 09:23:15'),
(311, 16, 'Dear vicky 2 new children has been added in your RBSK team.', 2, 5, '2017-06-21 09:23:17'),
(312, 8, 'Dear vicky 2 new children has been added in your RBSK team.', 2, 5, '2017-06-21 09:26:04'),
(313, 13, 'Dear Namrata 2 new children has been added in your RBSK team.', 2, 5, '2017-06-21 09:26:09'),
(314, 15, 'Dear amanpal 2 new children has been added in your RBSK team.', 2, 5, '2017-06-21 09:26:11'),
(315, 16, 'Dear vicky 2 new children has been added in your RBSK team.', 2, 5, '2017-06-21 09:26:13'),
(316, 8, 'Dear vicky 2 new children has been added in your RBSK team.', 2, 5, '2017-06-21 09:26:54'),
(317, 13, 'Dear Namrata 2 new children has been added in your RBSK team.', 2, 5, '2017-06-21 09:26:56'),
(318, 15, 'Dear amanpal 2 new children has been added in your RBSK team.', 2, 5, '2017-06-21 09:26:57'),
(319, 16, 'Dear vicky 2 new children has been added in your RBSK team.', 2, 5, '2017-06-21 09:26:58'),
(320, 8, 'Dear vicky 2 new children has been added in your RBSK team.', 2, 5, '2017-06-21 09:27:35'),
(321, 13, 'Dear Namrata 2 new children has been added in your RBSK team.', 2, 5, '2017-06-21 09:27:35'),
(322, 15, 'Dear amanpal 2 new children has been added in your RBSK team.', 2, 5, '2017-06-21 09:27:36'),
(323, 16, 'Dear vicky 2 new children has been added in your RBSK team.', 2, 5, '2017-06-21 09:27:37'),
(324, 8, 'Dear vicky 2 new children has been added in your RBSK team.', 2, 5, '2017-06-21 09:30:34'),
(325, 13, 'Dear Namrata 2 new children has been added in your RBSK team.', 2, 5, '2017-06-21 09:30:36'),
(326, 15, 'Dear amanpal 2 new children has been added in your RBSK team.', 2, 5, '2017-06-21 09:30:37'),
(327, 16, 'Dear vicky 2 new children has been added in your RBSK team.', 2, 5, '2017-06-21 09:30:38'),
(328, 8, 'Dear vicky 2 new children has been added in your RBSK team.', 2, 5, '2017-06-21 09:39:21'),
(329, 13, 'Dear Namrata 2 new children has been added in your RBSK team.', 2, 5, '2017-06-21 09:39:22'),
(330, 15, 'Dear amanpal 2 new children has been added in your RBSK team.', 2, 5, '2017-06-21 09:39:23'),
(331, 16, 'Dear vicky 2 new children has been added in your RBSK team.', 2, 5, '2017-06-21 09:39:24'),
(332, 8, 'Dear vicky 2 new children has been added in your RBSK team.', 2, 5, '2017-06-21 09:41:23'),
(333, 13, 'Dear Namrata 2 new children has been added in your RBSK team.', 2, 5, '2017-06-21 09:41:24'),
(334, 15, 'Dear amanpal 2 new children has been added in your RBSK team.', 2, 5, '2017-06-21 09:41:25'),
(335, 16, 'Dear vicky 2 new children has been added in your RBSK team.', 2, 5, '2017-06-21 09:41:26'),
(336, 16, '', 2, 2, '2017-06-21 09:44:36'),
(337, 8, 'Dear vicky 2 new children has been added in your RBSK team.', 2, 5, '2017-06-21 10:09:28'),
(338, 13, 'Dear Namrata 2 new children has been added in your RBSK team.', 2, 5, '2017-06-21 10:09:29'),
(339, 15, 'Dear amanpal 2 new children has been added in your RBSK team.', 2, 5, '2017-06-21 10:09:30'),
(340, 16, 'Dear vicky 2 new children has been added in your RBSK team.', 2, 5, '2017-06-21 10:09:32'),
(341, 8, 'Dear vicky 2 new children has been added in your RBSK team.', 2, 5, '2017-06-21 10:14:08'),
(342, 13, 'Dear Namrata 2 new children has been added in your RBSK team.', 2, 5, '2017-06-21 10:14:09'),
(343, 15, 'Dear amanpal 2 new children has been added in your RBSK team.', 2, 5, '2017-06-21 10:14:10'),
(344, 16, 'Dear vicky 2 new children has been added in your RBSK team.', 2, 5, '2017-06-21 10:14:11'),
(345, 8, 'Dear vicky 2 new children has been added in your RBSK team.', 2, 5, '2017-06-21 10:19:39'),
(346, 13, 'Dear Namrata 2 new children has been added in your RBSK team.', 2, 5, '2017-06-21 10:19:40'),
(347, 15, 'Dear amanpal 2 new children has been added in your RBSK team.', 2, 5, '2017-06-21 10:19:41'),
(348, 16, 'Dear vicky 2 new children has been added in your RBSK team.', 2, 5, '2017-06-21 10:19:43'),
(349, 8, 'Dear vicky 2 new children has been added in your RBSK team.', 2, 5, '2017-06-21 10:20:49'),
(350, 13, 'Dear Namrata 2 new children has been added in your RBSK team.', 2, 5, '2017-06-21 10:20:51'),
(351, 15, 'Dear amanpal 2 new children has been added in your RBSK team.', 2, 5, '2017-06-21 10:20:52'),
(352, 16, 'Dear vicky 2 new children has been added in your RBSK team.', 2, 5, '2017-06-21 10:20:54'),
(353, 8, 'Dear vicky 2 new children has been added in your RBSK team.', 2, 5, '2017-06-21 10:37:00'),
(354, 13, 'Dear Namrata 2 new children has been added in your RBSK team.', 2, 5, '2017-06-21 10:37:02'),
(355, 15, 'Dear amanpal 2 new children has been added in your RBSK team.', 2, 5, '2017-06-21 10:37:04'),
(356, 16, 'Dear vicky 2 new children has been added in your RBSK team.', 2, 5, '2017-06-21 10:37:05'),
(357, 8, 'Dear vicky 2 new children has been added in your RBSK team.', 2, 5, '2017-06-21 10:38:40'),
(358, 13, 'Dear Namrata 2 new children has been added in your RBSK team.', 2, 5, '2017-06-21 10:38:41'),
(359, 15, 'Dear amanpal 2 new children has been added in your RBSK team.', 2, 5, '2017-06-21 10:38:42'),
(360, 16, 'Dear vicky 2 new children has been added in your RBSK team.', 2, 5, '2017-06-21 10:38:44'),
(361, 8, 'Dear vicky 2 new children has been added in your RBSK team.', 2, 5, '2017-06-21 10:39:29'),
(362, 13, 'Dear Namrata 2 new children has been added in your RBSK team.', 2, 5, '2017-06-21 10:39:30'),
(363, 15, 'Dear amanpal 2 new children has been added in your RBSK team.', 2, 5, '2017-06-21 10:39:31'),
(364, 16, 'Dear vicky 2 new children has been added in your RBSK team.', 2, 5, '2017-06-21 10:39:33'),
(365, 8, 'Dear vicky 2 new children has been added in your RBSK team.', 2, 5, '2017-06-21 10:39:58'),
(366, 13, 'Dear Namrata 2 new children has been added in your RBSK team.', 2, 5, '2017-06-21 10:39:59'),
(367, 15, 'Dear amanpal 2 new children has been added in your RBSK team.', 2, 5, '2017-06-21 10:40:00'),
(368, 16, 'Dear vicky 2 new children has been added in your RBSK team.', 2, 5, '2017-06-21 10:40:01'),
(369, 8, 'Dear vicky 2 new children has been added in your RBSK team.', 2, 5, '2017-06-21 10:40:35'),
(370, 13, 'Dear Namrata 2 new children has been added in your RBSK team.', 2, 5, '2017-06-21 10:40:36'),
(371, 15, 'Dear amanpal 2 new children has been added in your RBSK team.', 2, 5, '2017-06-21 10:40:37'),
(372, 16, 'Dear vicky 2 new children has been added in your RBSK team.', 2, 5, '2017-06-21 10:40:39'),
(373, 8, 'Dear vicky 2 new children has been added in your RBSK team.', 2, 5, '2017-06-21 10:44:37'),
(374, 13, 'Dear Namrata 2 new children has been added in your RBSK team.', 2, 5, '2017-06-21 10:44:39'),
(375, 15, 'Dear amanpal 2 new children has been added in your RBSK team.', 2, 5, '2017-06-21 10:44:40'),
(376, 16, 'Dear vicky 2 new children has been added in your RBSK team.', 2, 5, '2017-06-21 10:44:41'),
(377, 8, 'Dear vicky 1 new children has been added in your RBSK team.', 1, 5, '2017-06-22 05:34:27'),
(378, 13, 'Dear Namrata 1 new children has been added in your RBSK team.', 1, 5, '2017-06-22 05:34:29'),
(379, 15, 'Dear amanpal 1 new children has been added in your RBSK team.', 1, 5, '2017-06-22 05:34:31'),
(380, 16, 'Dear vicky 1 new children has been added in your RBSK team.', 1, 5, '2017-06-22 05:34:33');

-- --------------------------------------------------------

--
-- Table structure for table `orders`
--

CREATE TABLE `orders` (
  `id` int(11) NOT NULL,
  `descrates_app_id` varchar(255) NOT NULL,
  `customer_id` int(11) NOT NULL,
  `source` text NOT NULL,
  `destination` text NOT NULL,
  `transaction_id` varchar(255) NOT NULL,
  `transaction_date_time` datetime NOT NULL,
  `shipment_type` varchar(255) NOT NULL,
  `house_bill_number` varchar(255) NOT NULL,
  `booking_number` varchar(255) NOT NULL,
  `customer_reference` varchar(255) NOT NULL,
  `payment_method` varchar(255) NOT NULL,
  `transportation_method` varchar(255) NOT NULL,
  `type_of_move` varchar(255) NOT NULL,
  `type_of_service` varchar(255) NOT NULL,
  `vessel_name` varchar(255) NOT NULL,
  `voyage_flight_number` varchar(255) NOT NULL,
  `pickup_date` datetime NOT NULL,
  `drop_off_date` datetime NOT NULL,
  `status` enum('1','2','3') NOT NULL DEFAULT '1' COMMENT '1=Open, 2=Assigned, 3=Completed',
  `created` timestamp NOT NULL DEFAULT '0000-00-00 00:00:00',
  `modified` timestamp NOT NULL DEFAULT '0000-00-00 00:00:00'
) ENGINE=InnoDB DEFAULT CHARSET=latin1;

--
-- Dumping data for table `orders`
--

INSERT INTO `orders` (`id`, `descrates_app_id`, `customer_id`, `source`, `destination`, `transaction_id`, `transaction_date_time`, `shipment_type`, `house_bill_number`, `booking_number`, `customer_reference`, `payment_method`, `transportation_method`, `type_of_move`, `type_of_service`, `vessel_name`, `voyage_flight_number`, `pickup_date`, `drop_off_date`, `status`, `created`, `modified`) VALUES
(1, '103000990', 152, 'MGM COPIERS, PO BOX 360794, MILPITAS, 950360000, US', 'S P ASSOCIATE, 1/11959 ULDHANPUR, DELHI, 110032, IN', '000221020000991', '2017-02-28 11:35:26', 'House', '001620', '2584725560', 'ref# 103000552', 'Prepaid', 'Ocean Export', 'CY/CY', 'PP', 'PERFORMANCE', '004W', '2017-03-04 00:00:00', '2017-04-24 00:00:00', '3', '2017-03-30 07:26:09', '2017-05-05 05:04:52'),
(2, '103000668', 152, 'MGM COPIERS, PO BOX 360794, MILPITAS, 950360000, US', 'S P ASSOCIATE, 1/11959 ULDHANPUR, DELHI, 110032, IN', '000221020000991', '2017-02-28 11:35:26', 'House', '001620', '2584725560', 'ref# 103000552', 'Prepaid', 'Ocean Export', 'CY/CY', 'PP', 'PERFORMANCE', '004W', '2017-03-04 00:00:00', '2017-04-24 00:00:00', '2', '2017-03-30 09:47:36', '2017-05-05 09:30:24'),
(3, '103000669', 152, 'MGM COPIERS, PO BOX 360794, MILPITAS, 950360000, US', 'S P ASSOCIATE, 1/11959 ULDHANPUR, DELHI, 110032, IN', '000221020000991', '2017-02-28 11:35:26', 'House', '001620', '2584725560', 'ref# 103000552', 'Prepaid', 'Ocean Export', 'CY/CY', 'PP', 'PERFORMANCE', '004W', '2017-03-04 00:00:00', '2017-04-24 00:00:00', '2', '2017-03-30 09:47:41', '2017-05-04 07:40:10'),
(4, '103000671', 152, 'MGM COPIERS, PO BOX 360794, MILPITAS, 950360000, US', 'S P ASSOCIATE, 1/11959 ULDHANPUR, DELHI, 110032, IN', '000221020000991', '2017-02-28 11:35:26', 'House', '001620', '2584725560', 'ref# 103000552', 'Prepaid', 'Ocean Export', 'CY/CY', 'PP', 'PERFORMANCE', '004W', '2017-03-04 00:00:00', '2017-04-24 00:00:00', '2', '2017-03-30 09:47:46', '2017-05-04 07:38:02'),
(5, '103000676', 152, 'MGM COPIERS, PO BOX 360794, MILPITAS, 950360000, US', 'S P ASSOCIATE, 1/11959 ULDHANPUR, DELHI, 110032, IN', '000221020000991', '2017-02-28 11:35:26', 'House', '001620', '2584725560', 'ref# 103000552', 'Prepaid', 'Ocean Export', 'CY/CY', 'PP', 'PERFORMANCE', '004W', '2017-03-04 00:00:00', '2017-04-24 00:00:00', '3', '2017-03-30 09:48:09', '2017-05-08 09:19:34'),
(6, '103000677', 152, 'MGM COPIERS, PO BOX 360794, MILPITAS, 950360000, US', 'S P ASSOCIATE, 1/11959 ULDHANPUR, DELHI, 110032, IN', '000221020000991', '2017-02-28 11:35:26', 'House', '001620', '2584725560', 'ref# 103000552', 'Prepaid', 'Ocean Export', 'CY/CY', 'PP', 'PERFORMANCE', '004W', '2017-03-04 00:00:00', '2017-04-24 00:00:00', '3', '2017-03-30 09:48:14', '2017-05-08 16:19:29'),
(7, '103000552', 152, 'MGM COPIERS, PO BOX 360794, MILPITAS, 950360000, US', 'S P ASSOCIATE, 1/11959 ULDHANPUR, DELHI, 110032, IN', '000221020000991', '2017-02-28 11:51:53', 'House', '001620', '2584725560', 'ref# 103000552', 'Prepaid', 'Ocean Export', 'CY/CY', 'PP', 'PERFORMANCE', '004W', '2017-03-04 00:00:00', '2017-04-24 00:00:00', '3', '2017-03-30 11:06:28', '2017-05-08 09:46:28'),
(8, '103000870', 152, 'MGM COPIERS, PO BOX 360794, MILPITAS, 950360000, US', 'S P ASSOCIATE, 1/11959 ULDHANPUR, DELHI, 110032, IN', '000221020000991', '2017-02-28 11:35:26', 'House', '001620', '2584725560', 'ref# 103000552', 'Prepaid', 'Ocean Export', 'CY/CY', 'PP', 'PERFORMANCE', '004W', '2017-03-04 00:00:00', '2017-04-24 00:00:00', '2', '2017-03-30 11:09:50', '2017-05-09 06:34:28'),
(9, '103000100', 152, 'MGM COPIERS, PO BOX 360794, MILPITAS, 950360000, US', 'S P ASSOCIATE, 1/11959 ULDHANPUR, DELHI, 110032, IN', '000221020000991', '2017-02-28 11:35:26', 'House', '001620', '2584725560', 'ref# 103000552', 'Prepaid', 'Ocean Export', 'CY/CY', 'PP', 'PERFORMANCE', '004W', '2017-03-04 00:00:00', '2017-04-24 00:00:00', '2', '2017-03-31 05:07:17', '2017-05-10 10:14:02'),
(10, '103000200', 152, 'MGM COPIERS, PO BOX 360794, MILPITAS, 950360000, US', 'S P ASSOCIATE, 1/11959 ULDHANPUR, DELHI, 110032, IN', '000221020000991', '2017-02-28 11:35:26', 'House', '001620', '2584725560', 'ref# 103000552', 'Prepaid', 'Ocean Export', 'CY/CY', 'PP', 'PERFORMANCE', '004W', '2017-03-04 00:00:00', '2017-04-04 00:00:00', '3', '2017-04-04 07:44:09', '2017-05-04 06:38:59'),
(11, '103000201', 152, 'MGM COPIERS, PO BOX 360794, MILPITAS, 950360000, US', 'S P ASSOCIATE, 1/11959 ULDHANPUR, DELHI, 110032, IN', '000221020000991', '2017-02-28 11:35:26', 'House', '001620', '2584725560', 'ref# 103000552', 'Prepaid', 'Ocean Export', 'CY/CY', 'PP', 'PERFORMANCE', '004W', '2017-03-04 00:00:00', '2017-04-04 00:00:00', '2', '2017-04-04 09:45:37', '2017-05-17 10:36:24'),
(12, '103000202', 152, 'MGM COPIERS, PO BOX 360794, MILPITAS, 950360000, US', 'S P ASSOCIATE, 1/11959 ULDHANPUR, DELHI, 110032, IN', '000221020000991', '2017-02-28 11:35:26', 'House', '001620', '2584725560', 'ref# 103000552', 'Prepaid', 'Ocean Export', 'CY/CY', 'PP', 'PERFORMANCE', '004W', '2017-03-04 00:00:00', '2017-04-04 00:00:00', '2', '2017-04-05 05:20:40', '2017-05-10 10:14:48'),
(13, '103000203', 152, 'MGM COPIERS, PO BOX 360794, MILPITAS, 950360000, US', 'S P ASSOCIATE, 1/11959 ULDHANPUR, DELHI, 110032, IN', '000221020000991', '2017-02-28 11:35:26', 'House', '001620', '2584725560', 'ref# 103000552', 'Prepaid', 'Ocean Export', 'CY/CY', 'PP', 'PERFORMANCE', '004W', '2017-03-04 00:00:00', '2017-04-04 00:00:00', '2', '2017-04-05 08:58:46', '2017-05-10 10:48:32'),
(14, '103000204', 152, 'MGM COPIERS, PO BOX 360794, MILPITAS, 950360000, US', 'S P ASSOCIATE, 1/11959 ULDHANPUR, DELHI, 110032, IN', '000221020000991', '2017-02-28 11:35:26', 'House', '001620', '2584725560', 'ref# 103000552', 'Prepaid', 'Ocean Export', 'CY/CY', 'PP', 'PERFORMANCE', '004W', '2017-03-04 00:00:00', '2017-04-04 00:00:00', '1', '2017-04-05 08:59:42', '2017-04-20 11:47:16'),
(15, '103000205', 152, 'MGM COPIERS, PO BOX 360794, MILPITAS, 950360000, US', 'S P ASSOCIATE, 1/11959 ULDHANPUR, DELHI, 110032, IN', '000221020000991', '2017-02-28 11:35:26', 'House', '001620', '2584725560', 'ref# 103000552', 'Prepaid', 'Ocean Export', 'CY/CY', 'PP', 'PERFORMANCE', '004W', '2017-03-04 00:00:00', '2017-04-04 00:00:00', '3', '2017-04-05 09:00:02', '2017-05-16 13:10:58'),
(16, '103000209', 152, 'MGM COPIERS, PO BOX 360794, MILPITAS, 950360000, US', 'S P ASSOCIATE, 1/11959 ULDHANPUR, DELHI, 110032, IN', '000221020000991', '2017-02-28 11:35:26', 'House', '001620', '2584725560', 'ref# 103000552', 'Prepaid', 'Ocean Export', 'CY/CY', 'PP', 'PERFORMANCE', '004W', '2017-03-04 00:00:00', '2017-04-04 00:00:00', '1', '2017-04-05 09:07:45', '2017-04-20 11:50:08'),
(17, '103000207', 152, 'MGM COPIERS, PO BOX 360794, MILPITAS, 950360000, US', 'S P ASSOCIATE, 1/11959 ULDHANPUR, DELHI, 110032, IN', '000221020000991', '2017-02-28 11:35:26', 'House', '001620', '2584725560', 'ref# 103000552', 'Prepaid', 'Ocean Export', 'CY/CY', 'PP', 'PERFORMANCE', '004W', '2017-03-04 00:00:00', '2017-04-04 00:00:00', '1', '2017-04-05 09:11:30', '2017-04-20 11:51:42'),
(18, '103000208', 152, 'MGM COPIERS, PO BOX 360794, MILPITAS, 950360000, US', 'S P ASSOCIATE, 1/11959 ULDHANPUR, DELHI, 110032, IN', '000221020000991', '2017-02-28 11:35:26', 'House', '001620', '2584725560', 'ref# 103000552', 'Prepaid', 'Ocean Export', 'CY/CY', 'PP', 'PERFORMANCE', '004W', '2017-03-04 00:00:00', '2017-04-04 00:00:00', '1', '2017-04-06 03:51:44', '2017-04-20 11:55:17'),
(19, '103000210', 152, 'MGM COPIERS, PO BOX 360794, MILPITAS, 950360000, US', 'S P ASSOCIATE, 1/11959 ULDHANPUR, DELHI, 110032, IN', '000221020000991', '2017-02-28 11:35:26', 'House', '001620', '2584725560', 'ref# 103000552', 'Prepaid', 'Ocean Export', 'CY/CY', 'PP', 'PERFORMANCE', '004W', '2017-03-04 00:00:00', '2017-04-04 00:00:00', '1', '2017-04-06 03:52:35', '2017-04-20 11:57:23'),
(20, '103000211', 152, 'MGM COPIERS, PO BOX 360794, MILPITAS, 950360000, US', 'S P ASSOCIATE, 1/11959 ULDHANPUR, DELHI, 110032, IN', '000221020000991', '2017-02-28 11:35:26', 'House', '001620', '2584725560', 'ref# 103000552', 'Prepaid', 'Ocean Export', 'CY/CY', 'PP', 'PERFORMANCE', '004W', '2017-03-04 00:00:00', '2017-04-04 00:00:00', '1', '2017-04-06 03:52:55', '2017-04-20 11:59:33'),
(21, '103000212', 152, 'MGM COPIERS, PO BOX 360794, MILPITAS, 950360000, US', 'S P ASSOCIATE, 1/11959 ULDHANPUR, DELHI, 110032, IN', '000221020000991', '2017-02-28 11:35:26', 'House', '001620', '2584725560', 'ref# 103000552', 'Prepaid', 'Ocean Export', 'CY/CY', 'PP', 'PERFORMANCE', '004W', '2017-03-04 00:00:00', '2017-04-04 00:00:00', '1', '2017-04-06 03:53:14', '2017-04-20 12:07:08'),
(22, '103000213', 152, 'MGM COPIERS, PO BOX 360794, MILPITAS, 950360000, US', 'S P ASSOCIATE, 1/11959 ULDHANPUR, DELHI, 110032, IN', '000221020000991', '2017-02-28 11:35:26', 'House', '001620', '2584725560', 'ref# 103000552', 'Prepaid', 'Ocean Export', 'CY/CY', 'PP', 'PERFORMANCE', '004W', '2017-03-04 00:00:00', '2017-04-04 00:00:00', '1', '2017-04-06 03:53:29', '2017-04-20 12:09:05'),
(23, '103000214', 152, 'MGM COPIERS, PO BOX 360794, MILPITAS, 950360000, US', 'S P ASSOCIATE, 1/11959 ULDHANPUR, DELHI, 110032, IN', '000221020000991', '2017-02-28 11:35:26', 'House', '001620', '2584725560', 'ref# 103000552', 'Prepaid', 'Ocean Export', 'CY/CY', 'PP', 'PERFORMANCE', '004W', '2017-03-04 00:00:00', '2017-04-04 00:00:00', '1', '2017-04-06 03:53:48', '2017-04-27 11:43:36'),
(24, '103000215', 152, 'MGM COPIERS, PO BOX 360794, MILPITAS, 950360000, US', 'S P ASSOCIATE, 1/11959 ULDHANPUR, DELHI, 110032, IN', '000221020000991', '2017-02-28 11:35:26', 'House', '001620', '2584725560', 'ref# 103000552', 'Prepaid', 'Ocean Export', 'CY/CY', 'PP', 'PERFORMANCE', '004W', '2017-03-04 00:00:00', '2017-04-04 00:00:00', '1', '2017-04-06 03:54:04', '2017-04-20 12:22:52'),
(25, '103000216', 152, 'MGM COPIERS, PO BOX 360794, MILPITAS, 950360000, US', 'S P ASSOCIATE, 1/11959 ULDHANPUR, DELHI, 110032, IN', '000221020000991', '2017-02-28 11:35:26', 'House', '001620', '2584725560', 'ref# 103000552', 'Prepaid', 'Ocean Export', 'CY/CY', 'PP', 'PERFORMANCE', '004W', '2017-03-04 00:00:00', '2017-04-04 00:00:00', '2', '2017-04-06 03:54:20', '2017-05-08 05:37:18'),
(26, '103000217', 152, 'MGM COPIERS, PO BOX 360794, MILPITAS, 950360000, US', 'S P ASSOCIATE, 1/11959 ULDHANPUR, DELHI, 110032, IN', '000221020000991', '2017-02-28 11:35:26', 'House', '001620', '2584725560', 'ref# 103000552', 'Prepaid', 'Ocean Export', 'CY/CY', 'PP', 'PERFORMANCE', '004W', '2017-03-04 00:00:00', '2017-04-04 00:00:00', '1', '2017-04-06 03:54:32', '2017-04-24 05:51:50'),
(27, '103000218', 152, 'MGM COPIERS, PO BOX 360794, MILPITAS, 950360000, US', 'S P ASSOCIATE, 1/11959 ULDHANPUR, DELHI, 110032, IN', '000221020000991', '2017-02-28 11:35:26', 'House', '001620', '2584725560', 'ref# 103000552', 'Prepaid', 'Ocean Export', 'CY/CY', 'PP', 'PERFORMANCE', '004W', '2017-03-04 00:00:00', '2017-04-04 00:00:00', '1', '2017-04-06 03:54:44', '2017-04-06 03:54:44'),
(28, '103000219', 152, 'MGM COPIERS, PO BOX 360794, MILPITAS, 950360000, US', 'S P ASSOCIATE, 1/11959 ULDHANPUR, DELHI, 110032, IN', '000221020000991', '2017-02-28 11:35:26', 'House', '001620', '2584725560', 'ref# 103000552', 'Prepaid', 'Ocean Export', 'CY/CY', 'PP', 'PERFORMANCE', '004W', '2017-03-04 00:00:00', '2017-04-04 00:00:00', '1', '2017-04-06 03:54:59', '2017-05-03 05:44:51'),
(29, '103000220', 152, 'MGM COPIERS, PO BOX 360794, MILPITAS, 950360000, US', 'S P ASSOCIATE, 1/11959 ULDHANPUR, DELHI, 110032, IN', '000221020000991', '2017-02-28 11:35:26', 'House', '001620', '2584725560', 'ref# 103000552', 'Prepaid', 'Ocean Export', 'CY/CY', 'PP', 'PERFORMANCE', '004W', '2017-03-04 00:00:00', '2017-04-04 00:00:00', '1', '2017-04-06 03:55:13', '2017-04-14 04:15:57'),
(30, '103000221', 152, 'MGM COPIERS, PO BOX 360794, MILPITAS, 950360000, US', 'S P ASSOCIATE, 1/11959 ULDHANPUR, DELHI, 110032, IN', '000221020000991', '2017-02-28 11:35:26', 'House', '001620', '2584725560', 'ref# 103000552', 'Prepaid', 'Ocean Export', 'CY/CY', 'PP', 'PERFORMANCE', '004W', '2017-03-04 00:00:00', '2017-04-04 00:00:00', '1', '2017-04-06 03:55:26', '2017-04-17 05:50:25'),
(31, '103000222', 152, 'MGM COPIERS, PO BOX 360794, MILPITAS, 950360000, US', 'S P ASSOCIATE, 1/11959 ULDHANPUR, DELHI, 110032, IN', '000221020000991', '2017-02-28 11:35:26', 'House', '001620', '2584725560', 'ref# 103000552', 'Prepaid', 'Ocean Export', 'CY/CY', 'PP', 'PERFORMANCE', '004W', '2017-03-04 00:00:00', '2017-04-04 00:00:00', '1', '2017-04-06 03:57:29', '2017-04-13 12:31:06'),
(32, '103000223', 152, 'MGM COPIERS, PO BOX 360794, MILPITAS, 950360000, US', 'S P ASSOCIATE, 1/11959 ULDHANPUR, DELHI, 110032, IN', '000221020000991', '2017-02-28 11:35:26', 'House', '001620', '2584725560', 'ref# 103000552', 'Prepaid', 'Ocean Export', 'CY/CY', 'PP', 'PERFORMANCE', '004W', '2017-03-04 00:00:00', '2017-04-04 00:00:00', '1', '2017-04-06 03:57:42', '2017-04-13 11:57:59'),
(33, '103000224', 152, 'MGM COPIERS, PO BOX 360794, MILPITAS, 950360000, US', 'S P ASSOCIATE, 1/11959 ULDHANPUR, DELHI, 110032, IN', '000221020000991', '2017-02-28 11:35:26', 'House', '001620', '2584725560', 'ref# 103000552', 'Prepaid', 'Ocean Export', 'CY/CY', 'PP', 'PERFORMANCE', '004W', '2017-03-04 00:00:00', '2017-04-04 00:00:00', '1', '2017-04-06 03:57:54', '2017-04-12 12:10:04'),
(34, '103000225', 152, 'MGM COPIERS, PO BOX 360794, MILPITAS, 950360000, US', 'S P ASSOCIATE, 1/11959 ULDHANPUR, DELHI, 110032, IN', '000221020000991', '2017-02-28 11:35:26', 'House', '001620', '2584725560', 'ref# 103000552', 'Prepaid', 'Ocean Export', 'CY/CY', 'PP', 'PERFORMANCE', '004W', '2017-03-04 00:00:00', '2017-04-04 00:00:00', '1', '2017-04-06 03:58:14', '2017-04-12 12:09:35'),
(35, '103000226', 152, 'MGM COPIERS, PO BOX 360794, MILPITAS, 950360000, US', 'S P ASSOCIATE, 1/11959 ULDHANPUR, DELHI, 110032, IN', '000221020000991', '2017-02-28 11:35:26', 'House', '001620', '2584725560', 'ref# 103000552', 'Prepaid', 'Ocean Export', 'CY/CY', 'PP', 'PERFORMANCE', '004W', '2017-03-04 00:00:00', '2017-04-04 00:00:00', '3', '2017-04-06 03:58:26', '2017-05-04 06:35:11'),
(36, '103000227', 152, 'MGM COPIERS, PO BOX 360794, MILPITAS, 950360000, US', 'S P ASSOCIATE, 1/11959 ULDHANPUR, DELHI, 110032, IN', '000221020000991', '2017-02-28 11:35:26', 'House', '001620', '2584725560', 'ref# 103000552', 'Prepaid', 'Ocean Export', 'CY/CY', 'PP', 'PERFORMANCE', '004W', '2017-03-04 00:00:00', '2017-04-04 00:00:00', '1', '2017-04-06 03:59:36', '2017-04-12 12:08:29'),
(37, '103000228', 152, 'MGM COPIERS, PO BOX 360794, MILPITAS, 950360000, US', 'S P ASSOCIATE, 1/11959 ULDHANPUR, DELHI, 110032, IN', '000221020000991', '2017-02-28 11:35:26', 'House', '001620', '2584725560', 'ref# 103000552', 'Prepaid', 'Ocean Export', 'CY/CY', 'PP', 'PERFORMANCE', '004W', '2017-03-04 00:00:00', '2017-04-04 00:00:00', '1', '2017-04-06 03:59:47', '2017-04-12 12:08:02'),
(38, '103000229', 152, 'MGM COPIERS, PO BOX 360794, MILPITAS, 950360000, US', 'S P ASSOCIATE, 1/11959 ULDHANPUR, DELHI, 110032, IN', '000221020000991', '2017-02-28 11:35:26', 'House', '001620', '2584725560', 'ref# 103000552', 'Prepaid', 'Ocean Export', 'CY/CY', 'PP', 'PERFORMANCE', '004W', '2017-03-04 00:00:00', '2017-04-04 00:00:00', '1', '2017-04-06 03:59:58', '2017-04-12 12:07:36'),
(39, '103000230', 152, 'MGM COPIERS, PO BOX 360794, MILPITAS, 950360000, US', 'S P ASSOCIATE, 1/11959 ULDHANPUR, DELHI, 110032, IN', '000221020000991', '2017-02-28 11:35:26', 'House', '001620', '2584725560', 'ref# 103000552', 'Prepaid', 'Ocean Export', 'CY/CY', 'PP', 'PERFORMANCE', '004W', '2017-03-04 00:00:00', '2017-04-04 00:00:00', '1', '2017-04-06 04:00:11', '2017-05-02 09:26:44'),
(40, '103000231', 152, 'MGM COPIERS, PO BOX 360794, MILPITAS, 950360000, US', 'S P ASSOCIATE, 1/11959 ULDHANPUR, DELHI, 110032, IN', '000221020000991', '2017-02-28 11:35:26', 'House', '001620', '2584725560', 'ref# 103000552', 'Prepaid', 'Ocean Export', 'CY/CY', 'PP', 'PERFORMANCE', '004W', '2017-03-04 00:00:00', '2017-04-04 00:00:00', '2', '2017-04-06 04:00:51', '2017-05-10 07:12:28'),
(41, '103000232', 152, 'MGM COPIERS, PO BOX 360794, MILPITAS, 950360000, US', 'S P ASSOCIATE, 1/11959 ULDHANPUR, DELHI, 110032, IN', '000221020000991', '2017-02-28 11:35:26', 'House', '001620', '2584725560', 'ref# 103000552', 'Prepaid', 'Ocean Export', 'CY/CY', 'PP', 'PERFORMANCE', '004W', '2017-03-04 00:00:00', '2017-04-04 00:00:00', '1', '2017-04-06 04:01:24', '2017-05-02 07:16:26'),
(42, '103000233', 152, 'MGM COPIERS, PO BOX 360794, MILPITAS, 950360000, US', 'S P ASSOCIATE, 1/11959 ULDHANPUR, DELHI, 110032, IN', '000221020000991', '2017-02-28 11:35:26', 'House', '001620', '2584725560', 'ref# 103000552', 'Prepaid', 'Ocean Export', 'CY/CY', 'PP', 'PERFORMANCE', '004W', '2017-03-04 00:00:00', '2017-04-04 00:00:00', '1', '2017-04-06 04:02:07', '2017-05-03 04:55:35'),
(43, '103000234', 152, 'MGM COPIERS, PO BOX 360794, MILPITAS, 950360000, US', 'S P ASSOCIATE, 1/11959 ULDHANPUR, DELHI, 110032, IN', '000221020000991', '2017-02-28 11:35:26', 'House', '001620', '2584725560', 'ref# 103000552', 'Prepaid', 'Ocean Export', 'CY/CY', 'PP', 'PERFORMANCE', '004W', '2017-03-04 00:00:00', '2017-04-04 00:00:00', '2', '2017-04-06 04:03:19', '2017-05-12 10:41:42'),
(44, '103000235', 152, 'MGM COPIERS, PO BOX 360794, MILPITAS, 950360000, US', 'S P ASSOCIATE, 1/11959 ULDHANPUR, DELHI, 110032, IN', '000221020000991', '2017-02-28 11:35:26', 'House', '001620', '2584725560', 'ref# 103000552', 'Prepaid', 'Ocean Export', 'CY/CY', 'PP', 'PERFORMANCE', '004W', '2017-03-04 00:00:00', '2017-04-04 00:00:00', '2', '2017-04-06 04:03:47', '2017-05-15 06:02:53'),
(45, '103000236', 152, 'MGM COPIERS, PO BOX 360794, MILPITAS, 950360000, US', 'S P ASSOCIATE, 1/11959 ULDHANPUR, DELHI, 110032, IN', '000221020000991', '2017-02-28 11:35:26', 'House', '001620', '2584725560', 'ref# 103000552', 'Prepaid', 'Ocean Export', 'CY/CY', 'PP', 'PERFORMANCE', '004W', '2017-03-04 00:00:00', '2017-04-04 00:00:00', '2', '2017-04-06 04:05:59', '2017-05-12 04:48:28'),
(46, '103000237', 152, 'MGM COPIERS, PO BOX 360794, MILPITAS, 950360000, US', 'S P ASSOCIATE, 1/11959 ULDHANPUR, DELHI, 110032, IN', '000221020000991', '2017-02-28 11:35:26', 'House', '001620', '2584725560', 'ref# 103000552', 'Prepaid', 'Ocean Export', 'CY/CY', 'PP', 'PERFORMANCE', '004W', '2017-03-04 00:00:00', '2017-04-04 00:00:00', '2', '2017-04-06 04:08:08', '2017-05-11 06:17:04'),
(47, '103000238', 152, 'MGM COPIERS, PO BOX 360794, MILPITAS, 950360000, US', 'S P ASSOCIATE, 1/11959 ULDHANPUR, DELHI, 110032, IN', '000221020000991', '2017-02-28 11:35:26', 'House', '001620', '2584725560', 'ref# 103000552', 'Prepaid', 'Ocean Export', 'CY/CY', 'PP', 'PERFORMANCE', '004W', '2017-03-04 00:00:00', '2017-04-04 00:00:00', '2', '2017-04-07 04:28:59', '2017-05-08 07:38:45'),
(48, '103000290', 152, 'MGM COPIERS, PO BOX 360794, MILPITAS, 950360000, US', 'S P ASSOCIATE, 1/11959 ULDHANPUR, DELHI, 110032, IN', '000221020000991', '2017-02-28 11:35:26', 'House', '001620', '2584725560', 'ref# 103000552', 'Prepaid', 'Ocean Export', 'CY/CY', 'PP', 'PERFORMANCE', '004W', '2017-03-04 00:00:00', '2017-04-04 00:00:00', '1', '2017-04-10 04:07:42', '2017-04-21 12:25:23'),
(49, '103000290:01', 152, 'MGM COPIERS, PO BOX 360794, MILPITAS, 950360000, US', 'S P ASSOCIATE, 1/11959 ULDHANPUR, DELHI, 110032, IN', '000221020000991', '2017-02-28 11:35:26', 'House', '001620', '2584725560', 'ref# 103000552', 'Prepaid', 'Ocean Export', 'CY/CY', 'PP', 'PERFORMANCE', '004W', '2017-03-04 00:00:00', '2017-04-04 00:00:00', '1', '2017-04-13 10:33:15', '2017-04-19 13:06:53'),
(50, '103000675', 152, 'MGM COPIERS, PO BOX 360794, MILPITAS, 950360000, US', 'S P ASSOCIATE, 1/11959 ULDHANPUR, DELHI, 110032, IN', '000221020000991', '2017-02-28 11:35:26', 'House', '001620', '2584725560', 'ref# 103000552', 'Prepaid', 'Ocean Export', 'CY/CY', 'PP', 'PERFORMANCE', '004W', '2017-03-04 00:00:00', '2017-04-24 00:00:00', '1', '2017-05-02 11:58:28', '2017-05-03 04:25:29'),
(51, '103000678', 152, 'MGM COPIERS, PO BOX 360794, MILPITAS, 950360000, US', 'S P ASSOCIATE, 1/11959 ULDHANPUR, DELHI, 110032, IN', '000221020000991', '2017-02-28 11:35:26', 'House', '001620', '2584725560', 'ref# 103000552', 'Prepaid', 'Ocean Export', 'CY/CY', 'PP', 'PERFORMANCE', '004W', '2017-03-04 00:00:00', '2017-04-24 00:00:00', '3', '2017-05-02 11:58:48', '2017-05-04 07:34:38'),
(52, '103000680', 152, 'MGM COPIERS, PO BOX 360794, MILPITAS, 950360000, US', 'S P ASSOCIATE, 1/11959 ULDHANPUR, DELHI, 110032, IN', '000221020000991', '2017-02-28 11:35:26', 'House', '001620', '2584725560', 'ref# 103000552', 'Prepaid', 'Ocean Export', 'CY/CY', 'PP', 'PERFORMANCE', '004W', '2017-03-04 00:00:00', '2017-04-24 00:00:00', '2', '2017-05-02 11:58:54', '2017-05-04 07:32:06');

-- --------------------------------------------------------

--
-- Table structure for table `order_assignments`
--

CREATE TABLE `order_assignments` (
  `id` int(11) NOT NULL,
  `assign_by` int(11) NOT NULL,
  `assign_to` int(11) NOT NULL,
  `order_id` int(11) NOT NULL,
  `package_id` int(11) NOT NULL,
  `tracking_number` varchar(255) NOT NULL,
  `source` text NOT NULL COMMENT 'Enter manually by agent',
  `destination` text NOT NULL COMMENT 'Enter manually by agent',
  `status_by` enum('1','2','3') NOT NULL DEFAULT '1' COMMENT '1=Open, 2=Assigned, 3=Completed',
  `status_to` enum('1','2','3') NOT NULL DEFAULT '1' COMMENT '1=Open, 2=Assigned, 3=Completed',
  `created` timestamp NOT NULL DEFAULT CURRENT_TIMESTAMP ON UPDATE CURRENT_TIMESTAMP,
  `modified` timestamp NOT NULL DEFAULT '0000-00-00 00:00:00'
) ENGINE=InnoDB DEFAULT CHARSET=latin1;

--
-- Dumping data for table `order_assignments`
--

INSERT INTO `order_assignments` (`id`, `assign_by`, `assign_to`, `order_id`, `package_id`, `tracking_number`, `source`, `destination`, `status_by`, `status_to`, `created`, `modified`) VALUES
(1, 1, 173, 35, 45, '', 'dd', 'fvccv', '3', '3', '2017-05-04 06:35:56', '2017-05-04 06:01:56'),
(2, 1, 1, 10, 16, '', '', '', '3', '3', '2017-05-04 06:51:16', '2017-05-04 06:38:58'),
(3, 1, 1, 52, 69, '', 'hgjg', 'gdfhf', '2', '2', '2017-05-04 07:32:06', '2017-05-04 07:32:06'),
(4, 1, 1, 51, 68, '', 'j', 'drf', '3', '3', '2017-05-04 07:35:08', '2017-05-04 07:34:38'),
(5, 1, 1, 4, 4, '', 'hjn', 'jj', '2', '2', '2017-05-04 07:38:02', '2017-05-04 07:38:02'),
(6, 1, 1, 3, 3, '', 'ff', 'ffg', '2', '2', '2017-05-04 07:40:10', '2017-05-04 07:40:10'),
(7, 1, 173, 7, 10, '', 'xx', 'ccc', '3', '3', '2017-05-11 06:13:53', '2017-05-04 09:23:33'),
(8, 1, 173, 47, 64, '', 'zz', 'zz', '2', '2', '2017-05-08 07:38:45', '2017-05-08 07:38:45'),
(9, 230, 173, 1, 1, '', 'abc', 'xyz', '3', '3', '2017-05-05 05:05:46', '2017-05-05 04:45:40'),
(10, 1, 173, 2, 2, '', 'MGM COPIERS, PO BOX 360794, MILPITAS, 950360000, US', 'S P ASSOCIATE, 1/11959 ULDHANPUR, DELHI, 110032, IN', '2', '2', '2017-05-09 06:33:31', '2017-05-09 06:33:31'),
(11, 1, 173, 2, 5, '', 'MGM COPIERS, PO BOX 360794, MILPITAS, 950360000, US', 'S P ASSOCIATE, 1/11959 ULDHANPUR, DELHI, 110032, IN', '2', '2', '2017-05-09 06:33:31', '2017-05-09 06:33:31'),
(12, 1, 173, 2, 8, '', 'MGM COPIERS, PO BOX 360794, MILPITAS, 950360000, US', 'S P ASSOCIATE, 1/11959 ULDHANPUR, DELHI, 110032, IN', '2', '2', '2017-05-09 06:33:31', '2017-05-09 06:33:31'),
(13, 1, 173, 2, 9, '', 'MGM COPIERS, PO BOX 360794, MILPITAS, 950360000, US', 'S P ASSOCIATE, 1/11959 ULDHANPUR, DELHI, 110032, IN', '2', '2', '2017-05-09 06:33:31', '2017-05-09 06:33:31'),
(14, 1, 173, 25, 35, '', 'l;', ';l\'l', '2', '2', '2017-05-08 05:37:18', '2017-05-08 05:37:18'),
(15, 1, 173, 5, 6, '', 'MGM COPIERS, PO BOX 360794, MILPITAS, 950360000, US', 'S P ASSOCIATE, 1/11959 ULDHANPUR, DELHI, 110032, IN', '3', '3', '2017-05-08 09:20:54', '2017-05-08 09:18:15'),
(16, 1, 226, 6, 7, '', 'MGM COPIERS, PO BOX 360794, MILPITAS, 950360000, US', 'S P ASSOCIATE, 1/11959 ULDHANPUR, DELHI, 110032, IN', '3', '3', '2017-05-08 16:20:56', '2017-05-08 16:19:29'),
(17, 1, 173, 8, 11, '', '', '', '2', '2', '2017-05-09 06:35:09', '2017-05-09 06:35:09'),
(18, 1, 173, 8, 12, '', '', '', '2', '2', '2017-05-09 06:35:09', '2017-05-09 06:35:09'),
(19, 1, 173, 9, 13, '', 'as', 'ss', '2', '1', '2017-05-12 11:01:59', '2017-05-10 08:08:48'),
(20, 1, 173, 40, 52, '', 'fgg', 'ggggg', '2', '2', '2017-05-10 07:13:24', '2017-05-10 07:13:24'),
(21, 1, 173, 40, 53, '', 'fgg', 'ggggg', '2', '2', '2017-05-10 07:13:24', '2017-05-10 07:13:24'),
(22, 1, 173, 9, 14, '', 'MGM COPIERS, PO BOX 360794, MILPITAS, 950360000, US', 'S P ASSOCIATE, 1/11959 ULDHANPUR, DELHI, 110032, IN', '2', '1', '2017-05-23 07:20:00', '2017-05-17 12:28:16'),
(23, 1, 173, 9, 15, '', 'MGM COPIERS, PO BOX 360794, MILPITAS, 950360000, US', 'S P ASSOCIATE, 1/11959 ULDHANPUR, DELHI, 110032, IN', '2', '1', '2017-05-23 07:20:00', '2017-05-17 12:28:16'),
(24, 1, 173, 12, 18, '', 'MGM COPIERS, PO BOX 360794, MILPITAS, 950360000, US', 'S P ASSOCIATE, 1/11959 ULDHANPUR, DELHI, 110032, IN', '2', '2', '2017-05-10 10:34:10', '2017-05-10 10:34:10'),
(25, 1, 173, 15, 23, '', 'MGM COPIERS, PO BOX 360794, MILPITAS, 950360000, US', 'S P ASSOCIATE, 1/11959 ULDHANPUR, DELHI, 110032, IN', '3', '3', '2017-05-16 13:12:36', '2017-05-10 10:40:26'),
(26, 1, 173, 13, 19, '', '', '', '2', '1', '2017-05-10 10:48:31', '2017-05-10 10:48:31'),
(27, 1, 173, 13, 20, '', '', '', '2', '1', '2017-05-10 10:48:31', '2017-05-10 10:48:31'),
(28, 1, 173, 13, 21, '', '', '', '2', '1', '2017-05-10 10:48:31', '2017-05-10 10:48:31'),
(29, 1, 173, 13, 24, '', '', '', '2', '1', '2017-05-10 10:48:32', '2017-05-10 10:48:32'),
(30, 1, 173, 46, 63, '', 'gbv', 'bb', '2', '2', '2017-05-11 06:18:06', '2017-05-11 06:18:06'),
(31, 1, 173, 45, 62, '', '', '', '2', '1', '2017-05-12 04:48:28', '2017-05-12 04:48:28'),
(32, 1, 242, 43, 58, '', '', '', '2', '2', '2017-05-12 09:29:20', '2017-05-12 09:29:20'),
(33, 1, 242, 43, 59, '', '', '', '2', '2', '2017-05-12 09:29:20', '2017-05-12 09:29:20'),
(34, 1, 173, 44, 60, '', '', '', '2', '1', '2017-05-15 05:36:29', '2017-05-15 05:36:29'),
(35, 1, 1, 44, 61, '', '', '', '2', '2', '2017-05-15 06:02:53', '2017-05-15 06:02:53'),
(36, 1, 173, 11, 17, '', '', '', '2', '1', '2017-05-17 10:36:24', '2017-05-17 10:36:24');

-- --------------------------------------------------------

--
-- Table structure for table `order_assignment_logs`
--

CREATE TABLE `order_assignment_logs` (
  `id` int(11) NOT NULL,
  `order_assignment_id` int(11) NOT NULL,
  `order_id` int(11) NOT NULL,
  `package_id` int(11) NOT NULL,
  `assign_by` int(11) NOT NULL,
  `assign_to` int(11) NOT NULL,
  `source` varchar(255) NOT NULL,
  `destination` varchar(255) NOT NULL,
  `shipment_type` enum('self','driver','3rdparty') NOT NULL,
  `shipping_carrier_id` int(11) NOT NULL,
  `tracking_number` varchar(255) NOT NULL,
  `status` enum('1','2','3','4') NOT NULL DEFAULT '1' COMMENT '1=Open, 2=Accept,3=Completed,4=Reject',
  `created` date NOT NULL,
  `modified` date NOT NULL
) ENGINE=InnoDB DEFAULT CHARSET=latin1;

--
-- Dumping data for table `order_assignment_logs`
--

INSERT INTO `order_assignment_logs` (`id`, `order_assignment_id`, `order_id`, `package_id`, `assign_by`, `assign_to`, `source`, `destination`, `shipment_type`, `shipping_carrier_id`, `tracking_number`, `status`, `created`, `modified`) VALUES
(1, 1, 35, 45, 173, 176, 'MGM COPIERS, PO BOX 360794, MILPITAS, 950360000, US', 'S P ASSOCIATE, 1/11959 ULDHANPUR, DELHI, 110032, IN', 'driver', 0, '', '3', '2017-05-04', '2017-05-04'),
(2, 2, 10, 16, 1, 226, '', '', 'driver', 0, '', '3', '2017-05-04', '2017-05-04'),
(3, 3, 52, 69, 1, 1, 'hgjg', 'gdfhf', '3rdparty', 1, '449044304137821', '2', '2017-05-04', '2017-05-04'),
(4, 4, 51, 68, 1, 1, 'j', 'drf', '3rdparty', 1, '111111111111', '3', '2017-05-04', '2017-05-04'),
(5, 5, 4, 4, 1, 1, 'hjn', 'jj', '3rdparty', 1, '797843158299', '2', '2017-05-04', '2017-05-04'),
(6, 6, 3, 3, 1, 1, 'ff', 'ffg', '3rdparty', 2, '1Z9999W99999999999', '2', '2017-05-04', '2017-05-04'),
(7, 7, 7, 10, 173, 176, 'MGM COPIERS, PO BOX 360794, MILPITAS, 950360000, US', 'S P ASSOCIATE, 1/11959 ULDHANPUR, DELHI, 110032, IN', 'driver', 0, '', '3', '2017-05-04', '2017-05-04'),
(8, 9, 1, 1, 173, 176, 'S P ASSOCIATE, 1/11959 ULDHANPUR, DELHI, 110032, IN', 'S P ASSOCIATE, 1/11959 ULDHANPUR, DELHI, 110032, IN', 'driver', 0, '', '3', '2017-05-05', '2017-05-05'),
(9, 8, 47, 64, 173, 173, 'MGM COPIERS, PO BOX 360794, MILPITAS, 950360000, US', 'S P ASSOCIATE, 1/11959 ULDHANPUR, DELHI, 110032, IN', 'self', 0, '', '2', '2017-05-05', '2017-05-05'),
(10, 14, 25, 35, 173, 173, 'MGM COPIERS, PO BOX 360794, MILPITAS, 950360000, US', 'S P ASSOCIATE, 1/11959 ULDHANPUR, DELHI, 110032, IN', 'self', 0, '', '2', '2017-05-08', '2017-05-08'),
(11, 14, 25, 35, 173, 173, 'MGM COPIERS, PO BOX 360794, MILPITAS, 950360000, US', 'S P ASSOCIATE, 1/11959 ULDHANPUR, DELHI, 110032, IN', 'self', 0, '', '2', '2017-05-08', '2017-05-08'),
(12, 8, 47, 64, 173, 173, 'MGM COPIERS, PO BOX 360794, MILPITAS, 950360000, US', 'S P ASSOCIATE, 1/11959 ULDHANPUR, DELHI, 110032, IN', 'self', 0, '', '2', '2017-05-08', '2017-05-08'),
(13, 8, 47, 64, 173, 173, 'MGM COPIERS, PO BOX 360794, MILPITAS, 950360000, US', 'S P ASSOCIATE, 1/11959 ULDHANPUR, DELHI, 110032, IN', 'self', 0, '', '2', '2017-05-08', '2017-05-08'),
(14, 15, 5, 6, 173, 176, 'MGM COPIERS, PO BOX 360794, MILPITAS, 950360000, US', 'S P ASSOCIATE, 1/11959 ULDHANPUR, DELHI, 110032, IN', 'driver', 0, '', '3', '2017-05-08', '2017-05-08'),
(15, 10, 2, 2, 173, 176, 'MGM COPIERS, PO BOX 360794, MILPITAS, 950360000, US', 'S P ASSOCIATE, 1/11959 ULDHANPUR, DELHI, 110032, IN', 'driver', 0, '', '4', '2017-05-08', '2017-05-08'),
(16, 11, 2, 5, 173, 176, 'MGM COPIERS, PO BOX 360794, MILPITAS, 950360000, US', 'S P ASSOCIATE, 1/11959 ULDHANPUR, DELHI, 110032, IN', 'driver', 0, '', '4', '2017-05-08', '2017-05-08'),
(17, 12, 2, 8, 173, 176, 'MGM COPIERS, PO BOX 360794, MILPITAS, 950360000, US', 'S P ASSOCIATE, 1/11959 ULDHANPUR, DELHI, 110032, IN', 'driver', 0, '', '4', '2017-05-08', '2017-05-08'),
(18, 13, 2, 9, 173, 176, 'MGM COPIERS, PO BOX 360794, MILPITAS, 950360000, US', 'S P ASSOCIATE, 1/11959 ULDHANPUR, DELHI, 110032, IN', 'driver', 0, '', '4', '2017-05-08', '2017-05-08'),
(19, 16, 6, 7, 226, 226, 'MGM COPIERS, PO BOX 360794, MILPITAS, 950360000, US', 'S P ASSOCIATE, 1/11959 ULDHANPUR, DELHI, 110032, IN', 'self', 0, '', '3', '2017-05-08', '2017-05-08'),
(20, 10, 2, 2, 173, 0, 'MGM COPIERS, PO BOX 360794, MILPITAS, 950360000, US', 'S P ASSOCIATE, 1/11959 ULDHANPUR, DELHI, 110032, IN', '', 0, '', '1', '2017-05-09', '2017-05-09'),
(21, 11, 2, 5, 173, 0, 'MGM COPIERS, PO BOX 360794, MILPITAS, 950360000, US', 'S P ASSOCIATE, 1/11959 ULDHANPUR, DELHI, 110032, IN', '', 0, '', '1', '2017-05-09', '2017-05-09'),
(22, 12, 2, 8, 173, 0, 'MGM COPIERS, PO BOX 360794, MILPITAS, 950360000, US', 'S P ASSOCIATE, 1/11959 ULDHANPUR, DELHI, 110032, IN', '', 0, '', '1', '2017-05-09', '2017-05-09'),
(23, 13, 2, 9, 173, 0, 'MGM COPIERS, PO BOX 360794, MILPITAS, 950360000, US', 'S P ASSOCIATE, 1/11959 ULDHANPUR, DELHI, 110032, IN', '', 0, '', '1', '2017-05-09', '2017-05-09'),
(24, 17, 8, 11, 173, 0, 'MGM COPIERS, PO BOX 360794, MILPITAS, 950360000, US', 'S P ASSOCIATE, 1/11959 ULDHANPUR, DELHI, 110032, IN', '', 0, '', '1', '2017-05-09', '2017-05-09'),
(25, 18, 8, 12, 173, 0, 'MGM COPIERS, PO BOX 360794, MILPITAS, 950360000, US', 'S P ASSOCIATE, 1/11959 ULDHANPUR, DELHI, 110032, IN', '', 0, '', '1', '2017-05-09', '2017-05-09'),
(26, 20, 40, 52, 173, 176, 'ss', 'ss', 'driver', 0, '', '2', '2017-05-10', '2017-05-10'),
(27, 21, 40, 53, 173, 176, 'ss', 'ss', 'driver', 0, '', '2', '2017-05-10', '2017-05-10'),
(28, 19, 9, 13, 173, 176, 'MGM COPIERS, PO BOX 360794, MILPITAS, 950360000, US', 'S P ASSOCIATE, 1/11959 ULDHANPUR, DELHI, 110032, IN', 'driver', 0, '', '2', '2017-05-10', '2017-05-10'),
(29, 22, 9, 14, 173, 176, 'MGM COPIERS, PO BOX 360794, MILPITAS, 950360000, US', 'S P ASSOCIATE, 1/11959 ULDHANPUR, DELHI, 110032, IN', 'driver', 0, '', '4', '2017-05-10', '2017-05-10'),
(30, 23, 9, 15, 173, 176, 'MGM COPIERS, PO BOX 360794, MILPITAS, 950360000, US', 'S P ASSOCIATE, 1/11959 ULDHANPUR, DELHI, 110032, IN', 'driver', 0, '', '4', '2017-05-10', '2017-05-10'),
(31, 24, 12, 18, 173, 176, 'MGM COPIERS, PO BOX 360794, MILPITAS, 950360000, US', 'S P ASSOCIATE, 1/11959 ULDHANPUR, DELHI, 110032, IN', 'driver', 0, '', '2', '2017-05-10', '2017-05-10'),
(32, 25, 15, 23, 173, 176, 'MGM COPIERS, PO BOX 360794, MILPITAS, 950360000, US', 'S P ASSOCIATE, 1/11959 ULDHANPUR, DELHI, 110032, IN', 'driver', 0, '', '3', '2017-05-10', '2017-05-10'),
(33, 30, 46, 63, 173, 176, 'S P ASSOCIATE, 1/11959 ULDHANPUR, DELHI, 110032, IN', 'S P ASSOCIATE, 1/11959 ULDHANPUR, DELHI, 110032, IN', 'driver', 0, '', '2', '2017-05-11', '2017-05-11'),
(34, 32, 43, 58, 242, 243, 'S P ASSOCIATE, 1/11959 ULDHANPUR, DELHI, 110032, IN', 'S P ASSOCIATE, 1/11959 ULDHANPUR, DELHI, 110032, IN', 'driver', 0, '', '2', '2017-05-12', '2017-05-12'),
(35, 33, 43, 59, 242, 243, 'S P ASSOCIATE, 1/11959 ULDHANPUR, DELHI, 110032, IN', 'S P ASSOCIATE, 1/11959 ULDHANPUR, DELHI, 110032, IN', 'driver', 0, '', '1', '2017-05-12', '2017-05-12'),
(36, 35, 44, 61, 1, 102, '', '', 'driver', 0, '', '1', '2017-05-15', '2017-05-15'),
(37, 22, 9, 14, 173, 176, 'S P ASSOCIATE, 1/11959 ULDHANPUR, DELHI, 110032, IN', 'S P ASSOCIATE, 1/11959 ULDHANPUR, DELHI, 110032, IN', 'driver', 0, '', '4', '2017-05-17', '2017-05-17'),
(38, 23, 9, 15, 173, 176, 'S P ASSOCIATE, 1/11959 ULDHANPUR, DELHI, 110032, IN', 'S P ASSOCIATE, 1/11959 ULDHANPUR, DELHI, 110032, IN', 'driver', 0, '', '4', '2017-05-17', '2017-05-17');

-- --------------------------------------------------------

--
-- Table structure for table `order_details`
--

CREATE TABLE `order_details` (
  `id` int(11) NOT NULL,
  `order_id` int(11) NOT NULL,
  `party_type` varchar(255) NOT NULL,
  `party_code` varchar(255) NOT NULL,
  `party_name` varchar(255) NOT NULL,
  `address_1` varchar(255) NOT NULL,
  `city_name` varchar(255) NOT NULL,
  `state_or_province_code` varchar(255) NOT NULL,
  `postal_code` varchar(255) NOT NULL,
  `country_code` varchar(255) NOT NULL,
  `created_date` timestamp NOT NULL DEFAULT CURRENT_TIMESTAMP
) ENGINE=InnoDB DEFAULT CHARSET=latin1;

--
-- Dumping data for table `order_details`
--

INSERT INTO `order_details` (`id`, `order_id`, `party_type`, `party_code`, `party_name`, `address_1`, `city_name`, `state_or_province_code`, `postal_code`, `country_code`, `created_date`) VALUES
(1, 1, 'Account', 'GLOCOP01', 'GLOBAL COPIERS', '210-220 RUTHERFORD RD S', 'BRAMPTON', 'ON', 'L6W 3J6', 'CA', '2017-03-30 07:26:09'),
(2, 1, 'Shipper', 'MGMCOP02', 'MGM COPIERS', 'PO BOX 360794', 'MILPITAS', 'CA', '950360000', 'US', '2017-03-30 07:26:09'),
(3, 1, 'Consignee', 'SPAS01', 'S P ASSOCIATE', '1/11959 ULDHANPUR', 'DELHI', '', '110032', 'IN', '2017-03-30 07:26:09'),
(4, 1, 'Notify', 'SAMAS01', 'SAME AS CONSIGNEE', '', '', '', '', 'US', '2017-03-30 07:26:09'),
(5, 1, 'Carrier', 'OOCUS01', 'OOCL (USA) INC.', '10913 S.RIVER FRONT PARKWAY, S', 'SOUTH JORDAN', 'UT', '840950000', 'US', '2017-03-30 07:26:09'),
(6, 1, 'Forwarder', '10', 'SKY 2 C FREIGHT SYSTEMS, INC.', '4221 BUSINESS CENTER DRIVE', 'FREMONT', 'CA', '945380000', 'US', '2017-03-30 07:26:09'),
(7, 2, 'Account', 'GLOCOP01', 'GLOBAL COPIERS', '210-220 RUTHERFORD RD S', 'BRAMPTON', 'ON', 'L6W 3J6', 'CA', '2017-03-30 09:47:36'),
(8, 2, 'Shipper', 'MGMCOP02', 'MGM COPIERS', 'PO BOX 360794', 'MILPITAS', 'CA', '950360000', 'US', '2017-03-30 09:47:36'),
(9, 2, 'Consignee', 'SPAS01', 'S P ASSOCIATE', '1/11959 ULDHANPUR', 'DELHI', '', '110032', 'IN', '2017-03-30 09:47:36'),
(10, 2, 'Notify', 'SAMAS01', 'SAME AS CONSIGNEE', '', '', '', '', 'US', '2017-03-30 09:47:36'),
(11, 2, 'Carrier', 'OOCUS01', 'OOCL (USA) INC.', '10913 S.RIVER FRONT PARKWAY, S', 'SOUTH JORDAN', 'UT', '840950000', 'US', '2017-03-30 09:47:36'),
(12, 2, 'Forwarder', '10', 'SKY 2 C FREIGHT SYSTEMS, INC.', '4221 BUSINESS CENTER DRIVE', 'FREMONT', 'CA', '945380000', 'US', '2017-03-30 09:47:36'),
(13, 3, 'Account', 'GLOCOP01', 'GLOBAL COPIERS', '210-220 RUTHERFORD RD S', 'BRAMPTON', 'ON', 'L6W 3J6', 'CA', '2017-03-30 09:47:41'),
(14, 3, 'Shipper', 'MGMCOP02', 'MGM COPIERS', 'PO BOX 360794', 'MILPITAS', 'CA', '950360000', 'US', '2017-03-30 09:47:41'),
(15, 3, 'Consignee', 'SPAS01', 'S P ASSOCIATE', '1/11959 ULDHANPUR', 'DELHI', '', '110032', 'IN', '2017-03-30 09:47:42'),
(16, 3, 'Notify', 'SAMAS01', 'SAME AS CONSIGNEE', '', '', '', '', 'US', '2017-03-30 09:47:42'),
(17, 3, 'Carrier', 'OOCUS01', 'OOCL (USA) INC.', '10913 S.RIVER FRONT PARKWAY, S', 'SOUTH JORDAN', 'UT', '840950000', 'US', '2017-03-30 09:47:42'),
(18, 3, 'Forwarder', '10', 'SKY 2 C FREIGHT SYSTEMS, INC.', '4221 BUSINESS CENTER DRIVE', 'FREMONT', 'CA', '945380000', 'US', '2017-03-30 09:47:42'),
(19, 4, 'Account', 'GLOCOP01', 'GLOBAL COPIERS', '210-220 RUTHERFORD RD S', 'BRAMPTON', 'ON', 'L6W 3J6', 'CA', '2017-03-30 09:47:46'),
(20, 4, 'Shipper', 'MGMCOP02', 'MGM COPIERS', 'PO BOX 360794', 'MILPITAS', 'CA', '950360000', 'US', '2017-03-30 09:47:46'),
(21, 4, 'Consignee', 'SPAS01', 'S P ASSOCIATE', '1/11959 ULDHANPUR', 'DELHI', '', '110032', 'IN', '2017-03-30 09:47:46'),
(22, 4, 'Notify', 'SAMAS01', 'SAME AS CONSIGNEE', '', '', '', '', 'US', '2017-03-30 09:47:46'),
(23, 4, 'Carrier', 'OOCUS01', 'OOCL (USA) INC.', '10913 S.RIVER FRONT PARKWAY, S', 'SOUTH JORDAN', 'UT', '840950000', 'US', '2017-03-30 09:47:46'),
(24, 4, 'Forwarder', '10', 'SKY 2 C FREIGHT SYSTEMS, INC.', '4221 BUSINESS CENTER DRIVE', 'FREMONT', 'CA', '945380000', 'US', '2017-03-30 09:47:46'),
(25, 5, 'Account', 'GLOCOP01', 'GLOBAL COPIERS', '210-220 RUTHERFORD RD S', 'BRAMPTON', 'ON', 'L6W 3J6', 'CA', '2017-03-30 09:48:09'),
(26, 5, 'Shipper', 'MGMCOP02', 'MGM COPIERS', 'PO BOX 360794', 'MILPITAS', 'CA', '950360000', 'US', '2017-03-30 09:48:09'),
(27, 5, 'Consignee', 'SPAS01', 'S P ASSOCIATE', '1/11959 ULDHANPUR', 'DELHI', '', '110032', 'IN', '2017-03-30 09:48:09'),
(28, 5, 'Notify', 'SAMAS01', 'SAME AS CONSIGNEE', '', '', '', '', 'US', '2017-03-30 09:48:09'),
(29, 5, 'Carrier', 'OOCUS01', 'OOCL (USA) INC.', '10913 S.RIVER FRONT PARKWAY, S', 'SOUTH JORDAN', 'UT', '840950000', 'US', '2017-03-30 09:48:09'),
(30, 5, 'Forwarder', '10', 'SKY 2 C FREIGHT SYSTEMS, INC.', '4221 BUSINESS CENTER DRIVE', 'FREMONT', 'CA', '945380000', 'US', '2017-03-30 09:48:10'),
(31, 6, 'Account', 'GLOCOP01', 'GLOBAL COPIERS', '210-220 RUTHERFORD RD S', 'BRAMPTON', 'ON', 'L6W 3J6', 'CA', '2017-03-30 09:48:14'),
(32, 6, 'Shipper', 'MGMCOP02', 'MGM COPIERS', 'PO BOX 360794', 'MILPITAS', 'CA', '950360000', 'US', '2017-03-30 09:48:14'),
(33, 6, 'Consignee', 'SPAS01', 'S P ASSOCIATE', '1/11959 ULDHANPUR', 'DELHI', '', '110032', 'IN', '2017-03-30 09:48:14'),
(34, 6, 'Notify', 'SAMAS01', 'SAME AS CONSIGNEE', '', '', '', '', 'US', '2017-03-30 09:48:14'),
(35, 6, 'Carrier', 'OOCUS01', 'OOCL (USA) INC.', '10913 S.RIVER FRONT PARKWAY, S', 'SOUTH JORDAN', 'UT', '840950000', 'US', '2017-03-30 09:48:14'),
(36, 6, 'Forwarder', '10', 'SKY 2 C FREIGHT SYSTEMS, INC.', '4221 BUSINESS CENTER DRIVE', 'FREMONT', 'CA', '945380000', 'US', '2017-03-30 09:48:14'),
(37, 7, 'Account', 'GLOCOP01', 'GLOBAL COPIERS', '210-220 RUTHERFORD RD S', 'BRAMPTON', 'ON', 'L6W 3J6', 'CA', '2017-03-30 11:06:28'),
(38, 7, 'Shipper', 'MGMCOP02', 'MGM COPIERS', 'PO BOX 360794', 'MILPITAS', 'CA', '950360000', 'US', '2017-03-30 11:06:28'),
(39, 7, 'Consignee', 'SPAS01', 'S P ASSOCIATE', '1/11959 ULDHANPUR', 'DELHI', '', '110032', 'IN', '2017-03-30 11:06:28'),
(40, 7, 'Notify', 'SAMAS01', 'SAME AS CONSIGNEE', '', '', '', '', 'US', '2017-03-30 11:06:28'),
(41, 7, 'Carrier', 'OOCUS01', 'OOCL (USA) INC.', '10913 S.RIVER FRONT PARKWAY, S', 'SOUTH JORDAN', 'UT', '840950000', 'US', '2017-03-30 11:06:28'),
(42, 7, 'Forwarder', '10', 'SKY 2 C FREIGHT SYSTEMS, INC.', '4221 BUSINESS CENTER DRIVE', 'FREMONT', 'CA', '945380000', 'US', '2017-03-30 11:06:28'),
(43, 8, 'Account', 'GLOCOP01', 'GLOBAL COPIERS', '210-220 RUTHERFORD RD S', 'BRAMPTON', 'ON', 'L6W 3J6', 'CA', '2017-03-30 11:09:50'),
(44, 8, 'Shipper', 'MGMCOP02', 'MGM COPIERS', 'PO BOX 360794', 'MILPITAS', 'CA', '950360000', 'US', '2017-03-30 11:09:51'),
(45, 8, 'Consignee', 'SPAS01', 'S P ASSOCIATE', '1/11959 ULDHANPUR', 'DELHI', '', '110032', 'IN', '2017-03-30 11:09:51'),
(46, 8, 'Notify', 'SAMAS01', 'SAME AS CONSIGNEE', '', '', '', '', 'US', '2017-03-30 11:09:51'),
(47, 8, 'Carrier', 'OOCUS01', 'OOCL (USA) INC.', '10913 S.RIVER FRONT PARKWAY, S', 'SOUTH JORDAN', 'UT', '840950000', 'US', '2017-03-30 11:09:51'),
(48, 8, 'Forwarder', '10', 'SKY 2 C FREIGHT SYSTEMS, INC.', '4221 BUSINESS CENTER DRIVE', 'FREMONT', 'CA', '945380000', 'US', '2017-03-30 11:09:51'),
(49, 9, 'Account', 'GLOCOP01', 'GLOBAL COPIERS', '210-220 RUTHERFORD RD S', 'BRAMPTON', 'ON', 'L6W 3J6', 'CA', '2017-03-31 05:07:18'),
(50, 9, 'Shipper', 'MGMCOP02', 'MGM COPIERS', 'PO BOX 360794', 'MILPITAS', 'CA', '950360000', 'US', '2017-03-31 05:07:18'),
(51, 9, 'Consignee', 'SPAS01', 'S P ASSOCIATE', '1/11959 ULDHANPUR', 'DELHI', '', '110032', 'IN', '2017-03-31 05:07:18'),
(52, 9, 'Notify', 'SAMAS01', 'SAME AS CONSIGNEE', '', '', '', '', 'US', '2017-03-31 05:07:18'),
(53, 9, 'Carrier', 'OOCUS01', 'OOCL (USA) INC.', '10913 S.RIVER FRONT PARKWAY, S', 'SOUTH JORDAN', 'UT', '840950000', 'US', '2017-03-31 05:07:18'),
(54, 9, 'Forwarder', '10', 'SKY 2 C FREIGHT SYSTEMS, INC.', '4221 BUSINESS CENTER DRIVE', 'FREMONT', 'CA', '945380000', 'US', '2017-03-31 05:07:18'),
(55, 10, 'Account', 'GLOCOP01', 'GLOBAL COPIERS', '210-220 RUTHERFORD RD S', 'BRAMPTON', 'ON', 'L6W 3J6', 'CA', '2017-04-04 07:44:09'),
(56, 10, 'Shipper', 'MGMCOP02', 'MGM COPIERS', 'PO BOX 360794', 'MILPITAS', 'CA', '950360000', 'US', '2017-04-04 07:44:09'),
(57, 10, 'Consignee', 'SPAS01', 'S P ASSOCIATE', '1/11959 ULDHANPUR', 'DELHI', '', '110032', 'IN', '2017-04-04 07:44:09'),
(58, 10, 'Notify', 'SAMAS01', 'SAME AS CONSIGNEE', '', '', '', '', 'US', '2017-04-04 07:44:09'),
(59, 10, 'Carrier', 'OOCUS01', 'OOCL (USA) INC.', '10913 S.RIVER FRONT PARKWAY, S', 'SOUTH JORDAN', 'UT', '840950000', 'US', '2017-04-04 07:44:09'),
(60, 10, 'Forwarder', '10', 'SKY 2 C FREIGHT SYSTEMS, INC.', '4221 BUSINESS CENTER DRIVE', 'FREMONT', 'CA', '945380000', 'US', '2017-04-04 07:44:09'),
(61, 11, 'Account', 'GLOCOP01', 'GLOBAL COPIERS', '210-220 RUTHERFORD RD S', 'BRAMPTON', 'ON', 'L6W 3J6', 'CA', '2017-04-04 09:45:37'),
(62, 11, 'Shipper', 'MGMCOP02', 'MGM COPIERS', 'PO BOX 360794', 'MILPITAS', 'CA', '950360000', 'US', '2017-04-04 09:45:37'),
(63, 11, 'Consignee', 'SPAS01', 'S P ASSOCIATE', '1/11959 ULDHANPUR', 'DELHI', '', '110032', 'IN', '2017-04-04 09:45:38'),
(64, 11, 'Notify', 'SAMAS01', 'SAME AS CONSIGNEE', '', '', '', '', 'US', '2017-04-04 09:45:38'),
(65, 11, 'Carrier', 'OOCUS01', 'OOCL (USA) INC.', '10913 S.RIVER FRONT PARKWAY, S', 'SOUTH JORDAN', 'UT', '840950000', 'US', '2017-04-04 09:45:38'),
(66, 11, 'Forwarder', '10', 'SKY 2 C FREIGHT SYSTEMS, INC.', '4221 BUSINESS CENTER DRIVE', 'FREMONT', 'CA', '945380000', 'US', '2017-04-04 09:45:38'),
(67, 12, 'Account', 'GLOCOP01', 'GLOBAL COPIERS', '210-220 RUTHERFORD RD S', 'BRAMPTON', 'ON', 'L6W 3J6', 'CA', '2017-04-05 05:20:40'),
(68, 12, 'Shipper', 'MGMCOP02', 'MGM COPIERS', 'PO BOX 360794', 'MILPITAS', 'CA', '950360000', 'US', '2017-04-05 05:20:40'),
(69, 12, 'Consignee', 'SPAS01', 'S P ASSOCIATE', '1/11959 ULDHANPUR', 'DELHI', '', '110032', 'IN', '2017-04-05 05:20:40'),
(70, 12, 'Notify', 'SAMAS01', 'SAME AS CONSIGNEE', '', '', '', '', 'US', '2017-04-05 05:20:40'),
(71, 12, 'Carrier', 'OOCUS01', 'OOCL (USA) INC.', '10913 S.RIVER FRONT PARKWAY, S', 'SOUTH JORDAN', 'UT', '840950000', 'US', '2017-04-05 05:20:40'),
(72, 12, 'Forwarder', '10', 'SKY 2 C FREIGHT SYSTEMS, INC.', '4221 BUSINESS CENTER DRIVE', 'FREMONT', 'CA', '945380000', 'US', '2017-04-05 05:20:40'),
(73, 13, 'Account', 'GLOCOP01', 'GLOBAL COPIERS', '210-220 RUTHERFORD RD S', 'BRAMPTON', 'ON', 'L6W 3J6', 'CA', '2017-04-05 08:58:46'),
(74, 13, 'Shipper', 'MGMCOP02', 'MGM COPIERS', 'PO BOX 360794', 'MILPITAS', 'CA', '950360000', 'US', '2017-04-05 08:58:46'),
(75, 13, 'Consignee', 'SPAS01', 'S P ASSOCIATE', '1/11959 ULDHANPUR', 'DELHI', '', '110032', 'IN', '2017-04-05 08:58:47'),
(76, 13, 'Notify', 'SAMAS01', 'SAME AS CONSIGNEE', '', '', '', '', 'US', '2017-04-05 08:58:47'),
(77, 13, 'Carrier', 'OOCUS01', 'OOCL (USA) INC.', '10913 S.RIVER FRONT PARKWAY, S', 'SOUTH JORDAN', 'UT', '840950000', 'US', '2017-04-05 08:58:47'),
(78, 13, 'Forwarder', '10', 'SKY 2 C FREIGHT SYSTEMS, INC.', '4221 BUSINESS CENTER DRIVE', 'FREMONT', 'CA', '945380000', 'US', '2017-04-05 08:58:47'),
(79, 14, 'Account', 'GLOCOP01', 'GLOBAL COPIERS', '210-220 RUTHERFORD RD S', 'BRAMPTON', 'ON', 'L6W 3J6', 'CA', '2017-04-05 08:59:42'),
(80, 14, 'Shipper', 'MGMCOP02', 'MGM COPIERS', 'PO BOX 360794', 'MILPITAS', 'CA', '950360000', 'US', '2017-04-05 08:59:42'),
(81, 14, 'Consignee', 'SPAS01', 'S P ASSOCIATE', '1/11959 ULDHANPUR', 'DELHI', '', '110032', 'IN', '2017-04-05 08:59:42'),
(82, 14, 'Notify', 'SAMAS01', 'SAME AS CONSIGNEE', '', '', '', '', 'US', '2017-04-05 08:59:43'),
(83, 14, 'Carrier', 'OOCUS01', 'OOCL (USA) INC.', '10913 S.RIVER FRONT PARKWAY, S', 'SOUTH JORDAN', 'UT', '840950000', 'US', '2017-04-05 08:59:43'),
(84, 14, 'Forwarder', '10', 'SKY 2 C FREIGHT SYSTEMS, INC.', '4221 BUSINESS CENTER DRIVE', 'FREMONT', 'CA', '945380000', 'US', '2017-04-05 08:59:43'),
(85, 15, 'Account', 'GLOCOP01', 'GLOBAL COPIERS', '210-220 RUTHERFORD RD S', 'BRAMPTON', 'ON', 'L6W 3J6', 'CA', '2017-04-05 09:00:03'),
(86, 15, 'Shipper', 'MGMCOP02', 'MGM COPIERS', 'PO BOX 360794', 'MILPITAS', 'CA', '950360000', 'US', '2017-04-05 09:00:03'),
(87, 15, 'Consignee', 'SPAS01', 'S P ASSOCIATE', '1/11959 ULDHANPUR', 'DELHI', '', '110032', 'IN', '2017-04-05 09:00:03'),
(88, 15, 'Notify', 'SAMAS01', 'SAME AS CONSIGNEE', '', '', '', '', 'US', '2017-04-05 09:00:03'),
(89, 15, 'Carrier', 'OOCUS01', 'OOCL (USA) INC.', '10913 S.RIVER FRONT PARKWAY, S', 'SOUTH JORDAN', 'UT', '840950000', 'US', '2017-04-05 09:00:03'),
(90, 15, 'Forwarder', '10', 'SKY 2 C FREIGHT SYSTEMS, INC.', '4221 BUSINESS CENTER DRIVE', 'FREMONT', 'CA', '945380000', 'US', '2017-04-05 09:00:03'),
(91, 16, 'Account', 'GLOCOP01', 'GLOBAL COPIERS', '210-220 RUTHERFORD RD S', 'BRAMPTON', 'ON', 'L6W 3J6', 'CA', '2017-04-05 09:07:45'),
(92, 16, 'Shipper', 'MGMCOP02', 'MGM COPIERS', 'PO BOX 360794', 'MILPITAS', 'CA', '950360000', 'US', '2017-04-05 09:07:45'),
(93, 16, 'Consignee', 'SPAS01', 'S P ASSOCIATE', '1/11959 ULDHANPUR', 'DELHI', '', '110032', 'IN', '2017-04-05 09:07:45'),
(94, 16, 'Notify', 'SAMAS01', 'SAME AS CONSIGNEE', '', '', '', '', 'US', '2017-04-05 09:07:45'),
(95, 16, 'Carrier', 'OOCUS01', 'OOCL (USA) INC.', '10913 S.RIVER FRONT PARKWAY, S', 'SOUTH JORDAN', 'UT', '840950000', 'US', '2017-04-05 09:07:45'),
(96, 16, 'Forwarder', '10', 'SKY 2 C FREIGHT SYSTEMS, INC.', '4221 BUSINESS CENTER DRIVE', 'FREMONT', 'CA', '945380000', 'US', '2017-04-05 09:07:45'),
(97, 17, 'Account', 'GLOCOP01', 'GLOBAL COPIERS', '210-220 RUTHERFORD RD S', 'BRAMPTON', 'ON', 'L6W 3J6', 'CA', '2017-04-05 09:11:31'),
(98, 17, 'Shipper', 'MGMCOP02', 'MGM COPIERS', 'PO BOX 360794', 'MILPITAS', 'CA', '950360000', 'US', '2017-04-05 09:11:31'),
(99, 17, 'Consignee', 'SPAS01', 'S P ASSOCIATE', '1/11959 ULDHANPUR', 'DELHI', '', '110032', 'IN', '2017-04-05 09:11:31'),
(100, 17, 'Notify', 'SAMAS01', 'SAME AS CONSIGNEE', '', '', '', '', 'US', '2017-04-05 09:11:31'),
(101, 17, 'Carrier', 'OOCUS01', 'OOCL (USA) INC.', '10913 S.RIVER FRONT PARKWAY, S', 'SOUTH JORDAN', 'UT', '840950000', 'US', '2017-04-05 09:11:31'),
(102, 17, 'Forwarder', '10', 'SKY 2 C FREIGHT SYSTEMS, INC.', '4221 BUSINESS CENTER DRIVE', 'FREMONT', 'CA', '945380000', 'US', '2017-04-05 09:11:31'),
(103, 18, 'Account', 'GLOCOP01', 'GLOBAL COPIERS', '210-220 RUTHERFORD RD S', 'BRAMPTON', 'ON', 'L6W 3J6', 'CA', '2017-04-06 03:51:44'),
(104, 18, 'Shipper', 'MGMCOP02', 'MGM COPIERS', 'PO BOX 360794', 'MILPITAS', 'CA', '950360000', 'US', '2017-04-06 03:51:44'),
(105, 18, 'Consignee', 'SPAS01', 'S P ASSOCIATE', '1/11959 ULDHANPUR', 'DELHI', '', '110032', 'IN', '2017-04-06 03:51:44'),
(106, 18, 'Notify', 'SAMAS01', 'SAME AS CONSIGNEE', '', '', '', '', 'US', '2017-04-06 03:51:44'),
(107, 18, 'Carrier', 'OOCUS01', 'OOCL (USA) INC.', '10913 S.RIVER FRONT PARKWAY, S', 'SOUTH JORDAN', 'UT', '840950000', 'US', '2017-04-06 03:51:44'),
(108, 18, 'Forwarder', '10', 'SKY 2 C FREIGHT SYSTEMS, INC.', '4221 BUSINESS CENTER DRIVE', 'FREMONT', 'CA', '945380000', 'US', '2017-04-06 03:51:44'),
(109, 19, 'Account', 'GLOCOP01', 'GLOBAL COPIERS', '210-220 RUTHERFORD RD S', 'BRAMPTON', 'ON', 'L6W 3J6', 'CA', '2017-04-06 03:52:35'),
(110, 19, 'Shipper', 'MGMCOP02', 'MGM COPIERS', 'PO BOX 360794', 'MILPITAS', 'CA', '950360000', 'US', '2017-04-06 03:52:35'),
(111, 19, 'Consignee', 'SPAS01', 'S P ASSOCIATE', '1/11959 ULDHANPUR', 'DELHI', '', '110032', 'IN', '2017-04-06 03:52:35'),
(112, 19, 'Notify', 'SAMAS01', 'SAME AS CONSIGNEE', '', '', '', '', 'US', '2017-04-06 03:52:35'),
(113, 19, 'Carrier', 'OOCUS01', 'OOCL (USA) INC.', '10913 S.RIVER FRONT PARKWAY, S', 'SOUTH JORDAN', 'UT', '840950000', 'US', '2017-04-06 03:52:35'),
(114, 19, 'Forwarder', '10', 'SKY 2 C FREIGHT SYSTEMS, INC.', '4221 BUSINESS CENTER DRIVE', 'FREMONT', 'CA', '945380000', 'US', '2017-04-06 03:52:35'),
(115, 20, 'Account', 'GLOCOP01', 'GLOBAL COPIERS', '210-220 RUTHERFORD RD S', 'BRAMPTON', 'ON', 'L6W 3J6', 'CA', '2017-04-06 03:52:55'),
(116, 20, 'Shipper', 'MGMCOP02', 'MGM COPIERS', 'PO BOX 360794', 'MILPITAS', 'CA', '950360000', 'US', '2017-04-06 03:52:55'),
(117, 20, 'Consignee', 'SPAS01', 'S P ASSOCIATE', '1/11959 ULDHANPUR', 'DELHI', '', '110032', 'IN', '2017-04-06 03:52:55'),
(118, 20, 'Notify', 'SAMAS01', 'SAME AS CONSIGNEE', '', '', '', '', 'US', '2017-04-06 03:52:55'),
(119, 20, 'Carrier', 'OOCUS01', 'OOCL (USA) INC.', '10913 S.RIVER FRONT PARKWAY, S', 'SOUTH JORDAN', 'UT', '840950000', 'US', '2017-04-06 03:52:55'),
(120, 20, 'Forwarder', '10', 'SKY 2 C FREIGHT SYSTEMS, INC.', '4221 BUSINESS CENTER DRIVE', 'FREMONT', 'CA', '945380000', 'US', '2017-04-06 03:52:55'),
(121, 21, 'Account', 'GLOCOP01', 'GLOBAL COPIERS', '210-220 RUTHERFORD RD S', 'BRAMPTON', 'ON', 'L6W 3J6', 'CA', '2017-04-06 03:53:15'),
(122, 21, 'Shipper', 'MGMCOP02', 'MGM COPIERS', 'PO BOX 360794', 'MILPITAS', 'CA', '950360000', 'US', '2017-04-06 03:53:15'),
(123, 21, 'Consignee', 'SPAS01', 'S P ASSOCIATE', '1/11959 ULDHANPUR', 'DELHI', '', '110032', 'IN', '2017-04-06 03:53:15'),
(124, 21, 'Notify', 'SAMAS01', 'SAME AS CONSIGNEE', '', '', '', '', 'US', '2017-04-06 03:53:15'),
(125, 21, 'Carrier', 'OOCUS01', 'OOCL (USA) INC.', '10913 S.RIVER FRONT PARKWAY, S', 'SOUTH JORDAN', 'UT', '840950000', 'US', '2017-04-06 03:53:15'),
(126, 21, 'Forwarder', '10', 'SKY 2 C FREIGHT SYSTEMS, INC.', '4221 BUSINESS CENTER DRIVE', 'FREMONT', 'CA', '945380000', 'US', '2017-04-06 03:53:15'),
(127, 22, 'Account', 'GLOCOP01', 'GLOBAL COPIERS', '210-220 RUTHERFORD RD S', 'BRAMPTON', 'ON', 'L6W 3J6', 'CA', '2017-04-06 03:53:29'),
(128, 22, 'Shipper', 'MGMCOP02', 'MGM COPIERS', 'PO BOX 360794', 'MILPITAS', 'CA', '950360000', 'US', '2017-04-06 03:53:29'),
(129, 22, 'Consignee', 'SPAS01', 'S P ASSOCIATE', '1/11959 ULDHANPUR', 'DELHI', '', '110032', 'IN', '2017-04-06 03:53:30'),
(130, 22, 'Notify', 'SAMAS01', 'SAME AS CONSIGNEE', '', '', '', '', 'US', '2017-04-06 03:53:30'),
(131, 22, 'Carrier', 'OOCUS01', 'OOCL (USA) INC.', '10913 S.RIVER FRONT PARKWAY, S', 'SOUTH JORDAN', 'UT', '840950000', 'US', '2017-04-06 03:53:30'),
(132, 22, 'Forwarder', '10', 'SKY 2 C FREIGHT SYSTEMS, INC.', '4221 BUSINESS CENTER DRIVE', 'FREMONT', 'CA', '945380000', 'US', '2017-04-06 03:53:30'),
(133, 23, 'Account', 'GLOCOP01', 'GLOBAL COPIERS', '210-220 RUTHERFORD RD S', 'BRAMPTON', 'ON', 'L6W 3J6', 'CA', '2017-04-06 03:53:48'),
(134, 23, 'Shipper', 'MGMCOP02', 'MGM COPIERS', 'PO BOX 360794', 'MILPITAS', 'CA', '950360000', 'US', '2017-04-06 03:53:48'),
(135, 23, 'Consignee', 'SPAS01', 'S P ASSOCIATE', '1/11959 ULDHANPUR', 'DELHI', '', '110032', 'IN', '2017-04-06 03:53:48'),
(136, 23, 'Notify', 'SAMAS01', 'SAME AS CONSIGNEE', '', '', '', '', 'US', '2017-04-06 03:53:48'),
(137, 23, 'Carrier', 'OOCUS01', 'OOCL (USA) INC.', '10913 S.RIVER FRONT PARKWAY, S', 'SOUTH JORDAN', 'UT', '840950000', 'US', '2017-04-06 03:53:48'),
(138, 23, 'Forwarder', '10', 'SKY 2 C FREIGHT SYSTEMS, INC.', '4221 BUSINESS CENTER DRIVE', 'FREMONT', 'CA', '945380000', 'US', '2017-04-06 03:53:48'),
(139, 24, 'Account', 'GLOCOP01', 'GLOBAL COPIERS', '210-220 RUTHERFORD RD S', 'BRAMPTON', 'ON', 'L6W 3J6', 'CA', '2017-04-06 03:54:04'),
(140, 24, 'Shipper', 'MGMCOP02', 'MGM COPIERS', 'PO BOX 360794', 'MILPITAS', 'CA', '950360000', 'US', '2017-04-06 03:54:04'),
(141, 24, 'Consignee', 'SPAS01', 'S P ASSOCIATE', '1/11959 ULDHANPUR', 'DELHI', '', '110032', 'IN', '2017-04-06 03:54:04'),
(142, 24, 'Notify', 'SAMAS01', 'SAME AS CONSIGNEE', '', '', '', '', 'US', '2017-04-06 03:54:04'),
(143, 24, 'Carrier', 'OOCUS01', 'OOCL (USA) INC.', '10913 S.RIVER FRONT PARKWAY, S', 'SOUTH JORDAN', 'UT', '840950000', 'US', '2017-04-06 03:54:04'),
(144, 24, 'Forwarder', '10', 'SKY 2 C FREIGHT SYSTEMS, INC.', '4221 BUSINESS CENTER DRIVE', 'FREMONT', 'CA', '945380000', 'US', '2017-04-06 03:54:04'),
(145, 25, 'Account', 'GLOCOP01', 'GLOBAL COPIERS', '210-220 RUTHERFORD RD S', 'BRAMPTON', 'ON', 'L6W 3J6', 'CA', '2017-04-06 03:54:20'),
(146, 25, 'Shipper', 'MGMCOP02', 'MGM COPIERS', 'PO BOX 360794', 'MILPITAS', 'CA', '950360000', 'US', '2017-04-06 03:54:20'),
(147, 25, 'Consignee', 'SPAS01', 'S P ASSOCIATE', '1/11959 ULDHANPUR', 'DELHI', '', '110032', 'IN', '2017-04-06 03:54:20'),
(148, 25, 'Notify', 'SAMAS01', 'SAME AS CONSIGNEE', '', '', '', '', 'US', '2017-04-06 03:54:20'),
(149, 25, 'Carrier', 'OOCUS01', 'OOCL (USA) INC.', '10913 S.RIVER FRONT PARKWAY, S', 'SOUTH JORDAN', 'UT', '840950000', 'US', '2017-04-06 03:54:20'),
(150, 25, 'Forwarder', '10', 'SKY 2 C FREIGHT SYSTEMS, INC.', '4221 BUSINESS CENTER DRIVE', 'FREMONT', 'CA', '945380000', 'US', '2017-04-06 03:54:20'),
(151, 26, 'Account', 'GLOCOP01', 'GLOBAL COPIERS', '210-220 RUTHERFORD RD S', 'BRAMPTON', 'ON', 'L6W 3J6', 'CA', '2017-04-06 03:54:32'),
(152, 26, 'Shipper', 'MGMCOP02', 'MGM COPIERS', 'PO BOX 360794', 'MILPITAS', 'CA', '950360000', 'US', '2017-04-06 03:54:32'),
(153, 26, 'Consignee', 'SPAS01', 'S P ASSOCIATE', '1/11959 ULDHANPUR', 'DELHI', '', '110032', 'IN', '2017-04-06 03:54:32'),
(154, 26, 'Notify', 'SAMAS01', 'SAME AS CONSIGNEE', '', '', '', '', 'US', '2017-04-06 03:54:32'),
(155, 26, 'Carrier', 'OOCUS01', 'OOCL (USA) INC.', '10913 S.RIVER FRONT PARKWAY, S', 'SOUTH JORDAN', 'UT', '840950000', 'US', '2017-04-06 03:54:32'),
(156, 26, 'Forwarder', '10', 'SKY 2 C FREIGHT SYSTEMS, INC.', '4221 BUSINESS CENTER DRIVE', 'FREMONT', 'CA', '945380000', 'US', '2017-04-06 03:54:32'),
(157, 27, 'Account', 'GLOCOP01', 'GLOBAL COPIERS', '210-220 RUTHERFORD RD S', 'BRAMPTON', 'ON', 'L6W 3J6', 'CA', '2017-04-06 03:54:44'),
(158, 27, 'Shipper', 'MGMCOP02', 'MGM COPIERS', 'PO BOX 360794', 'MILPITAS', 'CA', '950360000', 'US', '2017-04-06 03:54:44'),
(159, 27, 'Consignee', 'SPAS01', 'S P ASSOCIATE', '1/11959 ULDHANPUR', 'DELHI', '', '110032', 'IN', '2017-04-06 03:54:44'),
(160, 27, 'Notify', 'SAMAS01', 'SAME AS CONSIGNEE', '', '', '', '', 'US', '2017-04-06 03:54:44'),
(161, 27, 'Carrier', 'OOCUS01', 'OOCL (USA) INC.', '10913 S.RIVER FRONT PARKWAY, S', 'SOUTH JORDAN', 'UT', '840950000', 'US', '2017-04-06 03:54:45'),
(162, 27, 'Forwarder', '10', 'SKY 2 C FREIGHT SYSTEMS, INC.', '4221 BUSINESS CENTER DRIVE', 'FREMONT', 'CA', '945380000', 'US', '2017-04-06 03:54:45'),
(163, 28, 'Account', 'GLOCOP01', 'GLOBAL COPIERS', '210-220 RUTHERFORD RD S', 'BRAMPTON', 'ON', 'L6W 3J6', 'CA', '2017-04-06 03:54:59'),
(164, 28, 'Shipper', 'MGMCOP02', 'MGM COPIERS', 'PO BOX 360794', 'MILPITAS', 'CA', '950360000', 'US', '2017-04-06 03:54:59'),
(165, 28, 'Consignee', 'SPAS01', 'S P ASSOCIATE', '1/11959 ULDHANPUR', 'DELHI', '', '110032', 'IN', '2017-04-06 03:54:59'),
(166, 28, 'Notify', 'SAMAS01', 'SAME AS CONSIGNEE', '', '', '', '', 'US', '2017-04-06 03:54:59'),
(167, 28, 'Carrier', 'OOCUS01', 'OOCL (USA) INC.', '10913 S.RIVER FRONT PARKWAY, S', 'SOUTH JORDAN', 'UT', '840950000', 'US', '2017-04-06 03:54:59'),
(168, 28, 'Forwarder', '10', 'SKY 2 C FREIGHT SYSTEMS, INC.', '4221 BUSINESS CENTER DRIVE', 'FREMONT', 'CA', '945380000', 'US', '2017-04-06 03:54:59'),
(169, 29, 'Account', 'GLOCOP01', 'GLOBAL COPIERS', '210-220 RUTHERFORD RD S', 'BRAMPTON', 'ON', 'L6W 3J6', 'CA', '2017-04-06 03:55:13'),
(170, 29, 'Shipper', 'MGMCOP02', 'MGM COPIERS', 'PO BOX 360794', 'MILPITAS', 'CA', '950360000', 'US', '2017-04-06 03:55:13'),
(171, 29, 'Consignee', 'SPAS01', 'S P ASSOCIATE', '1/11959 ULDHANPUR', 'DELHI', '', '110032', 'IN', '2017-04-06 03:55:13'),
(172, 29, 'Notify', 'SAMAS01', 'SAME AS CONSIGNEE', '', '', '', '', 'US', '2017-04-06 03:55:13'),
(173, 29, 'Carrier', 'OOCUS01', 'OOCL (USA) INC.', '10913 S.RIVER FRONT PARKWAY, S', 'SOUTH JORDAN', 'UT', '840950000', 'US', '2017-04-06 03:55:13'),
(174, 29, 'Forwarder', '10', 'SKY 2 C FREIGHT SYSTEMS, INC.', '4221 BUSINESS CENTER DRIVE', 'FREMONT', 'CA', '945380000', 'US', '2017-04-06 03:55:13'),
(175, 30, 'Account', 'GLOCOP01', 'GLOBAL COPIERS', '210-220 RUTHERFORD RD S', 'BRAMPTON', 'ON', 'L6W 3J6', 'CA', '2017-04-06 03:55:26'),
(176, 30, 'Shipper', 'MGMCOP02', 'MGM COPIERS', 'PO BOX 360794', 'MILPITAS', 'CA', '950360000', 'US', '2017-04-06 03:55:26'),
(177, 30, 'Consignee', 'SPAS01', 'S P ASSOCIATE', '1/11959 ULDHANPUR', 'DELHI', '', '110032', 'IN', '2017-04-06 03:55:26'),
(178, 30, 'Notify', 'SAMAS01', 'SAME AS CONSIGNEE', '', '', '', '', 'US', '2017-04-06 03:55:26'),
(179, 30, 'Carrier', 'OOCUS01', 'OOCL (USA) INC.', '10913 S.RIVER FRONT PARKWAY, S', 'SOUTH JORDAN', 'UT', '840950000', 'US', '2017-04-06 03:55:26'),
(180, 30, 'Forwarder', '10', 'SKY 2 C FREIGHT SYSTEMS, INC.', '4221 BUSINESS CENTER DRIVE', 'FREMONT', 'CA', '945380000', 'US', '2017-04-06 03:55:26'),
(181, 31, 'Account', 'GLOCOP01', 'GLOBAL COPIERS', '210-220 RUTHERFORD RD S', 'BRAMPTON', 'ON', 'L6W 3J6', 'CA', '2017-04-06 03:57:29'),
(182, 31, 'Shipper', 'MGMCOP02', 'MGM COPIERS', 'PO BOX 360794', 'MILPITAS', 'CA', '950360000', 'US', '2017-04-06 03:57:29'),
(183, 31, 'Consignee', 'SPAS01', 'S P ASSOCIATE', '1/11959 ULDHANPUR', 'DELHI', '', '110032', 'IN', '2017-04-06 03:57:29'),
(184, 31, 'Notify', 'SAMAS01', 'SAME AS CONSIGNEE', '', '', '', '', 'US', '2017-04-06 03:57:29'),
(185, 31, 'Carrier', 'OOCUS01', 'OOCL (USA) INC.', '10913 S.RIVER FRONT PARKWAY, S', 'SOUTH JORDAN', 'UT', '840950000', 'US', '2017-04-06 03:57:29'),
(186, 31, 'Forwarder', '10', 'SKY 2 C FREIGHT SYSTEMS, INC.', '4221 BUSINESS CENTER DRIVE', 'FREMONT', 'CA', '945380000', 'US', '2017-04-06 03:57:29'),
(187, 32, 'Account', 'GLOCOP01', 'GLOBAL COPIERS', '210-220 RUTHERFORD RD S', 'BRAMPTON', 'ON', 'L6W 3J6', 'CA', '2017-04-06 03:57:42'),
(188, 32, 'Shipper', 'MGMCOP02', 'MGM COPIERS', 'PO BOX 360794', 'MILPITAS', 'CA', '950360000', 'US', '2017-04-06 03:57:42'),
(189, 32, 'Consignee', 'SPAS01', 'S P ASSOCIATE', '1/11959 ULDHANPUR', 'DELHI', '', '110032', 'IN', '2017-04-06 03:57:42'),
(190, 32, 'Notify', 'SAMAS01', 'SAME AS CONSIGNEE', '', '', '', '', 'US', '2017-04-06 03:57:42'),
(191, 32, 'Carrier', 'OOCUS01', 'OOCL (USA) INC.', '10913 S.RIVER FRONT PARKWAY, S', 'SOUTH JORDAN', 'UT', '840950000', 'US', '2017-04-06 03:57:42'),
(192, 32, 'Forwarder', '10', 'SKY 2 C FREIGHT SYSTEMS, INC.', '4221 BUSINESS CENTER DRIVE', 'FREMONT', 'CA', '945380000', 'US', '2017-04-06 03:57:42'),
(193, 33, 'Account', 'GLOCOP01', 'GLOBAL COPIERS', '210-220 RUTHERFORD RD S', 'BRAMPTON', 'ON', 'L6W 3J6', 'CA', '2017-04-06 03:57:54'),
(194, 33, 'Shipper', 'MGMCOP02', 'MGM COPIERS', 'PO BOX 360794', 'MILPITAS', 'CA', '950360000', 'US', '2017-04-06 03:57:54'),
(195, 33, 'Consignee', 'SPAS01', 'S P ASSOCIATE', '1/11959 ULDHANPUR', 'DELHI', '', '110032', 'IN', '2017-04-06 03:57:54'),
(196, 33, 'Notify', 'SAMAS01', 'SAME AS CONSIGNEE', '', '', '', '', 'US', '2017-04-06 03:57:54'),
(197, 33, 'Carrier', 'OOCUS01', 'OOCL (USA) INC.', '10913 S.RIVER FRONT PARKWAY, S', 'SOUTH JORDAN', 'UT', '840950000', 'US', '2017-04-06 03:57:54'),
(198, 33, 'Forwarder', '10', 'SKY 2 C FREIGHT SYSTEMS, INC.', '4221 BUSINESS CENTER DRIVE', 'FREMONT', 'CA', '945380000', 'US', '2017-04-06 03:57:54'),
(199, 34, 'Account', 'GLOCOP01', 'GLOBAL COPIERS', '210-220 RUTHERFORD RD S', 'BRAMPTON', 'ON', 'L6W 3J6', 'CA', '2017-04-06 03:58:14'),
(200, 34, 'Shipper', 'MGMCOP02', 'MGM COPIERS', 'PO BOX 360794', 'MILPITAS', 'CA', '950360000', 'US', '2017-04-06 03:58:14'),
(201, 34, 'Consignee', 'SPAS01', 'S P ASSOCIATE', '1/11959 ULDHANPUR', 'DELHI', '', '110032', 'IN', '2017-04-06 03:58:14'),
(202, 34, 'Notify', 'SAMAS01', 'SAME AS CONSIGNEE', '', '', '', '', 'US', '2017-04-06 03:58:14'),
(203, 34, 'Carrier', 'OOCUS01', 'OOCL (USA) INC.', '10913 S.RIVER FRONT PARKWAY, S', 'SOUTH JORDAN', 'UT', '840950000', 'US', '2017-04-06 03:58:14'),
(204, 34, 'Forwarder', '10', 'SKY 2 C FREIGHT SYSTEMS, INC.', '4221 BUSINESS CENTER DRIVE', 'FREMONT', 'CA', '945380000', 'US', '2017-04-06 03:58:14'),
(205, 35, 'Account', 'GLOCOP01', 'GLOBAL COPIERS', '210-220 RUTHERFORD RD S', 'BRAMPTON', 'ON', 'L6W 3J6', 'CA', '2017-04-06 03:58:26'),
(206, 35, 'Shipper', 'MGMCOP02', 'MGM COPIERS', 'PO BOX 360794', 'MILPITAS', 'CA', '950360000', 'US', '2017-04-06 03:58:26'),
(207, 35, 'Consignee', 'SPAS01', 'S P ASSOCIATE', '1/11959 ULDHANPUR', 'DELHI', '', '110032', 'IN', '2017-04-06 03:58:26'),
(208, 35, 'Notify', 'SAMAS01', 'SAME AS CONSIGNEE', '', '', '', '', 'US', '2017-04-06 03:58:26'),
(209, 35, 'Carrier', 'OOCUS01', 'OOCL (USA) INC.', '10913 S.RIVER FRONT PARKWAY, S', 'SOUTH JORDAN', 'UT', '840950000', 'US', '2017-04-06 03:58:26'),
(210, 35, 'Forwarder', '10', 'SKY 2 C FREIGHT SYSTEMS, INC.', '4221 BUSINESS CENTER DRIVE', 'FREMONT', 'CA', '945380000', 'US', '2017-04-06 03:58:26'),
(211, 36, 'Account', 'GLOCOP01', 'GLOBAL COPIERS', '210-220 RUTHERFORD RD S', 'BRAMPTON', 'ON', 'L6W 3J6', 'CA', '2017-04-06 03:59:36'),
(212, 36, 'Shipper', 'MGMCOP02', 'MGM COPIERS', 'PO BOX 360794', 'MILPITAS', 'CA', '950360000', 'US', '2017-04-06 03:59:36'),
(213, 36, 'Consignee', 'SPAS01', 'S P ASSOCIATE', '1/11959 ULDHANPUR', 'DELHI', '', '110032', 'IN', '2017-04-06 03:59:37'),
(214, 36, 'Notify', 'SAMAS01', 'SAME AS CONSIGNEE', '', '', '', '', 'US', '2017-04-06 03:59:37'),
(215, 36, 'Carrier', 'OOCUS01', 'OOCL (USA) INC.', '10913 S.RIVER FRONT PARKWAY, S', 'SOUTH JORDAN', 'UT', '840950000', 'US', '2017-04-06 03:59:37'),
(216, 36, 'Forwarder', '10', 'SKY 2 C FREIGHT SYSTEMS, INC.', '4221 BUSINESS CENTER DRIVE', 'FREMONT', 'CA', '945380000', 'US', '2017-04-06 03:59:37'),
(217, 37, 'Account', 'GLOCOP01', 'GLOBAL COPIERS', '210-220 RUTHERFORD RD S', 'BRAMPTON', 'ON', 'L6W 3J6', 'CA', '2017-04-06 03:59:47'),
(218, 37, 'Shipper', 'MGMCOP02', 'MGM COPIERS', 'PO BOX 360794', 'MILPITAS', 'CA', '950360000', 'US', '2017-04-06 03:59:47'),
(219, 37, 'Consignee', 'SPAS01', 'S P ASSOCIATE', '1/11959 ULDHANPUR', 'DELHI', '', '110032', 'IN', '2017-04-06 03:59:47'),
(220, 37, 'Notify', 'SAMAS01', 'SAME AS CONSIGNEE', '', '', '', '', 'US', '2017-04-06 03:59:47'),
(221, 37, 'Carrier', 'OOCUS01', 'OOCL (USA) INC.', '10913 S.RIVER FRONT PARKWAY, S', 'SOUTH JORDAN', 'UT', '840950000', 'US', '2017-04-06 03:59:47'),
(222, 37, 'Forwarder', '10', 'SKY 2 C FREIGHT SYSTEMS, INC.', '4221 BUSINESS CENTER DRIVE', 'FREMONT', 'CA', '945380000', 'US', '2017-04-06 03:59:47'),
(223, 38, 'Account', 'GLOCOP01', 'GLOBAL COPIERS', '210-220 RUTHERFORD RD S', 'BRAMPTON', 'ON', 'L6W 3J6', 'CA', '2017-04-06 03:59:58'),
(224, 38, 'Shipper', 'MGMCOP02', 'MGM COPIERS', 'PO BOX 360794', 'MILPITAS', 'CA', '950360000', 'US', '2017-04-06 03:59:58'),
(225, 38, 'Consignee', 'SPAS01', 'S P ASSOCIATE', '1/11959 ULDHANPUR', 'DELHI', '', '110032', 'IN', '2017-04-06 03:59:59'),
(226, 38, 'Notify', 'SAMAS01', 'SAME AS CONSIGNEE', '', '', '', '', 'US', '2017-04-06 03:59:59'),
(227, 38, 'Carrier', 'OOCUS01', 'OOCL (USA) INC.', '10913 S.RIVER FRONT PARKWAY, S', 'SOUTH JORDAN', 'UT', '840950000', 'US', '2017-04-06 03:59:59'),
(228, 38, 'Forwarder', '10', 'SKY 2 C FREIGHT SYSTEMS, INC.', '4221 BUSINESS CENTER DRIVE', 'FREMONT', 'CA', '945380000', 'US', '2017-04-06 03:59:59'),
(229, 39, 'Account', 'GLOCOP01', 'GLOBAL COPIERS', '210-220 RUTHERFORD RD S', 'BRAMPTON', 'ON', 'L6W 3J6', 'CA', '2017-04-06 04:00:11'),
(230, 39, 'Shipper', 'MGMCOP02', 'MGM COPIERS', 'PO BOX 360794', 'MILPITAS', 'CA', '950360000', 'US', '2017-04-06 04:00:11'),
(231, 39, 'Consignee', 'SPAS01', 'S P ASSOCIATE', '1/11959 ULDHANPUR', 'DELHI', '', '110032', 'IN', '2017-04-06 04:00:12'),
(232, 39, 'Notify', 'SAMAS01', 'SAME AS CONSIGNEE', '', '', '', '', 'US', '2017-04-06 04:00:12'),
(233, 39, 'Carrier', 'OOCUS01', 'OOCL (USA) INC.', '10913 S.RIVER FRONT PARKWAY, S', 'SOUTH JORDAN', 'UT', '840950000', 'US', '2017-04-06 04:00:12'),
(234, 39, 'Forwarder', '10', 'SKY 2 C FREIGHT SYSTEMS, INC.', '4221 BUSINESS CENTER DRIVE', 'FREMONT', 'CA', '945380000', 'US', '2017-04-06 04:00:12'),
(235, 40, 'Account', 'GLOCOP01', 'GLOBAL COPIERS', '210-220 RUTHERFORD RD S', 'BRAMPTON', 'ON', 'L6W 3J6', 'CA', '2017-04-06 04:00:51'),
(236, 40, 'Shipper', 'MGMCOP02', 'MGM COPIERS', 'PO BOX 360794', 'MILPITAS', 'CA', '950360000', 'US', '2017-04-06 04:00:51'),
(237, 40, 'Consignee', 'SPAS01', 'S P ASSOCIATE', '1/11959 ULDHANPUR', 'DELHI', '', '110032', 'IN', '2017-04-06 04:00:51'),
(238, 40, 'Notify', 'SAMAS01', 'SAME AS CONSIGNEE', '', '', '', '', 'US', '2017-04-06 04:00:51'),
(239, 40, 'Carrier', 'OOCUS01', 'OOCL (USA) INC.', '10913 S.RIVER FRONT PARKWAY, S', 'SOUTH JORDAN', 'UT', '840950000', 'US', '2017-04-06 04:00:51'),
(240, 40, 'Forwarder', '10', 'SKY 2 C FREIGHT SYSTEMS, INC.', '4221 BUSINESS CENTER DRIVE', 'FREMONT', 'CA', '945380000', 'US', '2017-04-06 04:00:51'),
(241, 41, 'Account', 'GLOCOP01', 'GLOBAL COPIERS', '210-220 RUTHERFORD RD S', 'BRAMPTON', 'ON', 'L6W 3J6', 'CA', '2017-04-06 04:01:24'),
(242, 41, 'Shipper', 'MGMCOP02', 'MGM COPIERS', 'PO BOX 360794', 'MILPITAS', 'CA', '950360000', 'US', '2017-04-06 04:01:24'),
(243, 41, 'Consignee', 'SPAS01', 'S P ASSOCIATE', '1/11959 ULDHANPUR', 'DELHI', '', '110032', 'IN', '2017-04-06 04:01:24'),
(244, 41, 'Notify', 'SAMAS01', 'SAME AS CONSIGNEE', '', '', '', '', 'US', '2017-04-06 04:01:24'),
(245, 41, 'Carrier', 'OOCUS01', 'OOCL (USA) INC.', '10913 S.RIVER FRONT PARKWAY, S', 'SOUTH JORDAN', 'UT', '840950000', 'US', '2017-04-06 04:01:24'),
(246, 41, 'Forwarder', '10', 'SKY 2 C FREIGHT SYSTEMS, INC.', '4221 BUSINESS CENTER DRIVE', 'FREMONT', 'CA', '945380000', 'US', '2017-04-06 04:01:24'),
(247, 42, 'Account', 'GLOCOP01', 'GLOBAL COPIERS', '210-220 RUTHERFORD RD S', 'BRAMPTON', 'ON', 'L6W 3J6', 'CA', '2017-04-06 04:02:07'),
(248, 42, 'Shipper', 'MGMCOP02', 'MGM COPIERS', 'PO BOX 360794', 'MILPITAS', 'CA', '950360000', 'US', '2017-04-06 04:02:07'),
(249, 42, 'Consignee', 'SPAS01', 'S P ASSOCIATE', '1/11959 ULDHANPUR', 'DELHI', '', '110032', 'IN', '2017-04-06 04:02:07'),
(250, 42, 'Notify', 'SAMAS01', 'SAME AS CONSIGNEE', '', '', '', '', 'US', '2017-04-06 04:02:07'),
(251, 42, 'Carrier', 'OOCUS01', 'OOCL (USA) INC.', '10913 S.RIVER FRONT PARKWAY, S', 'SOUTH JORDAN', 'UT', '840950000', 'US', '2017-04-06 04:02:07'),
(252, 42, 'Forwarder', '10', 'SKY 2 C FREIGHT SYSTEMS, INC.', '4221 BUSINESS CENTER DRIVE', 'FREMONT', 'CA', '945380000', 'US', '2017-04-06 04:02:07'),
(253, 43, 'Account', 'GLOCOP01', 'GLOBAL COPIERS', '210-220 RUTHERFORD RD S', 'BRAMPTON', 'ON', 'L6W 3J6', 'CA', '2017-04-06 04:03:19'),
(254, 43, 'Shipper', 'MGMCOP02', 'MGM COPIERS', 'PO BOX 360794', 'MILPITAS', 'CA', '950360000', 'US', '2017-04-06 04:03:19'),
(255, 43, 'Consignee', 'SPAS01', 'S P ASSOCIATE', '1/11959 ULDHANPUR', 'DELHI', '', '110032', 'IN', '2017-04-06 04:03:19'),
(256, 43, 'Notify', 'SAMAS01', 'SAME AS CONSIGNEE', '', '', '', '', 'US', '2017-04-06 04:03:19'),
(257, 43, 'Carrier', 'OOCUS01', 'OOCL (USA) INC.', '10913 S.RIVER FRONT PARKWAY, S', 'SOUTH JORDAN', 'UT', '840950000', 'US', '2017-04-06 04:03:19'),
(258, 43, 'Forwarder', '10', 'SKY 2 C FREIGHT SYSTEMS, INC.', '4221 BUSINESS CENTER DRIVE', 'FREMONT', 'CA', '945380000', 'US', '2017-04-06 04:03:19'),
(259, 44, 'Account', 'GLOCOP01', 'GLOBAL COPIERS', '210-220 RUTHERFORD RD S', 'BRAMPTON', 'ON', 'L6W 3J6', 'CA', '2017-04-06 04:03:47'),
(260, 44, 'Shipper', 'MGMCOP02', 'MGM COPIERS', 'PO BOX 360794', 'MILPITAS', 'CA', '950360000', 'US', '2017-04-06 04:03:47'),
(261, 44, 'Consignee', 'SPAS01', 'S P ASSOCIATE', '1/11959 ULDHANPUR', 'DELHI', '', '110032', 'IN', '2017-04-06 04:03:47'),
(262, 44, 'Notify', 'SAMAS01', 'SAME AS CONSIGNEE', '', '', '', '', 'US', '2017-04-06 04:03:47'),
(263, 44, 'Carrier', 'OOCUS01', 'OOCL (USA) INC.', '10913 S.RIVER FRONT PARKWAY, S', 'SOUTH JORDAN', 'UT', '840950000', 'US', '2017-04-06 04:03:47'),
(264, 44, 'Forwarder', '10', 'SKY 2 C FREIGHT SYSTEMS, INC.', '4221 BUSINESS CENTER DRIVE', 'FREMONT', 'CA', '945380000', 'US', '2017-04-06 04:03:47'),
(265, 45, 'Account', 'GLOCOP01', 'GLOBAL COPIERS', '210-220 RUTHERFORD RD S', 'BRAMPTON', 'ON', 'L6W 3J6', 'CA', '2017-04-06 04:05:59'),
(266, 45, 'Shipper', 'MGMCOP02', 'MGM COPIERS', 'PO BOX 360794', 'MILPITAS', 'CA', '950360000', 'US', '2017-04-06 04:05:59'),
(267, 45, 'Consignee', 'SPAS01', 'S P ASSOCIATE', '1/11959 ULDHANPUR', 'DELHI', '', '110032', 'IN', '2017-04-06 04:05:59'),
(268, 45, 'Notify', 'SAMAS01', 'SAME AS CONSIGNEE', '', '', '', '', 'US', '2017-04-06 04:06:00'),
(269, 45, 'Carrier', 'OOCUS01', 'OOCL (USA) INC.', '10913 S.RIVER FRONT PARKWAY, S', 'SOUTH JORDAN', 'UT', '840950000', 'US', '2017-04-06 04:06:00'),
(270, 45, 'Forwarder', '10', 'SKY 2 C FREIGHT SYSTEMS, INC.', '4221 BUSINESS CENTER DRIVE', 'FREMONT', 'CA', '945380000', 'US', '2017-04-06 04:06:00'),
(271, 46, 'Account', 'GLOCOP01', 'GLOBAL COPIERS', '210-220 RUTHERFORD RD S', 'BRAMPTON', 'ON', 'L6W 3J6', 'CA', '2017-04-06 04:08:08'),
(272, 46, 'Shipper', 'MGMCOP02', 'MGM COPIERS', 'PO BOX 360794', 'MILPITAS', 'CA', '950360000', 'US', '2017-04-06 04:08:08'),
(273, 46, 'Consignee', 'SPAS01', 'S P ASSOCIATE', '1/11959 ULDHANPUR', 'DELHI', '', '110032', 'IN', '2017-04-06 04:08:08'),
(274, 46, 'Notify', 'SAMAS01', 'SAME AS CONSIGNEE', '', '', '', '', 'US', '2017-04-06 04:08:08'),
(275, 46, 'Carrier', 'OOCUS01', 'OOCL (USA) INC.', '10913 S.RIVER FRONT PARKWAY, S', 'SOUTH JORDAN', 'UT', '840950000', 'US', '2017-04-06 04:08:08'),
(276, 46, 'Forwarder', '10', 'SKY 2 C FREIGHT SYSTEMS, INC.', '4221 BUSINESS CENTER DRIVE', 'FREMONT', 'CA', '945380000', 'US', '2017-04-06 04:08:08'),
(277, 47, 'Account', 'GLOCOP01', 'GLOBAL COPIERS', '210-220 RUTHERFORD RD S', 'BRAMPTON', 'ON', 'L6W 3J6', 'CA', '2017-04-07 04:28:59'),
(278, 47, 'Shipper', 'MGMCOP02', 'MGM COPIERS', 'PO BOX 360794', 'MILPITAS', 'CA', '950360000', 'US', '2017-04-07 04:28:59'),
(279, 47, 'Consignee', 'SPAS01', 'S P ASSOCIATE', '1/11959 ULDHANPUR', 'DELHI', '', '110032', 'IN', '2017-04-07 04:28:59'),
(280, 47, 'Notify', 'SAMAS01', 'SAME AS CONSIGNEE', '', '', '', '', 'US', '2017-04-07 04:28:59'),
(281, 47, 'Carrier', 'OOCUS01', 'OOCL (USA) INC.', '10913 S.RIVER FRONT PARKWAY, S', 'SOUTH JORDAN', 'UT', '840950000', 'US', '2017-04-07 04:28:59'),
(282, 47, 'Forwarder', '10', 'SKY 2 C FREIGHT SYSTEMS, INC.', '4221 BUSINESS CENTER DRIVE', 'FREMONT', 'CA', '945380000', 'US', '2017-04-07 04:28:59'),
(283, 48, 'Account', 'GLOCOP01', 'GLOBAL COPIERS', '210-220 RUTHERFORD RD S', 'BRAMPTON', 'ON', 'L6W 3J6', 'CA', '2017-04-10 04:07:42'),
(284, 48, 'Shipper', 'MGMCOP02', 'MGM COPIERS', 'PO BOX 360794', 'MILPITAS', 'CA', '950360000', 'US', '2017-04-10 04:07:42'),
(285, 48, 'Consignee', 'SPAS01', 'S P ASSOCIATE', '1/11959 ULDHANPUR', 'DELHI', '', '110032', 'IN', '2017-04-10 04:07:42'),
(286, 48, 'Notify', 'SAMAS01', 'SAME AS CONSIGNEE', '', '', '', '', 'US', '2017-04-10 04:07:42'),
(287, 48, 'Carrier', 'OOCUS01', 'OOCL (USA) INC.', '10913 S.RIVER FRONT PARKWAY, S', 'SOUTH JORDAN', 'UT', '840950000', 'US', '2017-04-10 04:07:43'),
(288, 48, 'Forwarder', '10', 'SKY 2 C FREIGHT SYSTEMS, INC.', '4221 BUSINESS CENTER DRIVE', 'FREMONT', 'CA', '945380000', 'US', '2017-04-10 04:07:43'),
(289, 49, 'Account', 'GLOCOP01', 'GLOBAL COPIERS', '210-220 RUTHERFORD RD S', 'BRAMPTON', 'ON', 'L6W 3J6', 'CA', '2017-04-13 10:33:15'),
(290, 49, 'Shipper', 'MGMCOP02', 'MGM COPIERS', 'PO BOX 360794', 'MILPITAS', 'CA', '950360000', 'US', '2017-04-13 10:33:15'),
(291, 49, 'Consignee', 'SPAS01', 'S P ASSOCIATE', '1/11959 ULDHANPUR', 'DELHI', '', '110032', 'IN', '2017-04-13 10:33:15'),
(292, 49, 'Notify', 'SAMAS01', 'SAME AS CONSIGNEE', '', '', '', '', 'US', '2017-04-13 10:33:15'),
(293, 49, 'Carrier', 'OOCUS01', 'OOCL (USA) INC.', '10913 S.RIVER FRONT PARKWAY, S', 'SOUTH JORDAN', 'UT', '840950000', 'US', '2017-04-13 10:33:15'),
(294, 49, 'Forwarder', '10', 'SKY 2 C FREIGHT SYSTEMS, INC.', '4221 BUSINESS CENTER DRIVE', 'FREMONT', 'CA', '945380000', 'US', '2017-04-13 10:33:15'),
(295, 50, 'Account', 'GLOCOP01', 'GLOBAL COPIERS', '210-220 RUTHERFORD RD S', 'BRAMPTON', 'ON', 'L6W 3J6', 'CA', '2017-05-02 11:58:28'),
(296, 50, 'Shipper', 'MGMCOP02', 'MGM COPIERS', 'PO BOX 360794', 'MILPITAS', 'CA', '950360000', 'US', '2017-05-02 11:58:28'),
(297, 50, 'Consignee', 'SPAS01', 'S P ASSOCIATE', '1/11959 ULDHANPUR', 'DELHI', '', '110032', 'IN', '2017-05-02 11:58:29'),
(298, 50, 'Notify', 'SAMAS01', 'SAME AS CONSIGNEE', '', '', '', '', 'US', '2017-05-02 11:58:29'),
(299, 50, 'Carrier', 'OOCUS01', 'OOCL (USA) INC.', '10913 S.RIVER FRONT PARKWAY, S', 'SOUTH JORDAN', 'UT', '840950000', 'US', '2017-05-02 11:58:29'),
(300, 50, 'Forwarder', '10', 'SKY 2 C FREIGHT SYSTEMS, INC.', '4221 BUSINESS CENTER DRIVE', 'FREMONT', 'CA', '945380000', 'US', '2017-05-02 11:58:29'),
(301, 51, 'Account', 'GLOCOP01', 'GLOBAL COPIERS', '210-220 RUTHERFORD RD S', 'BRAMPTON', 'ON', 'L6W 3J6', 'CA', '2017-05-02 11:58:48'),
(302, 51, 'Shipper', 'MGMCOP02', 'MGM COPIERS', 'PO BOX 360794', 'MILPITAS', 'CA', '950360000', 'US', '2017-05-02 11:58:48'),
(303, 51, 'Consignee', 'SPAS01', 'S P ASSOCIATE', '1/11959 ULDHANPUR', 'DELHI', '', '110032', 'IN', '2017-05-02 11:58:48'),
(304, 51, 'Notify', 'SAMAS01', 'SAME AS CONSIGNEE', '', '', '', '', 'US', '2017-05-02 11:58:48'),
(305, 51, 'Carrier', 'OOCUS01', 'OOCL (USA) INC.', '10913 S.RIVER FRONT PARKWAY, S', 'SOUTH JORDAN', 'UT', '840950000', 'US', '2017-05-02 11:58:48'),
(306, 51, 'Forwarder', '10', 'SKY 2 C FREIGHT SYSTEMS, INC.', '4221 BUSINESS CENTER DRIVE', 'FREMONT', 'CA', '945380000', 'US', '2017-05-02 11:58:48'),
(307, 52, 'Account', 'GLOCOP01', 'GLOBAL COPIERS', '210-220 RUTHERFORD RD S', 'BRAMPTON', 'ON', 'L6W 3J6', 'CA', '2017-05-02 11:58:54'),
(308, 52, 'Shipper', 'MGMCOP02', 'MGM COPIERS', 'PO BOX 360794', 'MILPITAS', 'CA', '950360000', 'US', '2017-05-02 11:58:54'),
(309, 52, 'Consignee', 'SPAS01', 'S P ASSOCIATE', '1/11959 ULDHANPUR', 'DELHI', '', '110032', 'IN', '2017-05-02 11:58:54'),
(310, 52, 'Notify', 'SAMAS01', 'SAME AS CONSIGNEE', '', '', '', '', 'US', '2017-05-02 11:58:55'),
(311, 52, 'Carrier', 'OOCUS01', 'OOCL (USA) INC.', '10913 S.RIVER FRONT PARKWAY, S', 'SOUTH JORDAN', 'UT', '840950000', 'US', '2017-05-02 11:58:55'),
(312, 52, 'Forwarder', '10', 'SKY 2 C FREIGHT SYSTEMS, INC.', '4221 BUSINESS CENTER DRIVE', 'FREMONT', 'CA', '945380000', 'US', '2017-05-02 11:58:55');

-- --------------------------------------------------------

--
-- Table structure for table `order_locations`
--

CREATE TABLE `order_locations` (
  `id` int(11) NOT NULL,
  `order_id` int(11) NOT NULL,
  `location_type` varchar(255) NOT NULL,
  `location_id_qualifier` varchar(255) NOT NULL,
  `location_id` varchar(255) NOT NULL,
  `location_name` varchar(255) NOT NULL,
  `state_or_province_code` varchar(255) NOT NULL,
  `country_code` varchar(255) NOT NULL,
  `created_date` timestamp NOT NULL DEFAULT CURRENT_TIMESTAMP
) ENGINE=InnoDB DEFAULT CHARSET=latin1;

--
-- Dumping data for table `order_locations`
--

INSERT INTO `order_locations` (`id`, `order_id`, `location_type`, `location_id_qualifier`, `location_id`, `location_name`, `state_or_province_code`, `country_code`, `created_date`) VALUES
(1, 1, 'PortOfLoad', 'UN', 'USNYC', 'NEW YORK', 'NY', 'US', '2017-03-30 07:26:09'),
(2, 1, 'PortOfDischarge', 'UN', 'INCCU', 'CALCUTTA', '', 'IN', '2017-03-30 07:26:09'),
(3, 2, 'PortOfLoad', 'UN', 'USNYC', 'NEW YORK', 'NY', 'US', '2017-03-30 09:47:36'),
(4, 2, 'PortOfDischarge', 'UN', 'INCCU', 'CALCUTTA', '', 'IN', '2017-03-30 09:47:37'),
(5, 3, 'PortOfLoad', 'UN', 'USNYC', 'NEW YORK', 'NY', 'US', '2017-03-30 09:47:42'),
(6, 3, 'PortOfDischarge', 'UN', 'INCCU', 'CALCUTTA', '', 'IN', '2017-03-30 09:47:42'),
(7, 4, 'PortOfLoad', 'UN', 'USNYC', 'NEW YORK', 'NY', 'US', '2017-03-30 09:47:46'),
(8, 4, 'PortOfDischarge', 'UN', 'INCCU', 'CALCUTTA', '', 'IN', '2017-03-30 09:47:46'),
(9, 5, 'PortOfLoad', 'UN', 'USNYC', 'NEW YORK', 'NY', 'US', '2017-03-30 09:48:10'),
(10, 5, 'PortOfDischarge', 'UN', 'INCCU', 'CALCUTTA', '', 'IN', '2017-03-30 09:48:10'),
(11, 6, 'PortOfLoad', 'UN', 'USNYC', 'NEW YORK', 'NY', 'US', '2017-03-30 09:48:14'),
(12, 6, 'PortOfDischarge', 'UN', 'INCCU', 'CALCUTTA', '', 'IN', '2017-03-30 09:48:14'),
(13, 7, 'PortOfLoad', 'UN', 'USNYC', 'NEW YORK', 'NY', 'US', '2017-03-30 11:06:28'),
(14, 7, 'PortOfDischarge', 'UN', 'INCCU', 'CALCUTTA', '', 'IN', '2017-03-30 11:06:28'),
(15, 8, 'PortOfLoad', 'UN', 'USNYC', 'NEW YORK', 'NY', 'US', '2017-03-30 11:09:51'),
(16, 8, 'PortOfDischarge', 'UN', 'INCCU', 'CALCUTTA', '', 'IN', '2017-03-30 11:09:51'),
(17, 9, 'PortOfLoad', 'UN', 'USNYC', 'NEW YORK', 'NY', 'US', '2017-03-31 05:07:18'),
(18, 9, 'PortOfDischarge', 'UN', 'INCCU', 'CALCUTTA', '', 'IN', '2017-03-31 05:07:18'),
(19, 10, 'PortOfLoad', 'UN', 'USNYC', 'NEW YORK', 'NY', 'US', '2017-04-04 07:44:09'),
(20, 10, 'PortOfDischarge', 'UN', 'INCCU', 'CALCUTTA', '', 'IN', '2017-04-04 07:44:09'),
(21, 11, 'PortOfLoad', 'UN', 'USNYC', 'NEW YORK', 'NY', 'US', '2017-04-04 09:45:38'),
(22, 11, 'PortOfDischarge', 'UN', 'INCCU', 'CALCUTTA', '', 'IN', '2017-04-04 09:45:38'),
(23, 12, 'PortOfLoad', 'UN', 'USNYC', 'NEW YORK', 'NY', 'US', '2017-04-05 05:20:40'),
(24, 12, 'PortOfDischarge', 'UN', 'INCCU', 'CALCUTTA', '', 'IN', '2017-04-05 05:20:40'),
(25, 13, 'PortOfLoad', 'UN', 'USNYC', 'NEW YORK', 'NY', 'US', '2017-04-05 08:58:47'),
(26, 13, 'PortOfDischarge', 'UN', 'INCCU', 'CALCUTTA', '', 'IN', '2017-04-05 08:58:47'),
(27, 14, 'PortOfLoad', 'UN', 'USNYC', 'NEW YORK', 'NY', 'US', '2017-04-05 08:59:43'),
(28, 14, 'PortOfDischarge', 'UN', 'INCCU', 'CALCUTTA', '', 'IN', '2017-04-05 08:59:43'),
(29, 15, 'PortOfLoad', 'UN', 'USNYC', 'NEW YORK', 'NY', 'US', '2017-04-05 09:00:03'),
(30, 15, 'PortOfDischarge', 'UN', 'INCCU', 'CALCUTTA', '', 'IN', '2017-04-05 09:00:03'),
(31, 16, 'PortOfLoad', 'UN', 'USNYC', 'NEW YORK', 'NY', 'US', '2017-04-05 09:07:45'),
(32, 16, 'PortOfDischarge', 'UN', 'INCCU', 'CALCUTTA', '', 'IN', '2017-04-05 09:07:45'),
(33, 17, 'PortOfLoad', 'UN', 'USNYC', 'NEW YORK', 'NY', 'US', '2017-04-05 09:11:31'),
(34, 17, 'PortOfDischarge', 'UN', 'INCCU', 'CALCUTTA', '', 'IN', '2017-04-05 09:11:31'),
(35, 18, 'PortOfLoad', 'UN', 'USNYC', 'NEW YORK', 'NY', 'US', '2017-04-06 03:51:44'),
(36, 18, 'PortOfDischarge', 'UN', 'INCCU', 'CALCUTTA', '', 'IN', '2017-04-06 03:51:44'),
(37, 19, 'PortOfLoad', 'UN', 'USNYC', 'NEW YORK', 'NY', 'US', '2017-04-06 03:52:35'),
(38, 19, 'PortOfDischarge', 'UN', 'INCCU', 'CALCUTTA', '', 'IN', '2017-04-06 03:52:35'),
(39, 20, 'PortOfLoad', 'UN', 'USNYC', 'NEW YORK', 'NY', 'US', '2017-04-06 03:52:55'),
(40, 20, 'PortOfDischarge', 'UN', 'INCCU', 'CALCUTTA', '', 'IN', '2017-04-06 03:52:55'),
(41, 21, 'PortOfLoad', 'UN', 'USNYC', 'NEW YORK', 'NY', 'US', '2017-04-06 03:53:15'),
(42, 21, 'PortOfDischarge', 'UN', 'INCCU', 'CALCUTTA', '', 'IN', '2017-04-06 03:53:15'),
(43, 22, 'PortOfLoad', 'UN', 'USNYC', 'NEW YORK', 'NY', 'US', '2017-04-06 03:53:30'),
(44, 22, 'PortOfDischarge', 'UN', 'INCCU', 'CALCUTTA', '', 'IN', '2017-04-06 03:53:30'),
(45, 23, 'PortOfLoad', 'UN', 'USNYC', 'NEW YORK', 'NY', 'US', '2017-04-06 03:53:48'),
(46, 23, 'PortOfDischarge', 'UN', 'INCCU', 'CALCUTTA', '', 'IN', '2017-04-06 03:53:48'),
(47, 24, 'PortOfLoad', 'UN', 'USNYC', 'NEW YORK', 'NY', 'US', '2017-04-06 03:54:04'),
(48, 24, 'PortOfDischarge', 'UN', 'INCCU', 'CALCUTTA', '', 'IN', '2017-04-06 03:54:04'),
(49, 25, 'PortOfLoad', 'UN', 'USNYC', 'NEW YORK', 'NY', 'US', '2017-04-06 03:54:20'),
(50, 25, 'PortOfDischarge', 'UN', 'INCCU', 'CALCUTTA', '', 'IN', '2017-04-06 03:54:20'),
(51, 26, 'PortOfLoad', 'UN', 'USNYC', 'NEW YORK', 'NY', 'US', '2017-04-06 03:54:32'),
(52, 26, 'PortOfDischarge', 'UN', 'INCCU', 'CALCUTTA', '', 'IN', '2017-04-06 03:54:32'),
(53, 27, 'PortOfLoad', 'UN', 'USNYC', 'NEW YORK', 'NY', 'US', '2017-04-06 03:54:45'),
(54, 27, 'PortOfDischarge', 'UN', 'INCCU', 'CALCUTTA', '', 'IN', '2017-04-06 03:54:45'),
(55, 28, 'PortOfLoad', 'UN', 'USNYC', 'NEW YORK', 'NY', 'US', '2017-04-06 03:54:59'),
(56, 28, 'PortOfDischarge', 'UN', 'INCCU', 'CALCUTTA', '', 'IN', '2017-04-06 03:54:59'),
(57, 29, 'PortOfLoad', 'UN', 'USNYC', 'NEW YORK', 'NY', 'US', '2017-04-06 03:55:13'),
(58, 29, 'PortOfDischarge', 'UN', 'INCCU', 'CALCUTTA', '', 'IN', '2017-04-06 03:55:13'),
(59, 30, 'PortOfLoad', 'UN', 'USNYC', 'NEW YORK', 'NY', 'US', '2017-04-06 03:55:26'),
(60, 30, 'PortOfDischarge', 'UN', 'INCCU', 'CALCUTTA', '', 'IN', '2017-04-06 03:55:26'),
(61, 31, 'PortOfLoad', 'UN', 'USNYC', 'NEW YORK', 'NY', 'US', '2017-04-06 03:57:29'),
(62, 31, 'PortOfDischarge', 'UN', 'INCCU', 'CALCUTTA', '', 'IN', '2017-04-06 03:57:29'),
(63, 32, 'PortOfLoad', 'UN', 'USNYC', 'NEW YORK', 'NY', 'US', '2017-04-06 03:57:42'),
(64, 32, 'PortOfDischarge', 'UN', 'INCCU', 'CALCUTTA', '', 'IN', '2017-04-06 03:57:42'),
(65, 33, 'PortOfLoad', 'UN', 'USNYC', 'NEW YORK', 'NY', 'US', '2017-04-06 03:57:54'),
(66, 33, 'PortOfDischarge', 'UN', 'INCCU', 'CALCUTTA', '', 'IN', '2017-04-06 03:57:54'),
(67, 34, 'PortOfLoad', 'UN', 'USNYC', 'NEW YORK', 'NY', 'US', '2017-04-06 03:58:14'),
(68, 34, 'PortOfDischarge', 'UN', 'INCCU', 'CALCUTTA', '', 'IN', '2017-04-06 03:58:14'),
(69, 35, 'PortOfLoad', 'UN', 'USNYC', 'NEW YORK', 'NY', 'US', '2017-04-06 03:58:26'),
(70, 35, 'PortOfDischarge', 'UN', 'INCCU', 'CALCUTTA', '', 'IN', '2017-04-06 03:58:26'),
(71, 36, 'PortOfLoad', 'UN', 'USNYC', 'NEW YORK', 'NY', 'US', '2017-04-06 03:59:37'),
(72, 36, 'PortOfDischarge', 'UN', 'INCCU', 'CALCUTTA', '', 'IN', '2017-04-06 03:59:37'),
(73, 37, 'PortOfLoad', 'UN', 'USNYC', 'NEW YORK', 'NY', 'US', '2017-04-06 03:59:47'),
(74, 37, 'PortOfDischarge', 'UN', 'INCCU', 'CALCUTTA', '', 'IN', '2017-04-06 03:59:47'),
(75, 38, 'PortOfLoad', 'UN', 'USNYC', 'NEW YORK', 'NY', 'US', '2017-04-06 03:59:59'),
(76, 38, 'PortOfDischarge', 'UN', 'INCCU', 'CALCUTTA', '', 'IN', '2017-04-06 03:59:59'),
(77, 39, 'PortOfLoad', 'UN', 'USNYC', 'NEW YORK', 'NY', 'US', '2017-04-06 04:00:12'),
(78, 39, 'PortOfDischarge', 'UN', 'INCCU', 'CALCUTTA', '', 'IN', '2017-04-06 04:00:12'),
(79, 40, 'PortOfLoad', 'UN', 'USNYC', 'NEW YORK', 'NY', 'US', '2017-04-06 04:00:51'),
(80, 40, 'PortOfDischarge', 'UN', 'INCCU', 'CALCUTTA', '', 'IN', '2017-04-06 04:00:51'),
(81, 41, 'PortOfLoad', 'UN', 'USNYC', 'NEW YORK', 'NY', 'US', '2017-04-06 04:01:24'),
(82, 41, 'PortOfDischarge', 'UN', 'INCCU', 'CALCUTTA', '', 'IN', '2017-04-06 04:01:24'),
(83, 42, 'PortOfLoad', 'UN', 'USNYC', 'NEW YORK', 'NY', 'US', '2017-04-06 04:02:07'),
(84, 42, 'PortOfDischarge', 'UN', 'INCCU', 'CALCUTTA', '', 'IN', '2017-04-06 04:02:07'),
(85, 43, 'PortOfLoad', 'UN', 'USNYC', 'NEW YORK', 'NY', 'US', '2017-04-06 04:03:19'),
(86, 43, 'PortOfDischarge', 'UN', 'INCCU', 'CALCUTTA', '', 'IN', '2017-04-06 04:03:19'),
(87, 44, 'PortOfLoad', 'UN', 'USNYC', 'NEW YORK', 'NY', 'US', '2017-04-06 04:03:47'),
(88, 44, 'PortOfDischarge', 'UN', 'INCCU', 'CALCUTTA', '', 'IN', '2017-04-06 04:03:47'),
(89, 45, 'PortOfLoad', 'UN', 'USNYC', 'NEW YORK', 'NY', 'US', '2017-04-06 04:06:00'),
(90, 45, 'PortOfDischarge', 'UN', 'INCCU', 'CALCUTTA', '', 'IN', '2017-04-06 04:06:00'),
(91, 46, 'PortOfLoad', 'UN', 'USNYC', 'NEW YORK', 'NY', 'US', '2017-04-06 04:08:08'),
(92, 46, 'PortOfDischarge', 'UN', 'INCCU', 'CALCUTTA', '', 'IN', '2017-04-06 04:08:08'),
(93, 47, 'PortOfLoad', 'UN', 'USNYC', 'NEW YORK', 'NY', 'US', '2017-04-07 04:28:59'),
(94, 47, 'PortOfDischarge', 'UN', 'INCCU', 'CALCUTTA', '', 'IN', '2017-04-07 04:28:59'),
(95, 48, 'PortOfLoad', 'UN', 'USNYC', 'NEW YORK', 'NY', 'US', '2017-04-10 04:07:43'),
(96, 48, 'PortOfDischarge', 'UN', 'INCCU', 'CALCUTTA', '', 'IN', '2017-04-10 04:07:43'),
(97, 49, 'PortOfLoad', 'UN', 'USNYC', 'NEW YORK', 'NY', 'US', '2017-04-13 10:33:15'),
(98, 49, 'PortOfDischarge', 'UN', 'INCCU', 'CALCUTTA', '', 'IN', '2017-04-13 10:33:15'),
(99, 50, 'PortOfLoad', 'UN', 'USNYC', 'NEW YORK', 'NY', 'US', '2017-05-02 11:58:29'),
(100, 50, 'PortOfDischarge', 'UN', 'INCCU', 'CALCUTTA', '', 'IN', '2017-05-02 11:58:29'),
(101, 51, 'PortOfLoad', 'UN', 'USNYC', 'NEW YORK', 'NY', 'US', '2017-05-02 11:58:48'),
(102, 51, 'PortOfDischarge', 'UN', 'INCCU', 'CALCUTTA', '', 'IN', '2017-05-02 11:58:49'),
(103, 52, 'PortOfLoad', 'UN', 'USNYC', 'NEW YORK', 'NY', 'US', '2017-05-02 11:58:55'),
(104, 52, 'PortOfDischarge', 'UN', 'INCCU', 'CALCUTTA', '', 'IN', '2017-05-02 11:58:55');

-- --------------------------------------------------------

--
-- Table structure for table `order_packages`
--

CREATE TABLE `order_packages` (
  `id` int(11) NOT NULL,
  `order_id` int(11) NOT NULL,
  `equipment_initial` varchar(255) NOT NULL,
  `equipment_number` varchar(255) NOT NULL,
  `quantity_shipped` varchar(255) NOT NULL,
  `unit_of_measure` varchar(255) NOT NULL,
  `description` text NOT NULL,
  `gross_weight` varchar(255) NOT NULL,
  `weight_unit` varchar(255) NOT NULL,
  `quantity_packaging_units` varchar(255) NOT NULL,
  `package_number` varchar(255) NOT NULL,
  `package_title` varchar(255) NOT NULL,
  `package_weight` float NOT NULL,
  `status` enum('1','2','3') NOT NULL DEFAULT '1' COMMENT '1=Open, 2=Assigned, 3=Completed',
  `created` timestamp NOT NULL DEFAULT CURRENT_TIMESTAMP ON UPDATE CURRENT_TIMESTAMP,
  `modified` timestamp NOT NULL DEFAULT '0000-00-00 00:00:00'
) ENGINE=InnoDB DEFAULT CHARSET=latin1;

--
-- Dumping data for table `order_packages`
--

INSERT INTO `order_packages` (`id`, `order_id`, `equipment_initial`, `equipment_number`, `quantity_shipped`, `unit_of_measure`, `description`, `gross_weight`, `weight_unit`, `quantity_packaging_units`, `package_number`, `package_title`, `package_weight`, `status`, `created`, `modified`) VALUES
(1, 1, 'TBA:', '1', '120', 'PKG', 'UNITS OF OLD AND USED DIGITAL MULTIFUNCTION DEVICE WITH ACCESSORIES', '38000.00', 'LB', '0', '103000990-01', '45G0', 0, '3', '2017-05-05 05:05:46', '2017-05-05 04:44:13'),
(2, 2, 'TBA:', '1', '120', 'PKG', 'UNITS OF OLD AND USED DIGITAL MULTIFUNCTION DEVICE WITH ACCESSORIES', '38000.00', 'LB', '0', '103000668-03', '45G0', 0, '2', '2017-05-05 09:30:24', '2017-05-05 09:30:24'),
(3, 3, 'TBA:', '1', '120', 'PKG', 'UNITS OF OLD AND USED DIGITAL MULTIFUNCTION DEVICE WITH ACCESSORIES', '38000.00', 'LB', '0', '103000669-01', '45G0', 0, '2', '2017-05-04 07:40:10', '2017-05-04 07:40:10'),
(4, 4, 'TBA:', '1', '120', 'PKG', 'UNITS OF OLD AND USED DIGITAL MULTIFUNCTION DEVICE WITH ACCESSORIES', '38000.00', 'LB', '0', '103000671-01', '45G0', 0, '2', '2017-05-04 07:38:02', '2017-05-04 07:38:02'),
(5, 2, 'TBA:', '1', '120', 'PKG', 'UNITS OF OLD AND USED DIGITAL MULTIFUNCTION DEVICE WITH ACCESSORIES', '38000.00', 'LB', '0', '103000668-01', '45G0', 0, '2', '2017-05-05 09:30:24', '2017-05-05 09:30:24'),
(6, 5, 'TBA:', '1', '120', 'PKG', 'UNITS OF OLD AND USED DIGITAL MULTIFUNCTION DEVICE WITH ACCESSORIES', '38000.00', 'LB', '0', '103000676-01', '45G0', 0, '3', '2017-05-08 09:20:54', '2017-05-08 09:17:19'),
(7, 6, 'TBA:', '1', '120', 'PKG', 'UNITS OF OLD AND USED DIGITAL MULTIFUNCTION DEVICE WITH ACCESSORIES', '38000.00', 'LB', '0', '103000677-01', '45G0', 0, '3', '2017-05-08 16:20:56', '2017-05-08 16:19:29'),
(8, 2, 'TBA:', '1', '120', 'PKG', 'UNITS OF OLD AND USED DIGITAL MULTIFUNCTION DEVICE WITH ACCESSORIES', '38000.00', 'LB', '0', '103000668-02', '45G0', 0, '2', '2017-05-05 09:30:24', '2017-05-05 09:30:24'),
(9, 2, 'TBA:', '1', '120', 'PKG', 'UNITS OF OLD AND USED DIGITAL MULTIFUNCTION DEVICE WITH ACCESSORIES', '38000.00', 'LB', '0', '103000668-04', '45G0', 0, '2', '2017-05-05 09:30:24', '2017-05-05 09:30:24'),
(10, 7, 'TBA:', '1', '120', 'PKG', 'UNITS OF OLD AND USED DIGITAL MULTIFUNCTION DEVICE WITH ACCESSORIES', '38000.00', 'LB', '0', '103000552-01', '45G0', 0, '3', '2017-05-11 06:13:53', '2017-05-04 09:23:01'),
(11, 8, 'TBA:', '1', '120', 'PKG', 'UNITS OF OLD AND USED DIGITAL MULTIFUNCTION DEVICE WITH ACCESSORIES', '38000.00', 'LB', '0', '103000870-01', '45G0', 0, '2', '2017-05-09 06:34:28', '2017-05-09 06:34:28'),
(12, 8, 'TBA:', '1', '120', 'PKG', 'UNITS OF OLD AND USED DIGITAL MULTIFUNCTION DEVICE WITH ACCESSORIES', '38000.00', 'LB', '0', '103000870-02', '45G0', 0, '2', '2017-05-09 06:34:28', '2017-05-09 06:34:28'),
(13, 9, 'TBA:', '1', '120', 'PKG', 'UNITS OF OLD AND USED DIGITAL MULTIFUNCTION DEVICE WITH ACCESSORIES', '38000.00', 'LB', '0', '103000100-02', '45G0', 0, '2', '2017-05-09 07:08:37', '2017-05-09 07:08:37'),
(14, 9, 'TBA:', '1', '120', 'PKG', 'UNITS OF OLD AND USED DIGITAL MULTIFUNCTION DEVICE WITH ACCESSORIES', '38000.00', 'LB', '0', '103000100-03', '45G0', 0, '2', '2017-05-10 10:14:01', '2017-05-10 10:14:01'),
(15, 9, 'TBA:', '1', '120', 'PKG', 'UNITS OF OLD AND USED DIGITAL MULTIFUNCTION DEVICE WITH ACCESSORIES', '38000.00', 'LB', '0', '103000100-04', '45G0', 0, '2', '2017-05-10 10:14:01', '2017-05-10 10:14:01'),
(16, 10, 'TBA:', '1', '120', 'PKG', 'UNITS OF OLD AND USED DIGITAL MULTIFUNCTION DEVICE WITH ACCESSORIES', '38000.00', 'LB', '0', '103000200-04', '45G0', 0, '3', '2017-05-04 06:51:16', '2017-05-04 06:38:58'),
(17, 11, 'TBA:', '1', '120', 'PKG', 'UNITS OF OLD AND USED DIGITAL MULTIFUNCTION DEVICE WITH ACCESSORIES', '38000.00', 'LB', '0', '103000201-01', '58A2', 0, '2', '2017-05-17 10:36:24', '2017-05-17 10:36:24'),
(18, 12, 'TBA:', '1', '120', 'PKG', 'UNITS OF OLD AND USED DIGITAL MULTIFUNCTION DEVICE WITH ACCESSORIES', '38000.00', 'LB', '0', '103000202-01', '58A2', 0, '2', '2017-05-10 10:14:48', '2017-05-10 10:14:48'),
(19, 13, 'TBA:', '1', '120', 'PKG', 'UNITS OF OLD AND USED DIGITAL MULTIFUNCTION DEVICE WITH ACCESSORIES', '38000.00', 'LB', '0', '103000203-01', '58A2', 0, '2', '2017-05-10 10:48:31', '2017-05-10 10:48:31'),
(20, 13, 'TBA:', '1', '120', 'PKG', 'UNITS OF OLD AND USED DIGITAL MULTIFUNCTION DEVICE WITH ACCESSORIES', '38000.00', 'LB', '0', '103000203-02', '58A2', 0, '2', '2017-05-10 10:48:31', '2017-05-10 10:48:31'),
(21, 13, 'TBA:', '1', '120', 'PKG', 'UNITS OF OLD AND USED DIGITAL MULTIFUNCTION DEVICE WITH ACCESSORIES', '38000.00', 'LB', '0', '103000203-03', '58A2', 0, '2', '2017-05-10 10:48:32', '2017-05-10 10:48:32'),
(22, 14, 'TBA:', '1', '120', 'PKG', 'UNITS OF OLD AND USED DIGITAL MULTIFUNCTION DEVICE WITH ACCESSORIES', '38000.00', 'LB', '0', '103000204-01', '58A2', 0, '1', '2017-04-21 12:41:55', '2017-04-20 11:47:16'),
(23, 15, 'TBA:', '1', '120', 'PKG', 'UNITS OF OLD AND USED DIGITAL MULTIFUNCTION DEVICE WITH ACCESSORIES', '38000.00', 'LB', '0', '103000205-01', '58A2', 0, '3', '2017-05-16 13:12:36', '2017-05-10 10:39:50'),
(24, 13, 'TBA:', '1', '120', 'PKG', 'UNITS OF OLD AND USED DIGITAL MULTIFUNCTION DEVICE WITH ACCESSORIES', '38000.00', 'LB', '0', '103000203-04', '28E4', 0, '2', '2017-05-10 10:48:32', '2017-05-10 10:48:32'),
(25, 14, 'TBA:', '1', '120', 'PKG', 'UNITS OF OLD AND USED DIGITAL MULTIFUNCTION DEVICE WITH ACCESSORIES', '38000.00', 'LB', '0', '103000204-05', '47E6', 0, '1', '2017-04-21 11:27:16', '2017-04-20 11:47:16'),
(26, 16, 'TBA:', '1', '120', 'PKG', 'UNITS OF OLD AND USED DIGITAL MULTIFUNCTION DEVICE WITH ACCESSORIES', '38000.00', 'LB', '0', '103000209-07', '37E5', 0, '1', '2017-04-21 11:27:16', '2017-04-20 11:50:08'),
(27, 17, 'TBA:', '1', '120', 'PKG', 'UNITS OF OLD AND USED DIGITAL MULTIFUNCTION DEVICE WITH ACCESSORIES', '38000.00', 'LB', '0', '103000207-01', '37E5', 0, '1', '2017-04-21 11:27:16', '2017-04-20 11:51:42'),
(28, 18, 'TBA:', '1', '120', 'PKG', 'UNITS OF OLD AND USED DIGITAL MULTIFUNCTION DEVICE WITH ACCESSORIES', '38000.00', 'LB', '0', '103000208-01', '37E5', 0, '1', '2017-04-21 11:27:16', '2017-04-20 11:55:17'),
(29, 19, 'TBA:', '1', '120', 'PKG', 'UNITS OF OLD AND USED DIGITAL MULTIFUNCTION DEVICE WITH ACCESSORIES', '38000.00', 'LB', '0', '103000210-01', '37E5', 0, '1', '2017-04-21 11:27:16', '2017-04-20 11:57:23'),
(30, 20, 'TBA:', '1', '120', 'PKG', 'UNITS OF OLD AND USED DIGITAL MULTIFUNCTION DEVICE WITH ACCESSORIES', '38000.00', 'LB', '0', '103000211-01', '37E5', 0, '1', '2017-04-21 11:27:16', '2017-04-20 11:59:33'),
(31, 21, 'TBA:', '1', '120', 'PKG', 'UNITS OF OLD AND USED DIGITAL MULTIFUNCTION DEVICE WITH ACCESSORIES', '38000.00', 'LB', '0', '103000212-01', '37E5', 0, '1', '2017-04-21 11:27:16', '2017-04-20 12:07:08'),
(32, 22, 'TBA:', '1', '120', 'PKG', 'UNITS OF OLD AND USED DIGITAL MULTIFUNCTION DEVICE WITH ACCESSORIES', '38000.00', 'LB', '0', '103000213-01', '37E5', 0, '1', '2017-04-21 11:27:16', '2017-04-20 12:09:05'),
(33, 23, 'TBA:', '1', '120', 'PKG', 'UNITS OF OLD AND USED DIGITAL MULTIFUNCTION DEVICE WITH ACCESSORIES', '38000.00', 'LB', '0', '103000214-01', '37E5', 0, '1', '2017-05-02 11:12:39', '2017-04-27 11:43:36'),
(34, 24, 'TBA:', '1', '120', 'PKG', 'UNITS OF OLD AND USED DIGITAL MULTIFUNCTION DEVICE WITH ACCESSORIES', '38000.00', 'LB', '0', '103000215-01', '37E5', 0, '1', '2017-04-21 11:27:16', '2017-04-20 12:22:52'),
(35, 25, 'TBA:', '1', '120', 'PKG', 'UNITS OF OLD AND USED DIGITAL MULTIFUNCTION DEVICE WITH ACCESSORIES', '38000.00', 'LB', '0', '103000216-01', '37E5', 0, '2', '2017-05-08 05:27:05', '2017-05-08 05:27:05'),
(36, 26, 'TBA:', '1', '120', 'PKG', 'UNITS OF OLD AND USED DIGITAL MULTIFUNCTION DEVICE WITH ACCESSORIES', '38000.00', 'LB', '0', '103000217-01', '37E5', 0, '1', '2017-04-24 06:49:32', '2017-04-24 03:48:41'),
(37, 27, 'TBA:', '1', '120', 'PKG', 'UNITS OF OLD AND USED DIGITAL MULTIFUNCTION DEVICE WITH ACCESSORIES', '38000.00', 'LB', '0', '103000218-01', '37E5', 0, '1', '2017-04-06 03:54:45', '2017-04-06 03:54:45'),
(38, 28, 'TBA:', '1', '120', 'PKG', 'UNITS OF OLD AND USED DIGITAL MULTIFUNCTION DEVICE WITH ACCESSORIES', '38000.00', 'LB', '0', '103000219-01', '37E5', 0, '1', '2017-05-04 05:42:03', '2017-05-03 03:44:19'),
(39, 29, 'TBA:', '1', '120', 'PKG', 'UNITS OF OLD AND USED DIGITAL MULTIFUNCTION DEVICE WITH ACCESSORIES', '38000.00', 'LB', '0', '103000220-01', '37E5', 0, '1', '2017-04-19 12:50:58', '2017-04-14 04:15:57'),
(40, 30, 'TBA:', '1', '120', 'PKG', 'UNITS OF OLD AND USED DIGITAL MULTIFUNCTION DEVICE WITH ACCESSORIES', '38000.00', 'LB', '0', '103000221-01', '37E5', 0, '1', '2017-04-19 12:50:58', '2017-04-17 05:50:25'),
(41, 31, 'TBA:', '1', '120', 'PKG', 'UNITS OF OLD AND USED DIGITAL MULTIFUNCTION DEVICE WITH ACCESSORIES', '38000.00', 'LB', '0', '103000222-01', '37E5', 0, '1', '2017-04-19 12:50:58', '2017-04-13 12:31:06'),
(42, 32, 'TBA:', '1', '120', 'PKG', 'UNITS OF OLD AND USED DIGITAL MULTIFUNCTION DEVICE WITH ACCESSORIES', '38000.00', 'LB', '0', '103000223-01', '37E5', 0, '1', '2017-04-19 12:50:58', '2017-04-13 11:57:59'),
(43, 33, 'TBA:', '1', '120', 'PKG', 'UNITS OF OLD AND USED DIGITAL MULTIFUNCTION DEVICE WITH ACCESSORIES', '38000.00', 'LB', '0', '103000224-01', '37E5', 0, '1', '2017-04-19 12:50:58', '2017-04-12 12:10:04'),
(44, 34, 'TBA:', '1', '120', 'PKG', 'UNITS OF OLD AND USED DIGITAL MULTIFUNCTION DEVICE WITH ACCESSORIES', '38000.00', 'LB', '0', '103000225-01', '37E5', 0, '1', '2017-04-19 12:50:58', '2017-04-12 12:09:35'),
(45, 35, 'TBA:', '1', '120', 'PKG', 'UNITS OF OLD AND USED DIGITAL MULTIFUNCTION DEVICE WITH ACCESSORIES', '38000.00', 'LB', '0', '103000226-01', '37E5', 0, '3', '2017-05-04 06:35:56', '2017-05-04 06:01:21'),
(46, 36, 'TBA:', '1', '120', 'PKG', 'UNITS OF OLD AND USED DIGITAL MULTIFUNCTION DEVICE WITH ACCESSORIES', '38000.00', 'LB', '0', '103000227-01', '37E5', 0, '1', '2017-04-19 12:50:58', '2017-04-12 12:08:29'),
(47, 37, 'TBA:', '1', '120', 'PKG', 'UNITS OF OLD AND USED DIGITAL MULTIFUNCTION DEVICE WITH ACCESSORIES', '38000.00', 'LB', '0', '103000228-01', '37E5', 0, '1', '2017-04-19 12:50:58', '2017-04-12 12:08:02'),
(48, 38, 'TBA:', '1', '120', 'PKG', 'UNITS OF OLD AND USED DIGITAL MULTIFUNCTION DEVICE WITH ACCESSORIES', '38000.00', 'LB', '0', '103000229-01', '37E5', 0, '1', '2017-04-19 12:50:58', '2017-04-12 12:07:35'),
(49, 39, 'TBA:', '1', '120', 'PKG', 'UNITS OF OLD AND USED DIGITAL MULTIFUNCTION DEVICE WITH ACCESSORIES', '38000.00', 'LB', '0', '103000230-01', '37E5', 0, '1', '2017-05-02 11:12:39', '2017-05-02 09:26:44'),
(50, 39, 'TBA:', '1', '120', 'PKG', 'UNITS OF OLD AND USED DIGITAL MULTIFUNCTION DEVICE WITH ACCESSORIES', '38000.00', 'LB', '0', '103000230-02', '37E5', 0, '1', '2017-05-02 11:12:39', '2017-05-02 07:31:20'),
(51, 39, 'TBA:', '1', '120', 'PKG', 'UNITS OF OLD AND USED DIGITAL MULTIFUNCTION DEVICE WITH ACCESSORIES', '38000.00', 'LB', '0', '103000230-03', '37E5', 0, '1', '2017-05-02 11:12:39', '2017-05-02 09:23:00'),
(52, 40, 'TBA:', '1', '120', 'PKG', 'UNITS OF OLD AND USED DIGITAL MULTIFUNCTION DEVICE WITH ACCESSORIES', '38000.00', 'LB', '0', '103000231-01', '37E5', 0, '2', '2017-05-10 07:12:28', '2017-05-10 07:12:28'),
(53, 40, 'TBA:', '1', '120', 'PKG', 'UNITS OF OLD AND USED DIGITAL MULTIFUNCTION DEVICE WITH ACCESSORIES', '38000.00', 'LB', '0', '103000231-02', '37E5', 0, '2', '2017-05-10 07:12:28', '2017-05-10 07:12:28'),
(54, 41, 'TBA:', '1', '120', 'PKG', 'UNITS OF OLD AND USED DIGITAL MULTIFUNCTION DEVICE WITH ACCESSORIES', '38000.00', 'LB', '0', '103000232-01', '37E5', 0, '1', '2017-05-02 11:12:39', '2017-05-02 06:22:36'),
(55, 41, 'TBA:', '1', '120', 'PKG', 'UNITS OF OLD AND USED DIGITAL MULTIFUNCTION DEVICE WITH ACCESSORIES', '38000.00', 'LB', '0', '103000232-02', '37E5', 0, '1', '2017-05-02 11:12:39', '2017-05-02 07:16:26'),
(56, 42, 'TBA:', '1', '120', 'PKG', 'UNITS OF OLD AND USED DIGITAL MULTIFUNCTION DEVICE WITH ACCESSORIES', '38000.00', 'LB', '0', '103000233-01', '37E5', 0, '1', '2017-05-04 05:42:03', '2017-05-03 04:55:35'),
(57, 42, 'TBA:', '1', '120', 'PKG', 'UNITS OF OLD AND USED DIGITAL MULTIFUNCTION DEVICE WITH ACCESSORIES', '38000.00', 'LB', '0', '103000233-02', '37E5', 0, '1', '2017-05-04 05:42:03', '2017-05-03 04:55:35'),
(58, 43, 'TBA:', '1', '120', 'PKG', 'UNITS OF OLD AND USED DIGITAL MULTIFUNCTION DEVICE WITH ACCESSORIES', '38000.00', 'LB', '0', '103000234-01', '37E5', 0, '2', '2017-05-12 07:49:41', '2017-05-12 07:49:41'),
(59, 43, 'TBA:', '1', '120', 'PKG', 'UNITS OF OLD AND USED DIGITAL MULTIFUNCTION DEVICE WITH ACCESSORIES', '38000.00', 'LB', '0', '103000234-02', '37E5', 0, '2', '2017-05-12 07:49:41', '2017-05-12 07:49:41'),
(60, 44, 'TBA:', '1', '120', 'PKG', 'UNITS OF OLD AND USED DIGITAL MULTIFUNCTION DEVICE WITH ACCESSORIES', '38000.00', 'LB', '0', '103000235-01', '37E5', 0, '2', '2017-05-15 05:36:29', '2017-05-15 05:36:29'),
(61, 44, 'TBA:', '1', '120', 'PKG', 'UNITS OF OLD AND USED DIGITAL MULTIFUNCTION DEVICE WITH ACCESSORIES', '38000.00', 'LB', '0', '103000235-02', '37E5', 0, '2', '2017-05-15 06:02:53', '2017-05-15 06:02:53'),
(62, 45, 'TBA:', '1', '120', 'PKG', 'UNITS OF OLD AND USED DIGITAL MULTIFUNCTION DEVICE WITH ACCESSORIES', '38000.00', 'LB', '0', '103000236-03', '37E5', 0, '2', '2017-05-12 04:48:28', '2017-05-12 04:48:28'),
(63, 46, 'TBA:', '1', '120', 'PKG', 'UNITS OF OLD AND USED DIGITAL MULTIFUNCTION DEVICE WITH ACCESSORIES', '38000.00', 'LB', '0', '103000237-01', '37E5', 0, '2', '2017-05-11 06:17:04', '2017-05-11 06:17:04'),
(64, 47, 'TBA:', '1', '120', 'PKG', 'UNITS OF OLD AND USED DIGITAL MULTIFUNCTION DEVICE WITH ACCESSORIES', '38000.00', 'LB', '0', '103000238-01', '37E5', 0, '2', '2017-05-04 09:34:10', '2017-05-04 09:34:10'),
(65, 48, 'TBA:', '1', '120', 'PKG', 'UNITS OF OLD AND USED DIGITAL MULTIFUNCTION DEVICE WITH ACCESSORIES', '38000.00', 'LB', '0', '103000290:01', '37E5', 0, '1', '2017-04-21 12:41:55', '2017-04-21 12:25:23'),
(66, 49, 'TBA:', '1', '120', 'PKG', 'UNITS OF OLD AND USED DIGITAL MULTIFUNCTION DEVICE WITH ACCESSORIES', '38000.00', 'LB', '0', '103000290:01', '37E5', 0, '1', '2017-04-21 11:27:16', '2017-04-19 13:06:53'),
(67, 50, 'TBA:', '1', '120', 'PKG', 'UNITS OF OLD AND USED DIGITAL MULTIFUNCTION DEVICE WITH ACCESSORIES', '38000.00', 'LB', '0', '103000675-01', '45G0', 0, '1', '2017-05-04 05:42:03', '2017-05-03 04:25:29'),
(68, 51, 'TBA:', '1', '120', 'PKG', 'UNITS OF OLD AND USED DIGITAL MULTIFUNCTION DEVICE WITH ACCESSORIES', '38000.00', 'LB', '0', '103000678-01', '45G0', 0, '3', '2017-05-04 07:35:08', '2017-05-04 07:34:38'),
(69, 52, 'TBA:', '1', '120', 'PKG', 'UNITS OF OLD AND USED DIGITAL MULTIFUNCTION DEVICE WITH ACCESSORIES', '38000.00', 'LB', '0', '103000680-01', '45G0', 0, '2', '2017-05-04 07:32:06', '2017-05-04 07:32:06');

-- --------------------------------------------------------

--
-- Table structure for table `order_tracking`
--

CREATE TABLE `order_tracking` (
  `id` int(11) NOT NULL,
  `order_id` int(11) NOT NULL,
  `package_id` int(11) NOT NULL,
  `user_id` int(11) NOT NULL,
  `tracking_description` text NOT NULL,
  `third_party_status` varchar(255) NOT NULL,
  `third_party_status_date` datetime NOT NULL,
  `latitude` varchar(255) NOT NULL,
  `longitude` varchar(255) NOT NULL,
  `location` text NOT NULL,
  `zip` varchar(255) NOT NULL,
  `city` varchar(255) NOT NULL,
  `state` varchar(255) NOT NULL,
  `country` varchar(255) NOT NULL,
  `status` int(11) NOT NULL,
  `customer_signature` varchar(255) NOT NULL,
  `created` timestamp NOT NULL DEFAULT CURRENT_TIMESTAMP ON UPDATE CURRENT_TIMESTAMP,
  `modified` timestamp NOT NULL DEFAULT '0000-00-00 00:00:00'
) ENGINE=InnoDB DEFAULT CHARSET=latin1;

--
-- Dumping data for table `order_tracking`
--

INSERT INTO `order_tracking` (`id`, `order_id`, `package_id`, `user_id`, `tracking_description`, `third_party_status`, `third_party_status_date`, `latitude`, `longitude`, `location`, `zip`, `city`, `state`, `country`, `status`, `customer_signature`, `created`, `modified`) VALUES
(1, 35, 45, 176, 'Order has been picked up from client location', '', '0000-00-00 00:00:00', '30.7086614', '76.7021744', 'E-37, Phase 8, Industrial Area, Sahibzada Ajit Singh Nagar, Punjab 160071, India', '160071', 'SAS Nagar', 'Punjab', 'India', 1, '', '2017-05-04 06:35:10', '2017-05-04 06:35:10'),
(2, 35, 45, 176, 'Order has been picked up from client location', '', '0000-00-00 00:00:00', '30.708438', '76.702034', 'E-37, Phase 8, Industrial Area, Sahibzada Ajit Singh Nagar, Punjab 160071, India', '160071', 'SAS Nagar', 'Punjab', 'India', 1, '', '2017-05-04 06:35:24', '2017-05-04 06:35:24'),
(3, 35, 45, 176, 'Order has been drop off', '', '0000-00-00 00:00:00', '30.7086614', '76.7021744', 'E-37, Phase 8, Industrial Area, Sahibzada Ajit Singh Nagar, Punjab 160071, India', '160071', 'SAS Nagar', 'Punjab', 'India', 2, '', '2017-05-04 06:35:39', '2017-05-04 06:35:39'),
(4, 35, 45, 176, 'Order has been delivered', '', '0000-00-00 00:00:00', '30.7086614', '76.7021744', 'E-37, Phase 8, Industrial Area, Sahibzada Ajit Singh Nagar, Punjab 160071, India', '160071', 'SAS Nagar', 'Punjab', 'India', 4, 'YoSRKjXQfAsbXAt.jpg', '2017-05-04 06:35:57', '2017-05-04 06:35:57'),
(5, 10, 16, 226, 'Order has been picked up from client location', '', '0000-00-00 00:00:00', '30.7086614', '76.7021744', 'E-37, Phase 8, Industrial Area, Sahibzada Ajit Singh Nagar, Punjab 160071, India', '160071', 'SAS Nagar', 'Punjab', 'India', 1, '', '2017-05-04 06:39:10', '2017-05-04 06:39:10'),
(6, 10, 16, 226, 'Order has been drop off', '', '0000-00-00 00:00:00', '30.7086614', '76.7021744', 'E-37, Phase 8, Industrial Area, Sahibzada Ajit Singh Nagar, Punjab 160071, India', '160071', 'SAS Nagar', 'Punjab', 'India', 2, '', '2017-05-04 06:50:51', '2017-05-04 06:50:51'),
(7, 10, 16, 226, 'Order has been delivered', '', '0000-00-00 00:00:00', '30.7086614', '76.7021744', 'E-37, Phase 8, Industrial Area, Sahibzada Ajit Singh Nagar, Punjab 160071, India', '160071', 'SAS Nagar', 'Punjab', 'India', 4, 'z6nCPJQjOGDoMbE.jpg', '2017-05-04 06:51:16', '2017-05-04 06:51:16'),
(8, 51, 68, 1, 'Delivered', 'DL', '2017-04-01 00:00:00', '', '', 'ISTANBUL  Turkey', '', '', '', '', 0, '', '2017-05-04 07:35:08', '2017-05-04 07:35:08'),
(9, 51, 68, 1, 'On FedEx vehicle for delivery', 'OD', '2017-04-01 00:00:00', '', '', 'ISTANBUL  Turkey', '', '', '', '', 0, '', '2017-05-04 07:35:08', '2017-05-04 07:35:08'),
(10, 51, 68, 1, 'At local FedEx facility', 'AF', '2017-03-27 00:00:00', '', '', 'MARKHAM ON Canada', '', '', '', '', 0, '', '2017-05-04 07:35:08', '2017-05-04 07:35:08'),
(11, 1, 1, 176, 'Order has been picked up from client location', '', '0000-00-00 00:00:00', '30.708495', '76.702244', 'E-37, Phase 8, Industrial Area, Sahibzada Ajit Singh Nagar, Punjab 160071, India', '160071', 'SAS Nagar', 'Punjab', 'India', 1, '', '2017-05-05 05:05:08', '2017-05-05 05:05:08'),
(12, 1, 1, 176, 'Order has been delivered', '', '0000-00-00 00:00:00', '30.708459', '76.702259', 'E-37, Phase 8, Industrial Area, Sahibzada Ajit Singh Nagar, Punjab 160071, India', '160071', 'SAS Nagar', 'Punjab', 'India', 4, 'VrnsQl78G4CXwIw.jpg', '2017-05-05 05:05:47', '2017-05-05 05:05:47'),
(13, 25, 35, 173, 'Order has been picked up from client location', '', '0000-00-00 00:00:00', '30.708477', '76.702260', 'E-37, Phase 8, Industrial Area, Sahibzada Ajit Singh Nagar, Punjab 160071, India', '160071', 'SAS Nagar', 'Punjab', 'India', 1, '', '2017-05-08 05:37:38', '2017-05-08 05:37:38'),
(14, 47, 64, 173, 'Order has been picked up from client location', '', '0000-00-00 00:00:00', '28.6544346', '77.16888', '76, Munshi Ram Sethi Marg, Block 22, West Patel Nagar, Patel Nagar, New Delhi, Delhi 110008, India', '110008', 'New Delhi', 'Delhi', 'India', 1, '', '2017-05-08 07:35:52', '2017-05-08 07:35:52'),
(15, 47, 64, 173, 'Order has been picked up from client location', '', '0000-00-00 00:00:00', '28.6544346', '77.16888', '76, Munshi Ram Sethi Marg, Block 22, West Patel Nagar, Patel Nagar, New Delhi, Delhi 110008, India', '110008', 'New Delhi', 'Delhi', 'India', 1, '', '2017-05-08 07:39:06', '2017-05-08 07:39:06'),
(16, 47, 64, 173, 'Order has been drop off', '', '0000-00-00 00:00:00', '30.7086032', '76.7020391', 'E-37, Phase 8, Industrial Area, Sahibzada Ajit Singh Nagar, Punjab 160071, India', '160071', 'SAS Nagar', 'Punjab', 'India', 2, '', '2017-05-08 08:51:04', '2017-05-08 08:51:04'),
(17, 5, 6, 176, 'Order has been picked up from client location', '', '0000-00-00 00:00:00', '30.7086614', '76.7021744', 'E-37, Phase 8, Industrial Area, Sahibzada Ajit Singh Nagar, Punjab 160071, India', '160071', 'SAS Nagar', 'Punjab', 'India', 1, '', '2017-05-08 09:19:41', '2017-05-08 09:19:41'),
(18, 5, 6, 176, 'Order has been drop off', '', '0000-00-00 00:00:00', '30.7086614', '76.7021744', 'E-37, Phase 8, Industrial Area, Sahibzada Ajit Singh Nagar, Punjab 160071, India', '160071', 'SAS Nagar', 'Punjab', 'India', 2, '', '2017-05-08 09:20:19', '2017-05-08 09:20:19'),
(19, 5, 6, 176, 'Order has been delivered', '', '0000-00-00 00:00:00', '30.7086614', '76.7021744', 'E-37, Phase 8, Industrial Area, Sahibzada Ajit Singh Nagar, Punjab 160071, India', '160071', 'SAS Nagar', 'Punjab', 'India', 4, 'RAWdyVlEPA5xwzR.jpg', '2017-05-08 09:20:59', '2017-05-08 09:20:59'),
(20, 7, 10, 176, 'Order has been picked up from client location', '', '0000-00-00 00:00:00', '30.708438', '76.702034', 'E-37, Phase 8, Industrial Area, Sahibzada Ajit Singh Nagar, Punjab 160071, India', '160071', 'SAS Nagar', 'Punjab', 'India', 1, '', '2017-05-08 09:46:42', '2017-05-08 09:46:42'),
(21, 7, 10, 176, 'Order has been drop off', '', '0000-00-00 00:00:00', '30.708438', '76.702034', 'E-37, Phase 8, Industrial Area, Sahibzada Ajit Singh Nagar, Punjab 160071, India', '160071', 'SAS Nagar', 'Punjab', 'India', 2, '', '2017-05-08 09:47:29', '2017-05-08 09:47:29'),
(22, 6, 7, 226, 'Order has been picked up from client location', '', '0000-00-00 00:00:00', '30.7085939', '76.7019489', 'E-37, Phase 8, Industrial Area, Sahibzada Ajit Singh Nagar, Punjab 160071, India', '160071', 'SAS Nagar', 'Punjab', 'India', 1, '', '2017-05-08 16:19:45', '2017-05-08 16:19:45'),
(23, 6, 7, 226, 'Order has been delivered', '', '0000-00-00 00:00:00', '30.7085939', '76.7019489', 'E-37, Phase 8, Industrial Area, Sahibzada Ajit Singh Nagar, Punjab 160071, India', '160071', 'SAS Nagar', 'Punjab', 'India', 4, '9LSSojMHzPEi5TS.jpg', '2017-05-08 16:21:01', '2017-05-08 16:21:01'),
(24, 15, 23, 176, 'Attempt of delivery but not delivered', '', '0000-00-00 00:00:00', '30.708438', '76.702034', 'E-37, Phase 8, Industrial Area, Sahibzada Ajit Singh Nagar, Punjab 160071, India', '160071', 'SAS Nagar', 'Punjab', 'India', 3, '', '2017-05-10 10:44:56', '2017-05-10 10:44:56'),
(25, 7, 10, 176, 'Order has been delivered', '', '0000-00-00 00:00:00', '30.708433', '76.702329', 'E-37, Phase 8, Industrial Area, Sahibzada Ajit Singh Nagar, Punjab 160071, India', '160071', 'SAS Nagar', 'Punjab', 'India', 4, 'wklzHpn9lwicrBy.jpg', '2017-05-11 06:13:58', '2017-05-11 06:13:58'),
(26, 43, 58, 243, 'Order has been picked up from client location', '', '0000-00-00 00:00:00', '30.708650', '76.702215', 'E-37, Phase 8, Industrial Area, Sahibzada Ajit Singh Nagar, Punjab 160071, India', '160071', 'SAS Nagar', 'Punjab', 'India', 1, '', '2017-05-12 10:42:01', '2017-05-12 10:42:01'),
(27, 15, 23, 176, 'Order has been picked up from client location', '', '0000-00-00 00:00:00', '30.708438', '76.702034', 'E-37, Phase 8, Industrial Area, Sahibzada Ajit Singh Nagar, Punjab 160071, India', '160071', 'SAS Nagar', 'Punjab', 'India', 1, '', '2017-05-16 13:11:16', '2017-05-16 13:11:16'),
(28, 15, 23, 176, 'Order has been drop off', '', '0000-00-00 00:00:00', '30.708438', '76.702034', 'E-37, Phase 8, Industrial Area, Sahibzada Ajit Singh Nagar, Punjab 160071, India', '160071', 'SAS Nagar', 'Punjab', 'India', 2, '', '2017-05-16 13:11:50', '2017-05-16 13:11:50'),
(29, 15, 23, 176, 'Order has been delivered', '', '0000-00-00 00:00:00', '30.708438', '76.702034', 'E-37, Phase 8, Industrial Area, Sahibzada Ajit Singh Nagar, Punjab 160071, India', '160071', 'SAS Nagar', 'Punjab', 'India', 4, 'huRcxISkNlv0JGQ.jpg', '2017-05-16 13:12:37', '2017-05-16 13:12:37');

-- --------------------------------------------------------

--
-- Table structure for table `rbsk_teams`
--

CREATE TABLE `rbsk_teams` (
  `id` int(11) NOT NULL,
  `name` varchar(255) DEFAULT NULL,
  `region` int(90) DEFAULT NULL,
  `created_at` timestamp NULL DEFAULT CURRENT_TIMESTAMP
) ENGINE=InnoDB DEFAULT CHARSET=latin1;

--
-- Dumping data for table `rbsk_teams`
--

INSERT INTO `rbsk_teams` (`id`, `name`, `region`, `created_at`) VALUES
(1, 'T 85 PKL URBAN TEAM', NULL, '2017-06-01 01:16:59'),
(2, 'TEAM 84', NULL, '2017-06-01 01:17:01'),
(3, 'TEAM 83A', NULL, '2017-06-01 01:17:02'),
(4, 'T-87 MORNI', NULL, '2017-06-01 01:17:03'),
(5, 'TEAM 83', NULL, '2017-06-01 01:17:05');

-- --------------------------------------------------------

--
-- Table structure for table `roles`
--

CREATE TABLE `roles` (
  `id` int(11) NOT NULL,
  `slug` varchar(255) NOT NULL,
  `role` varchar(255) NOT NULL,
  `status` int(11) NOT NULL
) ENGINE=InnoDB DEFAULT CHARSET=latin1;

--
-- Dumping data for table `roles`
--

INSERT INTO `roles` (`id`, `slug`, `role`, `status`) VALUES
(1, 'super_admin', 'Super Admin', 1),
(2, 'po', 'PO/CDS', 2),
(3, 'cdpo', 'CDPO', 3),
(4, 'cmo', 'CMO', 1),
(5, 'deputy_cmo_rbsk', 'Deputy CMO  RBSK', 1),
(6, 'adc', 'ADC', 1),
(7, 'dc', 'DC', 1);

-- --------------------------------------------------------

--
-- Table structure for table `role_permissions`
--

CREATE TABLE `role_permissions` (
  `id` int(11) NOT NULL,
  `role_id` int(11) NOT NULL,
  `module_name` varchar(255) NOT NULL,
  `view` int(11) NOT NULL,
  `add_edit` int(11) NOT NULL,
  `delete` int(11) NOT NULL
) ENGINE=InnoDB DEFAULT CHARSET=latin1;

-- --------------------------------------------------------

--
-- Table structure for table `sam_child`
--

CREATE TABLE `sam_child` (
  `id` int(11) NOT NULL,
  `data_children_id` int(11) DEFAULT NULL,
  `weight` varchar(90) DEFAULT NULL,
  `height` varchar(90) DEFAULT NULL,
  `upper_arm` varchar(90) DEFAULT NULL,
  `pedal_edema` varchar(50) DEFAULT NULL COMMENT 'Yes or No only',
  `worker_id` int(11) DEFAULT NULL,
  `sam_result_id` varchar(50) DEFAULT NULL,
  `created_at` timestamp NULL DEFAULT CURRENT_TIMESTAMP
) ENGINE=InnoDB DEFAULT CHARSET=latin1;

--
-- Dumping data for table `sam_child`
--

INSERT INTO `sam_child` (`id`, `data_children_id`, `weight`, `height`, `upper_arm`, `pedal_edema`, `worker_id`, `sam_result_id`, `created_at`) VALUES
(1, 1, '6.0', '50', '1', 'No', 16, '1SD', '2017-06-21 14:24:56'),
(2, 3, '7.0', '74', '1', 'No', 16, '2SD', '2017-06-21 14:25:26'),
(3, 3, '7.0', '81', '1', 'No', 16, '4SD', '2017-06-21 14:26:44'),
(4, 2, '7.6', '55', '1', 'No', 18, '1SD', '2017-06-21 14:30:50'),
(5, 4, '7.7', '80', '7', 'No', 18, '3SD', '2017-06-21 14:32:40');

-- --------------------------------------------------------

--
-- Table structure for table `sam_result`
--

CREATE TABLE `sam_result` (
  `id` int(11) NOT NULL,
  `name` varchar(90) DEFAULT NULL,
  `high_range` varchar(90) DEFAULT NULL,
  `low_range` varchar(90) DEFAULT NULL
) ENGINE=InnoDB DEFAULT CHARSET=latin1;

--
-- Dumping data for table `sam_result`
--

INSERT INTO `sam_result` (`id`, `name`, `high_range`, `low_range`) VALUES
(1, 'Moderate', '8', '4'),
(2, 'Normal', '12', '9');

-- --------------------------------------------------------

--
-- Table structure for table `saw_child`
--

CREATE TABLE `saw_child` (
  `id` int(11) NOT NULL,
  `data_children_id` int(11) DEFAULT NULL,
  `age` varchar(90) CHARACTER SET latin1 DEFAULT NULL,
  `weight` varchar(90) CHARACTER SET latin1 DEFAULT NULL,
  `saw_result_id` varchar(500) DEFAULT NULL,
  `worker_id` int(11) DEFAULT NULL,
  `created_at` timestamp NULL DEFAULT CURRENT_TIMESTAMP
) ENGINE=InnoDB DEFAULT CHARSET=utf8;

--
-- Dumping data for table `saw_child`
--

INSERT INTO `saw_child` (`id`, `data_children_id`, `age`, `weight`, `saw_result_id`, `worker_id`, `created_at`) VALUES
(1, 1, '21', '7.5', 'SUW', 9, '2017-06-21 14:15:40'),
(2, 3, '8', '9.5', 'NORMAL', 9, '2017-06-21 14:16:06'),
(3, 2, '10', '10.6', 'NORMAL', 17, '2017-06-21 14:16:12'),
(4, 4, '18', '8.8', 'MUW', 17, '2017-06-21 14:16:40'),
(5, 1, '21', '10.5', 'MUW', 9, '2017-06-21 14:23:10'),
(6, 4, '35', '9.8', 'SUW', 17, '2017-06-21 14:34:49'),
(7, 4, '39', '13.8', 'MUW', 17, '2017-06-21 14:35:35'),
(8, 1, '40', '20', 'NORMAL', 9, '2017-06-22 14:23:10');

-- --------------------------------------------------------

--
-- Table structure for table `saw_result`
--

CREATE TABLE `saw_result` (
  `id` int(11) NOT NULL,
  `name` varchar(90) DEFAULT NULL,
  `high_range` varchar(90) DEFAULT NULL,
  `low_range` varchar(90) DEFAULT NULL
) ENGINE=InnoDB DEFAULT CHARSET=latin1;

--
-- Dumping data for table `saw_result`
--

INSERT INTO `saw_result` (`id`, `name`, `high_range`, `low_range`) VALUES
(1, 'Moderate', '8', '4'),
(2, 'Normal', '12', '9');

-- --------------------------------------------------------

--
-- Table structure for table `settings`
--

CREATE TABLE `settings` (
  `id` int(11) NOT NULL,
  `site_title` varchar(255) NOT NULL,
  `site_owner_email` varchar(255) NOT NULL,
  `new_user_notification_email` varchar(255) NOT NULL,
  `input_text_limit` varchar(255) NOT NULL,
  `otp_message` text NOT NULL,
  `login_message` text NOT NULL,
  `fedex_access_key` varchar(255) NOT NULL,
  `fedex_password` varchar(255) NOT NULL,
  `fedex_account_number` varchar(255) NOT NULL,
  `fedex_meter_number` varchar(255) NOT NULL,
  `ups_access_code` varchar(255) NOT NULL,
  `ups_user_id` varchar(255) NOT NULL,
  `ups_password` varchar(255) NOT NULL,
  `twilio_sid` varchar(255) NOT NULL,
  `twilio_auth_token` varchar(255) NOT NULL,
  `created` timestamp NOT NULL DEFAULT CURRENT_TIMESTAMP ON UPDATE CURRENT_TIMESTAMP
) ENGINE=InnoDB DEFAULT CHARSET=latin1;

--
-- Dumping data for table `settings`
--

INSERT INTO `settings` (`id`, `site_title`, `site_owner_email`, `new_user_notification_email`, `input_text_limit`, `otp_message`, `login_message`, `fedex_access_key`, `fedex_password`, `fedex_account_number`, `fedex_meter_number`, `ups_access_code`, `ups_user_id`, `ups_password`, `twilio_sid`, `twilio_auth_token`, `created`) VALUES
(1, 'Chandiarh MC', 'info@sky2c.com', 'info@sky2c.com', '70', 'You have initiated for reset password on sky2c that needs an OTP. Never share it with anyone.The OTP is ', 'as login OTP. OTP is confidential. Sky2c never calls you asking for OTP. Never share it with anyone.', 'ZB8OKnGiWQyu8EYX', 'e9iM0wntdwpSbNdNhUBEfQSz6', '510087720', '118778822', '2D21A7373710C2C8', 'Sky2C38503', 'Newark@325', 'ACd0c204ac545cca1d7efc1eff31853ff0', '3c9521eafac2b68a697a67ee484a0298', '2017-08-28 12:33:19');

-- --------------------------------------------------------

--
-- Table structure for table `shipping_carriers`
--

CREATE TABLE `shipping_carriers` (
  `id` int(11) NOT NULL,
  `carrier_name` enum('fedex','ups','dhl','yrc','estes') NOT NULL,
  `phone` varchar(255) NOT NULL,
  `country_code` int(11) NOT NULL,
  `status` tinyint(2) NOT NULL DEFAULT '1',
  `created` timestamp NOT NULL DEFAULT CURRENT_TIMESTAMP ON UPDATE CURRENT_TIMESTAMP,
  `modified` timestamp NOT NULL DEFAULT '0000-00-00 00:00:00'
) ENGINE=InnoDB DEFAULT CHARSET=latin1;

--
-- Dumping data for table `shipping_carriers`
--

INSERT INTO `shipping_carriers` (`id`, `carrier_name`, `phone`, `country_code`, `status`, `created`, `modified`) VALUES
(1, 'fedex', '9998885550', 0, 1, '2017-05-11 04:53:59', '2017-05-11 04:53:59'),
(2, 'ups', '4521789630', 1, 1, '2017-04-04 12:10:49', '2017-03-30 06:33:55'),
(3, 'dhl', '5556664440', 1, 1, '2017-04-04 12:10:51', '2017-03-28 08:49:42'),
(4, 'yrc', '8523697410', 1, 1, '2017-04-04 12:10:54', '2017-03-30 06:35:52'),
(5, 'estes', '8523697411', 1, 1, '2017-04-13 09:32:00', '2017-04-13 09:32:00');

-- --------------------------------------------------------

--
-- Table structure for table `smtp_settings`
--

CREATE TABLE `smtp_settings` (
  `id` int(11) NOT NULL,
  `from_email` text NOT NULL,
  `from_name` text NOT NULL,
  `smtp_port` text NOT NULL,
  `smtp_secure` text NOT NULL,
  `smtp_auth` text NOT NULL,
  `smtp_host` text NOT NULL,
  `username` text NOT NULL,
  `password` text NOT NULL,
  `created` timestamp NOT NULL DEFAULT CURRENT_TIMESTAMP
) ENGINE=InnoDB DEFAULT CHARSET=latin1;

--
-- Dumping data for table `smtp_settings`
--

INSERT INTO `smtp_settings` (`id`, `from_email`, `from_name`, `smtp_port`, `smtp_secure`, `smtp_auth`, `smtp_host`, `username`, `password`, `created`) VALUES
(1, 'rahul.jain@mobilyte.com', 'Sky2c Frieght Systems Inc', '587', 'TLS', 'Yes', 'smtp.gmail.com', 'betasoftsystems.dummy@gmail.com', '@Password12', '2016-11-02 00:09:46');

-- --------------------------------------------------------

--
-- Table structure for table `status`
--

CREATE TABLE `status` (
  `id` int(11) NOT NULL,
  `title` enum('Open','Assigned','Unassigned','Completed','Active','Inactive') NOT NULL,
  `use_for` varchar(255) NOT NULL
) ENGINE=InnoDB DEFAULT CHARSET=latin1;

--
-- Dumping data for table `status`
--

INSERT INTO `status` (`id`, `title`, `use_for`) VALUES
(1, 'Open', 'order'),
(2, 'Assigned', 'order'),
(3, 'Unassigned', 'order'),
(4, 'Completed', 'order'),
(5, 'Active', 'common'),
(6, 'Inactive', 'common');

-- --------------------------------------------------------

--
-- Table structure for table `type_workers`
--

CREATE TABLE `type_workers` (
  `id` int(11) NOT NULL,
  `name` varchar(90) DEFAULT NULL,
  `description` text
) ENGINE=InnoDB DEFAULT CHARSET=latin1;

--
-- Dumping data for table `type_workers`
--

INSERT INTO `type_workers` (`id`, `name`, `description`) VALUES
(1, 'AWW', 'Anganwadi workers'),
(2, 'RBSK', 'RBSK doctors');

-- --------------------------------------------------------

--
-- Table structure for table `users`
--

CREATE TABLE `users` (
  `id` int(11) NOT NULL,
  `descartes_customer_id` varchar(255) DEFAULT NULL,
  `parent_id` int(11) DEFAULT NULL,
  `role` varchar(20) DEFAULT NULL,
  `name` varchar(255) DEFAULT NULL,
  `username` varchar(255) DEFAULT NULL,
  `email` varchar(250) DEFAULT NULL,
  `is_verified` tinyint(2) DEFAULT '0',
  `password` varchar(255) DEFAULT NULL,
  `new_pass_key` varchar(255) DEFAULT NULL,
  `new_password_requested` datetime DEFAULT NULL,
  `forgot_password_limit_exceeded` tinyint(2) DEFAULT NULL,
  `phone` varchar(20) DEFAULT NULL,
  `country_code` varchar(255) DEFAULT NULL,
  `OTP` varchar(255) DEFAULT NULL,
  `otp_requested` datetime DEFAULT NULL,
  `otp_limit_exceeded` int(11) DEFAULT '0',
  `profile_image` varchar(255) DEFAULT NULL,
  `status` int(2) DEFAULT NULL,
  `is_approved` tinyint(4) DEFAULT '0',
  `agreement_accept` enum('0','1') DEFAULT NULL COMMENT '1="Accept", 0 = "Not Accepted Yet" ',
  `created` datetime NOT NULL,
  `modified` datetime NOT NULL
) ENGINE=MyISAM DEFAULT CHARSET=latin1;

--
-- Dumping data for table `users`
--

INSERT INTO `users` (`id`, `descartes_customer_id`, `parent_id`, `role`, `name`, `username`, `email`, `is_verified`, `password`, `new_pass_key`, `new_password_requested`, `forgot_password_limit_exceeded`, `phone`, `country_code`, `OTP`, `otp_requested`, `otp_limit_exceeded`, `profile_image`, `status`, `is_approved`, `agreement_accept`, `created`, `modified`) VALUES
(1, '', 0, '1', 'Admin', 'admin', 'rahul.jain@mobilyte.com', 0, '$2y$10$KuKp1Z7HnCpQ1MKI6RYfhulqwRlG2RsfZVutyGC4Q04OtYir1kI5y', 'be8b6b837e6ac9b6c6b043b2ced891ee', '2017-04-07 04:26:30', 0, '1234010101', 'AD', '', NULL, 0, 'btrTBrxshZD3ocl.png', 1, 0, '0', '2017-02-08 00:00:00', '2017-05-31 11:49:44'),
(38, '', 1, '3', 'manjeet', 'Web User', 'agent1@yopmail.com', 0, '$2y$10$hLQeRSRlJ7izRy4h/QyGYOAMj2cNm7Ia4xvU2metZorTO8jiKuplO', '271079', '2017-03-07 05:10:33', 0, '1234567890', '0', '123456', '2017-03-02 05:57:02', 0, 'leC8sPZ27mZU22z.jpg', 1, 0, '1', '2017-02-17 15:16:06', '2017-03-07 05:10:09'),
(247, NULL, 1, '4', 'Vishal', 'vishaljaura', 'vishal.kumar@mobilyte.com', 0, '$2y$10$pfgrB6gJ1j/nLEuRsp56Q.wTEL8idR.VwsdQianAlIp2BZLCkOuAi', NULL, NULL, NULL, '6565986598', NULL, NULL, NULL, 0, NULL, 1, 0, NULL, '2017-05-24 10:11:53', '2017-08-30 07:45:08'),
(251, NULL, 1, '3', 'vishal', 'vjaura', '', 0, '$2y$10$S2.Yd0mGjpfEtbQ3Zb6kXe.EjRE3O3kyZd9Gt/1yJ86o/AfrG83Fe', NULL, NULL, NULL, '9898989898', NULL, NULL, NULL, 0, NULL, 1, 0, NULL, '2017-06-27 06:24:08', '2017-06-27 06:24:08');

-- --------------------------------------------------------

--
-- Table structure for table `user_details`
--

CREATE TABLE `user_details` (
  `id` int(11) NOT NULL,
  `user_id` int(11) NOT NULL,
  `document_title` varchar(255) NOT NULL,
  `document_number` varchar(255) NOT NULL,
  `scanned_image` varchar(255) NOT NULL,
  `expiary_date` date NOT NULL DEFAULT '0000-00-00',
  `issued_date` date NOT NULL DEFAULT '0000-00-00',
  `issued_by` varchar(255) NOT NULL,
  `status` int(11) NOT NULL,
  `created` timestamp NOT NULL DEFAULT '0000-00-00 00:00:00',
  `modified` timestamp NOT NULL DEFAULT '0000-00-00 00:00:00'
) ENGINE=InnoDB DEFAULT CHARSET=latin1;

--
-- Dumping data for table `user_details`
--

INSERT INTO `user_details` (`id`, `user_id`, `document_title`, `document_number`, `scanned_image`, `expiary_date`, `issued_date`, `issued_by`, `status`, `created`, `modified`) VALUES
(30, 39, 'Voter cards', 'VOTER-INDIA-03', 'MKgV55euljW1QW6.png', '2017-03-25', '2017-03-21', 'Punjab Govtt', 0, '2017-03-22 12:21:31', '2017-03-22 12:33:09'),
(32, 39, 'Voter card', 'VOTER-INDIA-03', 'Tk7oTImH27teNwR.png', '2017-03-25', '2017-03-21', 'Punjab Govtt', 0, '2017-03-22 12:24:58', '2017-03-22 12:24:58'),
(38, 156, 'hsjjsjsjs', 'jsisizi1333', 'OqvgXQfLZAnpGAV.jpg', '2017-03-01', '2017-03-31', 'hsjsjsj', 0, '2017-03-23 11:05:58', '2017-03-23 12:39:26'),
(39, 157, 'ghjj', 'ghjjh67788', '', '2017-03-31', '2017-05-24', 'ghsj', 0, '2017-03-23 12:21:29', '2017-03-23 12:21:29'),
(41, 153, 'hjj', 'ghk', 'FYUe3dvmYcC0sJb.jpg', '2017-03-30', '2017-03-08', 'th', 0, '2017-03-24 10:13:08', '2017-03-24 10:13:08'),
(42, 161, 'ternary', '514774747474', 'X3Y98n6fFsFw4lk.jpg', '2017-03-15', '2015-07-07', 'dcdls', 0, '2017-03-24 11:35:16', '2017-03-24 11:35:16'),
(44, 174, 'LICENCE COPY', '45AGTWEG4454', 'phqn9IM4tPd1cki.png', '2033-03-21', '2015-06-07', 'ROHIT DTDC', 0, '2017-03-27 11:36:40', '2017-03-29 11:44:25'),
(46, 178, 'DL', 'IND2017789654123', '', '2017-03-28', '2017-03-08', 'Haryana', 0, '2017-03-28 10:01:22', '2017-03-28 10:01:22'),
(47, 179, 'DL', 'INDHAr145236', '', '2017-04-17', '2017-04-03', 'Haryana Govt', 0, '2017-04-03 05:13:01', '2017-04-03 05:13:01'),
(49, 184, 'driver licence', 'hr-1234567890', 'CQne104LsU4PyZB.png', '2020-04-06', '2017-02-05', 'haryana govtt', 0, '2017-04-06 09:37:50', '2017-04-06 09:37:50'),
(57, 188, 'Licence', '9', '380HIxIDj3vKE51.jpg', '2017-04-28', '1999-04-21', 'dlca', 0, '2017-04-07 04:20:24', '2017-04-07 04:20:37'),
(59, 176, 'iosCer', '45345terg', '', '2017-04-07', '2006-04-19', 'ss', 0, '2017-04-07 09:57:20', '2017-04-20 08:03:08'),
(60, 99, 'ferytt', '23144rfff', '', '2017-04-26', '2012-02-06', 'dldlsc', 0, '2017-04-11 04:55:39', '2017-04-11 04:55:39'),
(61, 102, 'fred', 'lois2133', '', '2015-04-06', '2004-01-06', 'bluedart', 0, '2017-04-11 05:04:08', '2017-04-11 05:04:08'),
(62, 190, 'sshakery', '364wd44', '', '2017-12-12', '2017-04-04', 'fff', 0, '2017-04-11 06:12:29', '2017-04-11 06:12:29'),
(63, 187, 'ww', '33eee', '', '2017-04-17', '2003-02-04', 'dd', 0, '2017-04-11 10:43:17', '2017-04-11 10:43:17'),
(64, 194, 'dl', '3456', 'pJyx78Pp5U4yS8x.jpg', '2017-05-10', '2015-04-12', 'sfo', 0, '2017-04-13 00:38:29', '2017-04-13 00:38:29'),
(65, 197, 'hero', 'h32637', '', '2017-04-11', '2008-04-15', 'bjdfgj', 0, '2017-04-18 09:34:05', '2017-04-18 09:34:05'),
(66, 176, 'abac', 'dfsdf', 'rnRwEo51Qg7lVX6.png', '2017-05-06', '2017-05-03', 'dsdsf', 0, '2017-05-05 04:51:00', '2017-05-05 04:51:00'),
(67, 243, 'Laboris dolore fugit facere officia perferendis', '775', '', '2067-04-05', '2017-05-11', 'Dolore tenetur dolores ducimus illum minus dolore', 0, '2017-05-12 09:28:33', '2017-05-12 09:28:33');

-- --------------------------------------------------------

--
-- Table structure for table `user_logs`
--

CREATE TABLE `user_logs` (
  `id` int(11) NOT NULL,
  `order_id` int(11) NOT NULL,
  `package_id` int(11) NOT NULL,
  `notification_from` int(11) NOT NULL,
  `notification_to` int(11) NOT NULL,
  `description` text NOT NULL,
  `read_status` tinyint(4) NOT NULL DEFAULT '0',
  `notification_type` varchar(255) NOT NULL,
  `created_date` timestamp NOT NULL DEFAULT CURRENT_TIMESTAMP
) ENGINE=InnoDB DEFAULT CHARSET=latin1;

--
-- Dumping data for table `user_logs`
--

INSERT INTO `user_logs` (`id`, `order_id`, `package_id`, `notification_from`, `notification_to`, `description`, `read_status`, `notification_type`, `created_date`) VALUES
(1, 35, 45, 1, 173, 'New order has been asigned by Rahul Jain', 1, 'order', '2017-05-04 06:01:21'),
(2, 35, 45, 173, 176, 'New order has been assigned by Zeke', 1, 'order', '2017-05-04 06:01:56'),
(3, 35, 45, 176, 173, 'Order has been accepted by Wifi', 1, 'order', '2017-05-04 06:02:35'),
(4, 35, 0, 173, 176, 'New order has been assigned by Zeke', 1, 'order', '2017-05-04 06:34:54'),
(5, 35, 0, 173, 176, 'New order has been assigned by Zeke', 1, 'order', '2017-05-04 06:35:03'),
(6, 35, 0, 173, 176, 'New order has been assigned by Zeke', 1, 'order', '2017-05-04 06:35:11'),
(7, 35, 45, 176, 173, 'Order has been picked up from client location', 1, 'track', '2017-05-04 06:35:16'),
(8, 35, 45, 176, 173, 'Order has been picked up from client location', 1, 'track', '2017-05-04 06:35:25'),
(9, 35, 45, 176, 173, 'Order has been drop off', 1, 'track', '2017-05-04 06:35:40'),
(10, 35, 45, 176, 173, 'Order has been delivered', 1, 'track', '2017-05-04 06:35:58'),
(11, 10, 0, 1, 226, 'New order has been assigned by Rahul Jain', 1, 'order', '2017-05-04 06:38:58'),
(12, 10, 16, 226, 1, 'Order has been picked up from client location', 1, 'track', '2017-05-04 06:39:11'),
(13, 10, 16, 226, 1, 'Order has been drop off', 1, 'track', '2017-05-04 06:50:52'),
(14, 10, 16, 226, 1, 'Order has been delivered', 1, 'track', '2017-05-04 06:51:17'),
(15, 7, 10, 1, 173, 'New order has been asigned by Rahul Jain', 1, 'order', '2017-05-04 09:23:01'),
(16, 7, 10, 173, 176, 'New order has been assigned by Zeke', 1, 'order', '2017-05-04 09:23:33'),
(17, 47, 64, 1, 173, 'New order has been asigned by Rahul Jain', 1, 'order', '2017-05-04 09:34:10'),
(18, 7, 10, 176, 173, 'Order has been accepted by Wifi', 1, 'order', '2017-05-04 11:04:44'),
(19, 1, 1, 230, 173, 'New order has been asigned by Shyama', 1, 'order', '2017-05-05 04:44:13'),
(20, 1, 1, 173, 176, 'New order has been asigned by Zeke', 1, 'order', '2017-05-05 04:45:40'),
(21, 1, 1, 176, 173, 'Order has been Accepted by Wifi', 1, 'order', '2017-05-05 04:48:05'),
(22, 1, 0, 173, 176, 'New order has been assigned by Zeke', 1, 'order', '2017-05-05 05:04:51'),
(23, 1, 1, 176, 173, 'Order has been picked up from client location', 1, 'track', '2017-05-05 05:05:10'),
(24, 1, 1, 176, 173, 'Order has been delivered', 1, 'track', '2017-05-05 05:05:48'),
(25, 47, 64, 173, 173, 'New order has been assigned by Zeke', 1, 'order', '2017-05-05 08:18:22'),
(26, 2, 2, 1, 173, 'New order has been asigned by Rahul Jain', 1, 'order', '2017-05-05 09:30:24'),
(27, 2, 5, 1, 173, 'New order has been asigned by Rahul Jain', 1, 'order', '2017-05-05 09:30:24'),
(28, 2, 8, 1, 173, 'New order has been asigned by Rahul Jain', 1, 'order', '2017-05-05 09:30:24'),
(29, 2, 9, 1, 173, 'New order has been asigned by Rahul Jain', 1, 'order', '2017-05-05 09:30:24'),
(30, 25, 35, 1, 173, 'New order has been asigned by Rahul Jain', 1, 'order', '2017-05-08 05:27:05'),
(31, 25, 35, 173, 173, 'New order has been assigned by Zeke', 1, 'order', '2017-05-08 05:28:13'),
(32, 25, 0, 1, 173, 'New order has been assigned by Rahul Jain', 1, 'order', '2017-05-08 05:37:18'),
(33, 25, 35, 173, 173, 'Order has been picked up from client location', 1, 'track', '2017-05-08 05:37:39'),
(34, 47, 0, 1, 173, 'New order has been assigned by Rahul Jain', 1, 'order', '2017-05-08 07:35:43'),
(35, 47, 64, 173, 173, 'Order has been picked up from client location', 1, 'track', '2017-05-08 07:35:53'),
(36, 47, 0, 1, 173, 'New order has been assigned by Rahul Jain', 1, 'order', '2017-05-08 07:38:45'),
(37, 47, 64, 173, 173, 'Order has been picked up from client location', 1, 'track', '2017-05-08 07:39:12'),
(38, 47, 64, 173, 173, 'Order has been drop off', 1, 'track', '2017-05-08 08:51:09'),
(39, 5, 6, 1, 173, 'New order has been asigned by Rahul Jain', 1, 'order', '2017-05-08 09:17:19'),
(40, 5, 6, 173, 176, 'New order has been assigned by Zeke', 1, 'order', '2017-05-08 09:18:15'),
(41, 5, 6, 176, 173, 'Order has been accepted by Wifi', 1, 'order', '2017-05-08 09:18:48'),
(42, 5, 0, 173, 176, 'New order has been assigned by Zeke', 1, 'order', '2017-05-08 09:19:34'),
(43, 5, 6, 176, 173, 'Order has been picked up from client location', 1, 'track', '2017-05-08 09:19:43'),
(44, 5, 6, 176, 173, 'Order has been drop off', 1, 'track', '2017-05-08 09:20:20'),
(45, 5, 6, 176, 173, 'Order has been delivered', 1, 'track', '2017-05-08 09:21:00'),
(46, 7, 0, 173, 176, 'New order has been assigned by Zeke', 1, 'order', '2017-05-08 09:46:28'),
(47, 7, 10, 176, 173, 'Order has been picked up from client location', 1, 'track', '2017-05-08 09:46:44'),
(48, 7, 10, 176, 173, 'Order has been drop off', 1, 'track', '2017-05-08 09:47:31'),
(49, 2, 2, 173, 176, 'New order has been assigned by Zeke', 1, 'order', '2017-05-08 10:31:46'),
(50, 2, 5, 173, 176, 'New order has been assigned by Zeke', 1, 'order', '2017-05-08 10:32:40'),
(51, 2, 8, 173, 176, 'New order has been assigned by Zeke', 1, 'order', '2017-05-08 10:32:40'),
(52, 2, 9, 173, 176, 'New order has been assigned by Zeke', 1, 'order', '2017-05-08 10:32:40'),
(53, 2, 2, 176, 173, 'Order has been rejected by Wifi', 1, 'order', '2017-05-08 10:33:06'),
(54, 2, 5, 176, 173, 'Order has been rejected by Wifi', 1, 'order', '2017-05-08 10:33:06'),
(55, 2, 8, 176, 173, 'Order has been rejected by Wifi', 1, 'order', '2017-05-08 10:33:06'),
(56, 2, 9, 176, 173, 'Order has been rejected by Wifi', 1, 'order', '2017-05-08 10:33:06'),
(57, 6, 0, 1, 226, 'New order has been assigned by Rahul Jain', 1, 'order', '2017-05-08 16:19:29'),
(58, 6, 7, 226, 226, 'Order has been picked up from client location', 1, 'track', '2017-05-08 16:19:51'),
(59, 6, 7, 226, 226, 'Order has been delivered', 1, 'track', '2017-05-08 16:21:02'),
(60, 2, 2, 173, 173, 'New order has been assigned by Zeke', 1, 'order', '2017-05-09 06:33:31'),
(61, 2, 5, 173, 173, 'New order has been assigned by Zeke', 1, 'order', '2017-05-09 06:33:31'),
(62, 2, 8, 173, 173, 'New order has been assigned by Zeke', 1, 'order', '2017-05-09 06:33:31'),
(63, 2, 9, 173, 173, 'New order has been assigned by Zeke', 1, 'order', '2017-05-09 06:33:31'),
(64, 8, 11, 1, 173, 'New order has been asigned by Rahul Jain', 1, 'order', '2017-05-09 06:34:28'),
(65, 8, 12, 1, 173, 'New order has been asigned by Rahul Jain', 1, 'order', '2017-05-09 06:34:28'),
(66, 8, 11, 173, 173, 'New order has been assigned by Zeke', 1, 'order', '2017-05-09 06:35:09'),
(67, 8, 12, 173, 173, 'New order has been assigned by Zeke', 1, 'order', '2017-05-09 06:35:09'),
(68, 9, 13, 1, 173, 'New order has been asigned by Rahul Jain', 1, 'order', '2017-05-09 07:08:37'),
(69, 40, 52, 1, 173, 'New order has been asigned by Rahul Jain', 1, 'order', '2017-05-10 07:12:28'),
(70, 40, 53, 1, 173, 'New order has been asigned by Rahul Jain', 1, 'order', '2017-05-10 07:12:28'),
(71, 40, 52, 173, 176, 'New order has been asigned by Zeke', 1, 'order', '2017-05-10 07:13:24'),
(72, 40, 53, 173, 176, 'New order has been asigned by Zeke', 1, 'order', '2017-05-10 07:13:24'),
(73, 40, 52, 176, 173, 'Order has been accepted by Wifi', 1, 'order', '2017-05-10 07:13:48'),
(74, 40, 53, 176, 173, 'Order has been accepted by Wifi', 1, 'order', '2017-05-10 07:13:48'),
(75, 9, 13, 173, 176, 'New order has been assigned by Zeke', 1, 'order', '2017-05-10 08:08:49'),
(76, 9, 13, 176, 173, 'Order has been accepted by Wifi', 1, 'order', '2017-05-10 10:09:24'),
(77, 9, 14, 1, 173, 'New order has been asigned by Rahul Jain', 1, 'order', '2017-05-10 10:14:01'),
(78, 9, 15, 1, 173, 'New order has been asigned by Rahul Jain', 1, 'order', '2017-05-10 10:14:02'),
(79, 12, 18, 1, 173, 'New order has been asigned by Rahul Jain', 1, 'order', '2017-05-10 10:14:48'),
(80, 9, 14, 173, 176, 'New order has been assigned by Zeke', 1, 'order', '2017-05-10 10:15:22'),
(81, 9, 15, 173, 176, 'New order has been assigned by Zeke', 1, 'order', '2017-05-10 10:15:22'),
(82, 12, 18, 173, 176, 'New order has been assigned by Zeke', 1, 'order', '2017-05-10 10:34:10'),
(83, 12, 18, 176, 173, 'Order has been accepted by Wifi', 1, 'order', '2017-05-10 10:35:09'),
(84, 15, 23, 1, 173, 'New order has been asigned by Rahul Jain', 1, 'order', '2017-05-10 10:39:50'),
(85, 15, 23, 173, 176, 'New order has been assigned by Zeke', 1, 'order', '2017-05-10 10:40:26'),
(86, 15, 23, 176, 173, 'Order has been accepted by Wifi', 1, 'order', '2017-05-10 10:41:10'),
(87, 15, 23, 176, 173, 'Attempt of delivery but not delivered', 1, 'track', '2017-05-10 10:44:57'),
(88, 13, 19, 1, 173, 'New order has been asigned by Rahul Jain', 1, 'order', '2017-05-10 10:48:31'),
(89, 13, 20, 1, 173, 'New order has been asigned by Rahul Jain', 1, 'order', '2017-05-10 10:48:31'),
(90, 13, 21, 1, 173, 'New order has been asigned by Rahul Jain', 1, 'order', '2017-05-10 10:48:32'),
(91, 13, 24, 1, 173, 'New order has been asigned by Rahul Jain', 1, 'order', '2017-05-10 10:48:32'),
(92, 7, 10, 176, 173, 'Order has been delivered', 1, 'track', '2017-05-11 06:14:03'),
(93, 46, 63, 1, 173, 'New order has been asigned by Rahul Jain', 1, 'order', '2017-05-11 06:17:04'),
(94, 46, 63, 173, 176, 'New order has been asigned by Zeke', 1, 'order', '2017-05-11 06:18:06'),
(95, 46, 63, 176, 173, 'Order has been Accepted by Wifi', 1, 'order', '2017-05-11 06:19:34'),
(96, 45, 62, 1, 173, 'New order has been asigned by Rahul Jain', 1, 'order', '2017-05-12 04:48:28'),
(97, 43, 58, 1, 242, 'New order has been asigned by Rahul Jain', 1, 'order', '2017-05-12 07:49:41'),
(98, 43, 59, 1, 242, 'New order has been asigned by Rahul Jain', 1, 'order', '2017-05-12 07:49:41'),
(99, 43, 58, 242, 243, 'New order has been asigned by Yuvi', 1, 'order', '2017-05-12 09:29:20'),
(100, 43, 59, 242, 243, 'New order has been asigned by Yuvi', 1, 'order', '2017-05-12 09:29:20'),
(101, 43, 58, 243, 242, 'Order has been Accepted by Jerome Brady', 0, 'order', '2017-05-12 09:32:16'),
(102, 43, 0, 242, 243, 'New order has been assigned by Yuvi', 1, 'order', '2017-05-12 10:41:42'),
(103, 43, 58, 243, 242, 'Order has been picked up from client location', 0, 'track', '2017-05-12 10:42:07'),
(104, 9, 13, 176, 173, 'Order has been rejected by Wifi', 1, 'order', '2017-05-12 11:01:59'),
(105, 9, 14, 176, 173, 'Order has been rejected by Wifi', 1, 'order', '2017-05-12 11:01:59'),
(106, 9, 15, 176, 173, 'Order has been rejected by Wifi', 1, 'order', '2017-05-12 11:02:00'),
(107, 44, 60, 1, 173, 'New order has been asigned by Rahul Jain', 1, 'order', '2017-05-15 05:36:29'),
(108, 44, 61, 1, 102, 'New order has been asigned by Rahul Jain', 0, 'order', '2017-05-15 06:02:53'),
(109, 15, 0, 173, 176, 'New order has been assigned by Zeke', 1, 'order', '2017-05-16 13:10:58'),
(110, 15, 23, 176, 173, 'Order has been picked up from client location', 1, 'track', '2017-05-16 13:11:22'),
(111, 15, 23, 176, 173, 'Order has been drop off', 1, 'track', '2017-05-16 13:11:51'),
(112, 15, 23, 176, 173, 'Order has been delivered', 1, 'track', '2017-05-16 13:12:39'),
(113, 11, 17, 1, 173, 'New order has been asigned by Rahul Jain', 1, 'order', '2017-05-17 10:36:24'),
(114, 9, 14, 173, 176, 'New order has been asigned by Zeke', 1, 'order', '2017-05-17 12:28:16'),
(115, 9, 15, 173, 176, 'New order has been asigned by Zeke', 1, 'order', '2017-05-17 12:28:16'),
(116, 9, 13, 173, 176, 'New order has been assigned by Zeke', 1, 'order', '2017-05-19 10:16:35'),
(117, 9, 13, 173, 176, 'New order has been assigned by Zeke', 1, 'order', '2017-05-22 11:50:06'),
(118, 9, 13, 173, 176, 'New order has been assigned by Zeke', 1, 'order', '2017-05-22 11:50:46'),
(119, 9, 13, 173, 176, 'New order has been assigned by Zeke', 1, 'order', '2017-05-22 11:51:14'),
(120, 9, 13, 173, 176, 'New order has been assigned by Zeke', 1, 'order', '2017-05-22 11:51:36'),
(121, 9, 13, 173, 176, 'New order has been assigned by Zeke', 1, 'order', '2017-05-22 11:51:55'),
(122, 9, 13, 173, 176, 'New order has been assigned by Zeke', 1, 'order', '2017-05-22 11:52:36'),
(123, 9, 13, 173, 176, 'New order has been assigned by Zeke', 1, 'order', '2017-05-22 11:52:59'),
(124, 9, 13, 173, 176, 'New order has been assigned by Zeke', 1, 'order', '2017-05-22 11:53:29'),
(125, 9, 13, 176, 173, 'Order has been rejected by Wifi', 0, 'order', '2017-05-23 07:20:00'),
(126, 9, 14, 176, 173, 'Order has been rejected by Wifi', 0, 'order', '2017-05-23 07:20:00'),
(127, 9, 15, 176, 173, 'Order has been rejected by Wifi', 0, 'order', '2017-05-23 07:20:00'),
(128, 9, 14, 176, 173, 'Order has been rejected by Wifi', 0, 'order', '2017-05-23 07:20:00'),
(129, 9, 15, 176, 173, 'Order has been rejected by Wifi', 0, 'order', '2017-05-23 07:20:00');

-- --------------------------------------------------------

--
-- Table structure for table `user_settings`
--

CREATE TABLE `user_settings` (
  `id` int(11) NOT NULL,
  `users_id` int(11) NOT NULL,
  `email_notification` int(11) NOT NULL,
  `mobile_notification` int(11) NOT NULL,
  `created` timestamp NOT NULL DEFAULT CURRENT_TIMESTAMP ON UPDATE CURRENT_TIMESTAMP,
  `modified` timestamp NOT NULL DEFAULT '0000-00-00 00:00:00'
) ENGINE=InnoDB DEFAULT CHARSET=latin1;

-- --------------------------------------------------------

--
-- Table structure for table `workers`
--

CREATE TABLE `workers` (
  `id` int(11) NOT NULL,
  `name` varchar(90) DEFAULT NULL,
  `username` varchar(90) DEFAULT NULL,
  `password` varchar(90) DEFAULT NULL,
  `email` varchar(90) DEFAULT NULL,
  `phone` varchar(90) DEFAULT NULL,
  `anganwadi_id` int(11) DEFAULT NULL,
  `block_id` int(11) DEFAULT NULL,
  `rbsk_team_id` int(11) DEFAULT NULL,
  `type_worker_id` int(11) DEFAULT NULL,
  `status` varchar(90) DEFAULT NULL,
  `created` timestamp NULL DEFAULT CURRENT_TIMESTAMP
) ENGINE=InnoDB DEFAULT CHARSET=latin1;

--
-- Dumping data for table `workers`
--

INSERT INTO `workers` (`id`, `name`, `username`, `password`, `email`, `phone`, `anganwadi_id`, `block_id`, `rbsk_team_id`, `type_worker_id`, `status`, `created`) VALUES
(4, 'kulwinder', 'kulwinder1', '$2y$10$hLQeRSRlJ7izRy4h/QyGYOAMj2cNm7Ia4xvU2metZorTO8jiKuplO', 'kulwinder1@mobilyte.com', '9045612354', 294, NULL, 1, 2, '1', '2017-05-29 07:30:37'),
(5, 'Dheeraj', 'Gaur123', '$2y$10$3.W5k3bVFIIt9jE5R61oKOYGNUruQq8xqgW97uYalZxETZM749otO', 'dheeraj.gaur@mobilyte.com', '8283903870', NULL, 1, 1, 2, '1', '2017-05-30 08:01:15'),
(6, 'manjit', 'manjit', '$2y$10$snl.7zEExw2iInRE0DiC.uWPKIyz2YGfqlZonpmDR5de8wkvSZiwa', 'manjeet@mobilyte.com', '9898989898', 76, NULL, NULL, 1, '1', '2017-05-30 09:40:42'),
(7, 'manjitt', 'dr', '$2y$10$LYUSOWu5EZiIgH1s1UMq8.dyl1yJUNYS.j5CbFZoCrkRgm1PkZmbq', 'manjeet1@mobilyte.com', '5632897456', NULL, 1, 2, 2, '1', '2017-05-30 09:42:43'),
(8, 'vicky', 'jaura', '$2y$10$GlYC78CZvHTwt0wwRdrNn./YVrw7GtNXEmNwHkESLdNSKZUKpR0aS', 'vishaljaura183@gmail.com', '6598659865', NULL, NULL, 5, 2, '1', '2017-06-01 12:43:32'),
(9, 'vishalAw', 'vishalaw', '$2y$10$xmppZ2mHVaQE.fWau81M1.dclzrXHrtoYNkpojAtK/hMl21K4uQGK', 'vishaljaura@gmail.com', '6598659865', 243, NULL, NULL, 1, '1', '2017-06-01 12:46:44'),
(10, 'testworkerww', 'testworkeraww', '$2y$10$W4/GZEsDFtVK5WpOhBIYbO4D/yG07pKbdlWlC6vPtDh5pTSlDqpB6', 'betasoftsystems23@gmail.com', '9898989898', 70, NULL, 2, 1, '1', '2017-06-02 10:07:05'),
(11, 'testrbsk', 'rbsktest', '$2y$10$hKJxqKwx0a34.vTW.SdMSeSNfeFLboa5SSeEgOQs4jB6L4NQ1wPX6', 'rbsktest@gmail.com', '6598659865', NULL, NULL, 2, 2, '1', '2017-06-02 10:13:25'),
(12, 'Namrata', 'namrata_aww', '$2y$10$BcpXE7craXkyk4ogVqsEh.U6UByz0l0WJj.mNV4pgfnVAU/9/6Ov6', 'namrata.mehta@cmgga.ashoka.edu.in', '6598659865', 272, NULL, NULL, 1, '1', '2017-06-05 07:30:45'),
(13, 'Namrata', 'namrata_rbsk', '$2y$10$TNT6npy8QiRUC3tzF8Oll.sEWV56nrIZksrDXDvzuVJ903Mj81fI2', 'namrata@gmail.com', '5487986598', NULL, NULL, 5, 2, '1', '2017-06-05 07:43:27'),
(14, 'aman', 'amanaww', '$2y$10$0nbQAYLoz8mveZzYJjcDNORVrw1CO8sE1rZvrwN9QgehHcqPgJ.Ru', 'amanpal@mobilyte.com', '9898989898', 272, NULL, NULL, 1, '1', '2017-06-16 05:06:34'),
(15, 'amanpal', 'amanrbsk', '$2y$10$mtxRZjA5yxU8rnoj9rGdsem4CezOclE/7NsA9l2W/KEbwEP/6Omt6', 'amanrbsk@gmail.com', '6598659865', NULL, NULL, 5, 2, '1', '2017-06-16 05:08:01'),
(16, 'vicky', 'vishalrbsk', '$2y$10$g9Ojl8dzQ71IJN5OFOa/LOuzKMUILO67J.xVf/JabcbTu48kwgPIm', 'vickyjaura10@gmail.com', '9898989898', NULL, NULL, 5, 2, '1', '2017-06-16 07:12:19'),
(17, 'Sukhdev', 'sukdevaw', '$2y$10$K6knvuHaq.gNpNYAg9p4weIP9rKSZhQ6liZSIGaXXdTyaLGpzLI/S', 'sukhdev@mobilyte.com', '9865986598', 103, NULL, NULL, 1, '1', '2017-06-21 14:10:49'),
(18, 'sukdev', 'sukhdevrbsk', '$2y$10$HHQCq5PmZRyLQV9tfGDAee4x1QwASYZj9BYrd9Qa50nsfa6xDNura', 'sukhdev@yopmail.com', '6598659865', NULL, NULL, 2, 2, '1', '2017-06-21 14:11:49');

--
-- Indexes for dumped tables
--

--
-- Indexes for table `anganwadis`
--
ALTER TABLE `anganwadis`
  ADD PRIMARY KEY (`id`);

--
-- Indexes for table `api_requests`
--
ALTER TABLE `api_requests`
  ADD PRIMARY KEY (`id`);

--
-- Indexes for table `auth_keys`
--
ALTER TABLE `auth_keys`
  ADD PRIMARY KEY (`id`);

--
-- Indexes for table `blocks`
--
ALTER TABLE `blocks`
  ADD PRIMARY KEY (`id`);

--
-- Indexes for table `boys_saw_chart`
--
ALTER TABLE `boys_saw_chart`
  ADD PRIMARY KEY (`id`);

--
-- Indexes for table `boys_suw_chart`
--
ALTER TABLE `boys_suw_chart`
  ADD PRIMARY KEY (`id`);

--
-- Indexes for table `circles`
--
ALTER TABLE `circles`
  ADD PRIMARY KEY (`id`);

--
-- Indexes for table `cms_pages`
--
ALTER TABLE `cms_pages`
  ADD PRIMARY KEY (`id`);

--
-- Indexes for table `country_codes`
--
ALTER TABLE `country_codes`
  ADD PRIMARY KEY (`id`);

--
-- Indexes for table `data_children`
--
ALTER TABLE `data_children`
  ADD PRIMARY KEY (`id`);

--
-- Indexes for table `email_templates`
--
ALTER TABLE `email_templates`
  ADD PRIMARY KEY (`id`);

--
-- Indexes for table `girls_saw_chart`
--
ALTER TABLE `girls_saw_chart`
  ADD PRIMARY KEY (`id`);

--
-- Indexes for table `girls_suw_chart`
--
ALTER TABLE `girls_suw_chart`
  ADD PRIMARY KEY (`id`);

--
-- Indexes for table `notification`
--
ALTER TABLE `notification`
  ADD PRIMARY KEY (`id`);

--
-- Indexes for table `orders`
--
ALTER TABLE `orders`
  ADD PRIMARY KEY (`id`),
  ADD KEY `status` (`status`);

--
-- Indexes for table `order_assignments`
--
ALTER TABLE `order_assignments`
  ADD PRIMARY KEY (`id`),
  ADD KEY `user_id` (`assign_to`),
  ADD KEY `order_id` (`order_id`);

--
-- Indexes for table `order_assignment_logs`
--
ALTER TABLE `order_assignment_logs`
  ADD PRIMARY KEY (`id`);

--
-- Indexes for table `order_details`
--
ALTER TABLE `order_details`
  ADD PRIMARY KEY (`id`);

--
-- Indexes for table `order_locations`
--
ALTER TABLE `order_locations`
  ADD PRIMARY KEY (`id`);

--
-- Indexes for table `order_packages`
--
ALTER TABLE `order_packages`
  ADD PRIMARY KEY (`id`),
  ADD KEY `order_id` (`order_id`);

--
-- Indexes for table `order_tracking`
--
ALTER TABLE `order_tracking`
  ADD PRIMARY KEY (`id`),
  ADD KEY `order_id` (`order_id`),
  ADD KEY `user_id` (`user_id`);

--
-- Indexes for table `rbsk_teams`
--
ALTER TABLE `rbsk_teams`
  ADD PRIMARY KEY (`id`);

--
-- Indexes for table `roles`
--
ALTER TABLE `roles`
  ADD PRIMARY KEY (`id`),
  ADD KEY `status` (`status`),
  ADD KEY `status_2` (`status`);

--
-- Indexes for table `role_permissions`
--
ALTER TABLE `role_permissions`
  ADD PRIMARY KEY (`id`),
  ADD KEY `role_id` (`role_id`);

--
-- Indexes for table `sam_child`
--
ALTER TABLE `sam_child`
  ADD PRIMARY KEY (`id`);

--
-- Indexes for table `sam_result`
--
ALTER TABLE `sam_result`
  ADD PRIMARY KEY (`id`);

--
-- Indexes for table `saw_child`
--
ALTER TABLE `saw_child`
  ADD PRIMARY KEY (`id`);

--
-- Indexes for table `saw_result`
--
ALTER TABLE `saw_result`
  ADD PRIMARY KEY (`id`);

--
-- Indexes for table `settings`
--
ALTER TABLE `settings`
  ADD PRIMARY KEY (`id`);

--
-- Indexes for table `shipping_carriers`
--
ALTER TABLE `shipping_carriers`
  ADD PRIMARY KEY (`id`),
  ADD KEY `status` (`status`);

--
-- Indexes for table `smtp_settings`
--
ALTER TABLE `smtp_settings`
  ADD PRIMARY KEY (`id`);

--
-- Indexes for table `status`
--
ALTER TABLE `status`
  ADD PRIMARY KEY (`id`);

--
-- Indexes for table `type_workers`
--
ALTER TABLE `type_workers`
  ADD PRIMARY KEY (`id`);

--
-- Indexes for table `users`
--
ALTER TABLE `users`
  ADD PRIMARY KEY (`id`);

--
-- Indexes for table `user_details`
--
ALTER TABLE `user_details`
  ADD PRIMARY KEY (`id`),
  ADD KEY `user_id` (`user_id`),
  ADD KEY `status` (`status`);

--
-- Indexes for table `user_logs`
--
ALTER TABLE `user_logs`
  ADD PRIMARY KEY (`id`);

--
-- Indexes for table `user_settings`
--
ALTER TABLE `user_settings`
  ADD PRIMARY KEY (`id`),
  ADD KEY `customers_id` (`users_id`);

--
-- Indexes for table `workers`
--
ALTER TABLE `workers`
  ADD PRIMARY KEY (`id`);

--
-- AUTO_INCREMENT for dumped tables
--

--
-- AUTO_INCREMENT for table `anganwadis`
--
ALTER TABLE `anganwadis`
  MODIFY `id` int(11) NOT NULL AUTO_INCREMENT, AUTO_INCREMENT=536;
--
-- AUTO_INCREMENT for table `auth_keys`
--
ALTER TABLE `auth_keys`
  MODIFY `id` int(11) NOT NULL AUTO_INCREMENT, AUTO_INCREMENT=2;
--
-- AUTO_INCREMENT for table `blocks`
--
ALTER TABLE `blocks`
  MODIFY `id` int(11) NOT NULL AUTO_INCREMENT, AUTO_INCREMENT=5;
--
-- AUTO_INCREMENT for table `boys_saw_chart`
--
ALTER TABLE `boys_saw_chart`
  MODIFY `id` int(11) NOT NULL AUTO_INCREMENT, AUTO_INCREMENT=110;
--
-- AUTO_INCREMENT for table `boys_suw_chart`
--
ALTER TABLE `boys_suw_chart`
  MODIFY `id` int(11) NOT NULL AUTO_INCREMENT, AUTO_INCREMENT=62;
--
-- AUTO_INCREMENT for table `circles`
--
ALTER TABLE `circles`
  MODIFY `id` int(11) NOT NULL AUTO_INCREMENT, AUTO_INCREMENT=16;
--
-- AUTO_INCREMENT for table `cms_pages`
--
ALTER TABLE `cms_pages`
  MODIFY `id` int(11) NOT NULL AUTO_INCREMENT, AUTO_INCREMENT=2;
--
-- AUTO_INCREMENT for table `country_codes`
--
ALTER TABLE `country_codes`
  MODIFY `id` int(11) NOT NULL AUTO_INCREMENT, AUTO_INCREMENT=240;
--
-- AUTO_INCREMENT for table `data_children`
--
ALTER TABLE `data_children`
  MODIFY `id` int(11) NOT NULL AUTO_INCREMENT, AUTO_INCREMENT=7;
--
-- AUTO_INCREMENT for table `email_templates`
--
ALTER TABLE `email_templates`
  MODIFY `id` int(11) NOT NULL AUTO_INCREMENT, AUTO_INCREMENT=30;
--
-- AUTO_INCREMENT for table `girls_saw_chart`
--
ALTER TABLE `girls_saw_chart`
  MODIFY `id` int(11) NOT NULL AUTO_INCREMENT, AUTO_INCREMENT=77;
--
-- AUTO_INCREMENT for table `girls_suw_chart`
--
ALTER TABLE `girls_suw_chart`
  MODIFY `id` int(11) NOT NULL AUTO_INCREMENT, AUTO_INCREMENT=62;
--
-- AUTO_INCREMENT for table `notification`
--
ALTER TABLE `notification`
  MODIFY `id` int(11) NOT NULL AUTO_INCREMENT, AUTO_INCREMENT=381;
--
-- AUTO_INCREMENT for table `orders`
--
ALTER TABLE `orders`
  MODIFY `id` int(11) NOT NULL AUTO_INCREMENT, AUTO_INCREMENT=53;
--
-- AUTO_INCREMENT for table `order_assignments`
--
ALTER TABLE `order_assignments`
  MODIFY `id` int(11) NOT NULL AUTO_INCREMENT, AUTO_INCREMENT=37;
--
-- AUTO_INCREMENT for table `order_assignment_logs`
--
ALTER TABLE `order_assignment_logs`
  MODIFY `id` int(11) NOT NULL AUTO_INCREMENT, AUTO_INCREMENT=39;
--
-- AUTO_INCREMENT for table `order_details`
--
ALTER TABLE `order_details`
  MODIFY `id` int(11) NOT NULL AUTO_INCREMENT, AUTO_INCREMENT=313;
--
-- AUTO_INCREMENT for table `order_locations`
--
ALTER TABLE `order_locations`
  MODIFY `id` int(11) NOT NULL AUTO_INCREMENT, AUTO_INCREMENT=105;
--
-- AUTO_INCREMENT for table `order_packages`
--
ALTER TABLE `order_packages`
  MODIFY `id` int(11) NOT NULL AUTO_INCREMENT, AUTO_INCREMENT=70;
--
-- AUTO_INCREMENT for table `order_tracking`
--
ALTER TABLE `order_tracking`
  MODIFY `id` int(11) NOT NULL AUTO_INCREMENT, AUTO_INCREMENT=30;
--
-- AUTO_INCREMENT for table `rbsk_teams`
--
ALTER TABLE `rbsk_teams`
  MODIFY `id` int(11) NOT NULL AUTO_INCREMENT, AUTO_INCREMENT=6;
--
-- AUTO_INCREMENT for table `roles`
--
ALTER TABLE `roles`
  MODIFY `id` int(11) NOT NULL AUTO_INCREMENT, AUTO_INCREMENT=8;
--
-- AUTO_INCREMENT for table `role_permissions`
--
ALTER TABLE `role_permissions`
  MODIFY `id` int(11) NOT NULL AUTO_INCREMENT;
--
-- AUTO_INCREMENT for table `sam_child`
--
ALTER TABLE `sam_child`
  MODIFY `id` int(11) NOT NULL AUTO_INCREMENT, AUTO_INCREMENT=6;
--
-- AUTO_INCREMENT for table `sam_result`
--
ALTER TABLE `sam_result`
  MODIFY `id` int(11) NOT NULL AUTO_INCREMENT, AUTO_INCREMENT=3;
--
-- AUTO_INCREMENT for table `saw_child`
--
ALTER TABLE `saw_child`
  MODIFY `id` int(11) NOT NULL AUTO_INCREMENT, AUTO_INCREMENT=9;
--
-- AUTO_INCREMENT for table `saw_result`
--
ALTER TABLE `saw_result`
  MODIFY `id` int(11) NOT NULL AUTO_INCREMENT, AUTO_INCREMENT=3;
--
-- AUTO_INCREMENT for table `settings`
--
ALTER TABLE `settings`
  MODIFY `id` int(11) NOT NULL AUTO_INCREMENT, AUTO_INCREMENT=2;
--
-- AUTO_INCREMENT for table `shipping_carriers`
--
ALTER TABLE `shipping_carriers`
  MODIFY `id` int(11) NOT NULL AUTO_INCREMENT, AUTO_INCREMENT=6;
--
-- AUTO_INCREMENT for table `smtp_settings`
--
ALTER TABLE `smtp_settings`
  MODIFY `id` int(11) NOT NULL AUTO_INCREMENT, AUTO_INCREMENT=2;
--
-- AUTO_INCREMENT for table `status`
--
ALTER TABLE `status`
  MODIFY `id` int(11) NOT NULL AUTO_INCREMENT, AUTO_INCREMENT=7;
--
-- AUTO_INCREMENT for table `type_workers`
--
ALTER TABLE `type_workers`
  MODIFY `id` int(11) NOT NULL AUTO_INCREMENT, AUTO_INCREMENT=3;
--
-- AUTO_INCREMENT for table `users`
--
ALTER TABLE `users`
  MODIFY `id` int(11) NOT NULL AUTO_INCREMENT, AUTO_INCREMENT=252;
--
-- AUTO_INCREMENT for table `user_details`
--
ALTER TABLE `user_details`
  MODIFY `id` int(11) NOT NULL AUTO_INCREMENT, AUTO_INCREMENT=68;
--
-- AUTO_INCREMENT for table `user_logs`
--
ALTER TABLE `user_logs`
  MODIFY `id` int(11) NOT NULL AUTO_INCREMENT, AUTO_INCREMENT=130;
--
-- AUTO_INCREMENT for table `user_settings`
--
ALTER TABLE `user_settings`
  MODIFY `id` int(11) NOT NULL AUTO_INCREMENT;
--
-- AUTO_INCREMENT for table `workers`
--
ALTER TABLE `workers`
  MODIFY `id` int(11) NOT NULL AUTO_INCREMENT, AUTO_INCREMENT=19;
/*!40101 SET CHARACTER_SET_CLIENT=@OLD_CHARACTER_SET_CLIENT */;
/*!40101 SET CHARACTER_SET_RESULTS=@OLD_CHARACTER_SET_RESULTS */;
/*!40101 SET COLLATION_CONNECTION=@OLD_COLLATION_CONNECTION */;
